timestamp,hour_of_day,day_of_week,month,is_weekend,is_holiday,temperature_c,wind_speed_m_s,is_peak_hour,load_demand_kw
01-01-2025 00:00,0,2,1,0,1,12.17,2.75,0,17.95
01-01-2025 01:00,1,2,1,0,1,12.67,5.04,0,21.36
01-01-2025 02:00,2,2,1,0,1,10.5,2.63,0,24.62
01-01-2025 03:00,3,2,1,0,1,10.3,1.29,0,24.14
01-01-2025 04:00,4,2,1,0,1,7.41,2.34,0,26.48
01-01-2025 05:00,5,2,1,0,1,13.22,3.75,0,32.48
01-01-2025 06:00,6,2,1,0,1,12.43,3.03,0,41.87
01-01-2025 07:00,7,2,1,0,1,15.12,2.83,1,49.57
01-01-2025 08:00,8,2,1,0,1,16.31,4.5,1,55.67
01-01-2025 09:00,9,2,1,0,1,21.99,3.5,1,52.1
01-01-2025 10:00,10,2,1,0,1,23.69,3.09,0,44.55
01-01-2025 11:00,11,2,1,0,1,25.95,3.94,0,38.48
01-01-2025 12:00,12,2,1,0,1,26.5,3.82,0,34.9
01-01-2025 13:00,13,2,1,0,1,27.23,3.77,0,32.61
01-01-2025 14:00,14,2,1,0,1,25.16,3.44,0,28.01
01-01-2025 15:00,15,2,1,0,1,26.04,0.81,0,36.52
01-01-2025 16:00,16,2,1,0,1,27.92,3.87,0,49.4
01-01-2025 17:00,17,2,1,0,1,28.3,4.82,0,57.71
01-01-2025 18:00,18,2,1,0,1,28.07,4.76,1,72.16
01-01-2025 19:00,19,2,1,0,1,19.81,2.82,1,71.64
01-01-2025 20:00,20,2,1,0,1,23.9,1.61,1,68.21
01-01-2025 21:00,21,2,1,0,1,20.25,2.43,1,70.75
01-01-2025 22:00,22,2,1,0,1,18.28,4.9,0,57.89
01-01-2025 23:00,23,2,1,0,1,12.84,0.99,0,45.99
02-01-2025 00:00,0,3,1,0,0,13.58,7.24,0,29.69
02-01-2025 01:00,1,3,1,0,0,10.44,4.77,0,35.58
02-01-2025 02:00,2,3,1,0,0,12.46,4.11,0,26.14
02-01-2025 03:00,3,3,1,0,0,10.8,3.14,0,25.81
02-01-2025 04:00,4,3,1,0,0,7.87,5.34,0,36.67
02-01-2025 05:00,5,3,1,0,0,12.68,1.18,0,47.65
02-01-2025 06:00,6,3,1,0,0,15.01,5.04,0,52.52
02-01-2025 07:00,7,3,1,0,0,14.2,4.4,1,67.02
02-01-2025 08:00,8,3,1,0,0,17.52,3.44,1,68.2
02-01-2025 09:00,9,3,1,0,0,20.44,6.82,1,66.68
02-01-2025 10:00,10,3,1,0,0,22.41,7.24,0,54.88
02-01-2025 11:00,11,3,1,0,0,26.05,1.92,0,45.39
02-01-2025 12:00,12,3,1,0,0,27.4,2.75,0,48.55
02-01-2025 13:00,13,3,1,0,0,29.25,2.2,0,49.56
02-01-2025 14:00,14,3,1,0,0,31.66,3.12,0,48.86
02-01-2025 15:00,15,3,1,0,0,28.35,2.82,0,47.64
02-01-2025 16:00,16,3,1,0,0,28.14,4.12,0,57.54
02-01-2025 17:00,17,3,1,0,0,31.68,5.52,0,76.66
02-01-2025 18:00,18,3,1,0,0,27.04,3.9,1,76.52
02-01-2025 19:00,19,3,1,0,0,22.92,3.1,1,85.13
02-01-2025 20:00,20,3,1,0,0,22.7,0.52,1,85.77
02-01-2025 21:00,21,3,1,0,0,21.48,3.25,1,87.08
02-01-2025 22:00,22,3,1,0,0,16.21,2.44,0,77.77
02-01-2025 23:00,23,3,1,0,0,14.82,0.5,0,58.51
03-01-2025 00:00,0,4,1,0,0,11.75,2.76,0,32.09
03-01-2025 01:00,1,4,1,0,0,12.75,2.91,0,33.84
03-01-2025 02:00,2,4,1,0,0,11.12,2.93,0,30.58
03-01-2025 03:00,3,4,1,0,0,7.3,3.32,0,36.13
03-01-2025 04:00,4,4,1,0,0,8.57,2.64,0,38.14
03-01-2025 05:00,5,4,1,0,0,9.58,3.45,0,41.76
03-01-2025 06:00,6,4,1,0,0,12.63,6,0,57.49
03-01-2025 07:00,7,4,1,0,0,15.56,3.86,1,66.14
03-01-2025 08:00,8,4,1,0,0,17.37,6.43,1,74.89
03-01-2025 09:00,9,4,1,0,0,16.28,3.08,1,65.31
03-01-2025 10:00,10,4,1,0,0,24.43,3.5,0,55.85
03-01-2025 11:00,11,4,1,0,0,27.96,3.24,0,54.42
03-01-2025 12:00,12,4,1,0,0,28.61,1.74,0,47.73
03-01-2025 13:00,13,4,1,0,0,27.89,6.09,0,41.53
03-01-2025 14:00,14,4,1,0,0,29.26,6.27,0,44.88
03-01-2025 15:00,15,4,1,0,0,30.54,1.58,0,62
03-01-2025 16:00,16,4,1,0,0,29.42,0.5,0,59.87
03-01-2025 17:00,17,4,1,0,0,31.33,5.31,0,76.72
03-01-2025 18:00,18,4,1,0,0,23.89,4.59,1,78.64
03-01-2025 19:00,19,4,1,0,0,26.26,2.62,1,90.83
03-01-2025 20:00,20,4,1,0,0,22.05,1.87,1,93.11
03-01-2025 21:00,21,4,1,0,0,18.98,2.86,1,90.04
03-01-2025 22:00,22,4,1,0,0,17.32,3.52,0,70.51
03-01-2025 23:00,23,4,1,0,0,14.48,1.95,0,60.49
04-01-2025 00:00,0,5,1,1,0,15.03,3.7,0,22.47
04-01-2025 01:00,1,5,1,1,0,13.37,4.5,0,20.87
04-01-2025 02:00,2,5,1,1,0,11,0.97,0,23.53
04-01-2025 03:00,3,5,1,1,0,7.77,3.34,0,22.49
04-01-2025 04:00,4,5,1,1,0,11.38,2.61,0,29.76
04-01-2025 05:00,5,5,1,1,0,11.92,2.8,0,36.2
04-01-2025 06:00,6,5,1,1,0,13.83,5.37,0,43
04-01-2025 07:00,7,5,1,1,0,11.77,4.43,1,52.49
04-01-2025 08:00,8,5,1,1,0,15.03,0.5,1,51.01
04-01-2025 09:00,9,5,1,1,0,20.94,1.5,1,59.3
04-01-2025 10:00,10,5,1,1,0,22.19,2.24,0,49.22
04-01-2025 11:00,11,5,1,1,0,23.24,3.4,0,33.74
04-01-2025 12:00,12,5,1,1,0,28.79,3.19,0,40.72
04-01-2025 13:00,13,5,1,1,0,28.1,3.45,0,37.51
04-01-2025 14:00,14,5,1,1,0,27.18,3.11,0,39.58
04-01-2025 15:00,15,5,1,1,0,27.15,3.86,0,39.36
04-01-2025 16:00,16,5,1,1,0,28.27,4.29,0,49.96
04-01-2025 17:00,17,5,1,1,0,26.31,2.98,0,52.75
04-01-2025 18:00,18,5,1,1,0,24.64,2.94,1,59.47
04-01-2025 19:00,19,5,1,1,0,22.29,1.87,1,71.54
04-01-2025 20:00,20,5,1,1,0,22.31,3.82,1,72.14
04-01-2025 21:00,21,5,1,1,0,21.39,3.26,1,66.95
04-01-2025 22:00,22,5,1,1,0,18.59,2.83,0,62.51
04-01-2025 23:00,23,5,1,1,0,14.02,3.83,0,51.31
05-01-2025 00:00,0,6,1,1,0,12.55,4.26,0,25.2
05-01-2025 01:00,1,6,1,1,0,12.66,3.46,0,22.71
05-01-2025 02:00,2,6,1,1,0,6.47,3.06,0,28.17
05-01-2025 03:00,3,6,1,1,0,10.91,3.51,0,24.12
05-01-2025 04:00,4,6,1,1,0,10.35,2.64,0,29.17
05-01-2025 05:00,5,6,1,1,0,12.85,2.06,0,32.76
05-01-2025 06:00,6,6,1,1,0,11.82,3.92,0,46.2
05-01-2025 07:00,7,6,1,1,0,16.28,1.34,1,51.22
05-01-2025 08:00,8,6,1,1,0,18.67,3.68,1,60.95
05-01-2025 09:00,9,6,1,1,0,17.42,0.58,1,49.23
05-01-2025 10:00,10,6,1,1,0,24.29,4.62,0,42.98
05-01-2025 11:00,11,6,1,1,0,24.1,3.03,0,34.53
05-01-2025 12:00,12,6,1,1,0,26.67,1.82,0,36.73
05-01-2025 13:00,13,6,1,1,0,26.12,2.9,0,32.23
05-01-2025 14:00,14,6,1,1,0,33.79,0.66,0,52.03
05-01-2025 15:00,15,6,1,1,0,29.51,2.88,0,40.71
05-01-2025 16:00,16,6,1,1,0,31.34,4.63,0,49.89
05-01-2025 17:00,17,6,1,1,0,28.7,3.49,0,56.5
05-01-2025 18:00,18,6,1,1,0,26.31,4.14,1,65.47
05-01-2025 19:00,19,6,1,1,0,28.3,4.91,1,78.19
05-01-2025 20:00,20,6,1,1,0,21.94,0.59,1,68.36
05-01-2025 21:00,21,6,1,1,0,19.99,3.41,1,66.07
05-01-2025 22:00,22,6,1,1,0,19.78,4.77,0,56.91
05-01-2025 23:00,23,6,1,1,0,12.05,5.36,0,42.28
06-01-2025 00:00,0,0,1,0,0,11.25,4.82,0,26.6
06-01-2025 01:00,1,0,1,0,0,7.65,4.42,0,33.71
06-01-2025 02:00,2,0,1,0,0,9.91,3.75,0,26.28
06-01-2025 03:00,3,0,1,0,0,11.64,5.65,0,27.93
06-01-2025 04:00,4,0,1,0,0,8.51,3.95,0,37.58
06-01-2025 05:00,5,0,1,0,0,10.76,3.31,0,42.52
06-01-2025 06:00,6,0,1,0,0,14.97,4.08,0,53.89
06-01-2025 07:00,7,0,1,0,0,17.66,5.34,1,66.09
06-01-2025 08:00,8,0,1,0,0,17.81,3.97,1,64.82
06-01-2025 09:00,9,0,1,0,0,18.35,2.63,1,66.68
06-01-2025 10:00,10,0,1,0,0,22.5,1.87,0,54.24
06-01-2025 11:00,11,0,1,0,0,22.57,3.11,0,46.44
06-01-2025 12:00,12,0,1,0,0,28.98,0.5,0,44.93
06-01-2025 13:00,13,0,1,0,0,33.63,3.58,0,55.56
06-01-2025 14:00,14,0,1,0,0,27.83,3.39,0,48.13
06-01-2025 15:00,15,0,1,0,0,28.24,6.18,0,44.65
06-01-2025 16:00,16,0,1,0,0,28.77,3.05,0,64.5
06-01-2025 17:00,17,0,1,0,0,27.45,1.3,0,67.49
06-01-2025 18:00,18,0,1,0,0,25.52,3.63,1,80.39
06-01-2025 19:00,19,0,1,0,0,23.97,4.56,1,83.5
06-01-2025 20:00,20,0,1,0,0,25.78,3.81,1,94.47
06-01-2025 21:00,21,0,1,0,0,21.24,3.56,1,86.2
06-01-2025 22:00,22,0,1,0,0,17.97,1.41,0,74.66
06-01-2025 23:00,23,0,1,0,0,14.62,1.7,0,62.2
07-01-2025 00:00,0,1,1,0,0,14.53,1.27,0,27.74
07-01-2025 01:00,1,1,1,0,0,12.56,6.71,0,31.83
07-01-2025 02:00,2,1,1,0,0,12,5.35,0,29.77
07-01-2025 03:00,3,1,1,0,0,9.89,3.43,0,36.06
07-01-2025 04:00,4,1,1,0,0,8.79,4.11,0,36.94
07-01-2025 05:00,5,1,1,0,0,13.21,4.59,0,36.97
07-01-2025 06:00,6,1,1,0,0,15.24,0.77,0,49.7
07-01-2025 07:00,7,1,1,0,0,10.13,4.59,1,66.32
07-01-2025 08:00,8,1,1,0,0,19.49,2.98,1,67.27
07-01-2025 09:00,9,1,1,0,0,18.25,5.24,1,66.92
07-01-2025 10:00,10,1,1,0,0,22.91,0.62,0,56.68
07-01-2025 11:00,11,1,1,0,0,24.16,1.82,0,48.09
07-01-2025 12:00,12,1,1,0,0,29.22,2.28,0,46.22
07-01-2025 13:00,13,1,1,0,0,26.11,3.47,0,33.6
07-01-2025 14:00,14,1,1,0,0,29.48,2.35,0,41.6
07-01-2025 15:00,15,1,1,0,0,32.65,3.8,0,60.25
07-01-2025 16:00,16,1,1,0,0,32.42,2.71,0,66.06
07-01-2025 17:00,17,1,1,0,0,29.4,0.98,0,73.46
07-01-2025 18:00,18,1,1,0,0,25.52,3.66,1,75.4
07-01-2025 19:00,19,1,1,0,0,22.5,3.66,1,85.41
07-01-2025 20:00,20,1,1,0,0,23.5,1.57,1,89.7
07-01-2025 21:00,21,1,1,0,0,23.07,6.69,1,86.65
07-01-2025 22:00,22,1,1,0,0,14.43,5.71,0,74.34
07-01-2025 23:00,23,1,1,0,0,14.2,7.62,0,58.52
08-01-2025 00:00,0,2,1,0,0,10.94,4.06,0,29.39
08-01-2025 01:00,1,2,1,0,0,9.83,2.56,0,28.81
08-01-2025 02:00,2,2,1,0,0,10.4,4.45,0,32.19
08-01-2025 03:00,3,2,1,0,0,9.69,4.5,0,32.39
08-01-2025 04:00,4,2,1,0,0,9.04,3.1,0,36.52
08-01-2025 05:00,5,2,1,0,0,9.74,7.41,0,39.58
08-01-2025 06:00,6,2,1,0,0,14.95,4.55,0,60.06
08-01-2025 07:00,7,2,1,0,0,11.92,2.58,1,69.39
08-01-2025 08:00,8,2,1,0,0,18.31,2.97,1,67.58
08-01-2025 09:00,9,2,1,0,0,19.54,4.73,1,66.22
08-01-2025 10:00,10,2,1,0,0,27.5,2.62,0,65.16
08-01-2025 11:00,11,2,1,0,0,24.84,4.02,0,45.05
08-01-2025 12:00,12,2,1,0,0,28.58,5.72,0,47.63
08-01-2025 13:00,13,2,1,0,0,27.33,4.52,0,40.8
08-01-2025 14:00,14,2,1,0,0,29.07,4.84,0,43.39
08-01-2025 15:00,15,2,1,0,0,26.67,2.77,0,42.88
08-01-2025 16:00,16,2,1,0,0,31.18,3.41,0,60.18
08-01-2025 17:00,17,2,1,0,0,29.27,0.92,0,75.29
08-01-2025 18:00,18,2,1,0,0,25.33,6.39,1,72.33
08-01-2025 19:00,19,2,1,0,0,25.39,3.3,1,87.64
08-01-2025 20:00,20,2,1,0,0,20.59,4.82,1,87.26
08-01-2025 21:00,21,2,1,0,0,18.64,3.96,1,85.94
08-01-2025 22:00,22,2,1,0,0,19.36,3.55,0,68.39
08-01-2025 23:00,23,2,1,0,0,12.92,4.98,0,60.86
09-01-2025 00:00,0,3,1,0,0,12.37,1.76,0,28.81
09-01-2025 01:00,1,3,1,0,0,13.28,0.92,0,29.5
09-01-2025 02:00,2,3,1,0,0,11.38,3.43,0,34.93
09-01-2025 03:00,3,3,1,0,0,9.7,6.52,0,31.14
09-01-2025 04:00,4,3,1,0,0,10.46,0.5,0,36.17
09-01-2025 05:00,5,3,1,0,0,13.72,2.71,0,44.59
09-01-2025 06:00,6,3,1,0,0,12.28,1.99,0,51.29
09-01-2025 07:00,7,3,1,0,0,15.99,4.63,1,66.98
09-01-2025 08:00,8,3,1,0,0,17.31,3.86,1,69.8
09-01-2025 09:00,9,3,1,0,0,20.15,3.93,1,63.1
09-01-2025 10:00,10,3,1,0,0,20.04,1.49,0,48.79
09-01-2025 11:00,11,3,1,0,0,26.66,4.51,0,52.14
09-01-2025 12:00,12,3,1,0,0,30.33,4.57,0,48.87
09-01-2025 13:00,13,3,1,0,0,30.08,3.21,0,52.16
09-01-2025 14:00,14,3,1,0,0,32.58,2.39,0,59
09-01-2025 15:00,15,3,1,0,0,31.01,1.05,0,54.55
09-01-2025 16:00,16,3,1,0,0,28.05,5.31,0,59.94
09-01-2025 17:00,17,3,1,0,0,29.89,4.14,0,69.32
09-01-2025 18:00,18,3,1,0,0,27.56,3.56,1,82.63
09-01-2025 19:00,19,3,1,0,0,22.65,4.52,1,85.76
09-01-2025 20:00,20,3,1,0,0,22.55,3.42,1,87.72
09-01-2025 21:00,21,3,1,0,0,20.97,4.63,1,89.14
09-01-2025 22:00,22,3,1,0,0,17.16,0.5,0,76.06
09-01-2025 23:00,23,3,1,0,0,14.44,0.5,0,59.17
10-01-2025 00:00,0,4,1,0,0,11.59,4.08,0,29.36
10-01-2025 01:00,1,4,1,0,0,11.13,3.5,0,31.14
10-01-2025 02:00,2,4,1,0,0,11.74,2.88,0,33.42
10-01-2025 03:00,3,4,1,0,0,7.28,4.52,0,29.43
10-01-2025 04:00,4,4,1,0,0,10.31,3.78,0,29.03
10-01-2025 05:00,5,4,1,0,0,9.96,4.74,0,44.29
10-01-2025 06:00,6,4,1,0,0,14.45,6.25,0,55.17
10-01-2025 07:00,7,4,1,0,0,20.93,0.84,1,66.15
10-01-2025 08:00,8,4,1,0,0,15.56,3.17,1,70.68
10-01-2025 09:00,9,4,1,0,0,24.91,5.89,1,71.49
10-01-2025 10:00,10,4,1,0,0,22.69,3.67,0,53.16
10-01-2025 11:00,11,4,1,0,0,28.43,4.5,0,53.44
10-01-2025 12:00,12,4,1,0,0,27.75,0.5,0,43.51
10-01-2025 13:00,13,4,1,0,0,29.43,4.74,0,43.22
10-01-2025 14:00,14,4,1,0,0,31.68,1.97,0,54.29
10-01-2025 15:00,15,4,1,0,0,32.16,0.5,0,59.3
10-01-2025 16:00,16,4,1,0,0,31.37,5.47,0,63.38
10-01-2025 17:00,17,4,1,0,0,29.24,4.66,0,77.52
10-01-2025 18:00,18,4,1,0,0,26.06,2.16,1,76.47
10-01-2025 19:00,19,4,1,0,0,22.78,2.4,1,88.79
10-01-2025 20:00,20,4,1,0,0,22.59,4.49,1,94.69
10-01-2025 21:00,21,4,1,0,0,19.46,5.71,1,85.76
10-01-2025 22:00,22,4,1,0,0,19.73,4.46,0,74.39
10-01-2025 23:00,23,4,1,0,0,15.7,3.24,0,54.78
11-01-2025 00:00,0,5,1,1,0,14.1,6.89,0,22.49
11-01-2025 01:00,1,5,1,1,0,13.56,3.15,0,22.54
11-01-2025 02:00,2,5,1,1,0,10.35,4.95,0,26.58
11-01-2025 03:00,3,5,1,1,0,11.82,0.87,0,21.42
11-01-2025 04:00,4,5,1,1,0,11.51,2.35,0,25.59
11-01-2025 05:00,5,5,1,1,0,13.65,4.27,0,33.12
11-01-2025 06:00,6,5,1,1,0,14.37,2.17,0,47.71
11-01-2025 07:00,7,5,1,1,0,15.36,2.58,1,52.48
11-01-2025 08:00,8,5,1,1,0,17.6,1.68,1,53.37
11-01-2025 09:00,9,5,1,1,0,20.42,4.01,1,52.62
11-01-2025 10:00,10,5,1,1,0,23.03,5.07,0,43.54
11-01-2025 11:00,11,5,1,1,0,23,3.23,0,33.29
11-01-2025 12:00,12,5,1,1,0,27.4,5.44,0,37.16
11-01-2025 13:00,13,5,1,1,0,30.03,4.04,0,39.75
11-01-2025 14:00,14,5,1,1,0,30.09,4.02,0,41.45
11-01-2025 15:00,15,5,1,1,0,36.59,4.25,0,59.5
11-01-2025 16:00,16,5,1,1,0,27.24,2.51,0,43.69
11-01-2025 17:00,17,5,1,1,0,25.79,5.24,0,51.07
11-01-2025 18:00,18,5,1,1,0,27.45,4.41,1,66.77
11-01-2025 19:00,19,5,1,1,0,26.72,1.98,1,72.07
11-01-2025 20:00,20,5,1,1,0,18.29,3.48,1,75.16
11-01-2025 21:00,21,5,1,1,0,22.69,2,1,69.68
11-01-2025 22:00,22,5,1,1,0,19.41,4.65,0,55.4
11-01-2025 23:00,23,5,1,1,0,16.68,1.77,0,51.27
12-01-2025 00:00,0,6,1,1,0,12.92,2.36,0,19.74
12-01-2025 01:00,1,6,1,1,0,11.45,1.89,0,25.76
12-01-2025 02:00,2,6,1,1,0,12.5,4.16,0,31.23
12-01-2025 03:00,3,6,1,1,0,10.27,1.78,0,24.97
12-01-2025 04:00,4,6,1,1,0,8.87,2.42,0,21.61
12-01-2025 05:00,5,6,1,1,0,11.38,0.5,0,33.88
12-01-2025 06:00,6,6,1,1,0,12.53,5.49,0,47.16
12-01-2025 07:00,7,6,1,1,0,17.49,2.08,1,49.01
12-01-2025 08:00,8,6,1,1,0,17.12,3.07,1,60.11
12-01-2025 09:00,9,6,1,1,0,21.86,2.59,1,52.84
12-01-2025 10:00,10,6,1,1,0,25.74,4.81,0,43.45
12-01-2025 11:00,11,6,1,1,0,23.04,2.09,0,36.19
12-01-2025 12:00,12,6,1,1,0,28.52,4.75,0,36.58
12-01-2025 13:00,13,6,1,1,0,28.38,4.6,0,36.59
12-01-2025 14:00,14,6,1,1,0,29.16,0.5,0,39.57
12-01-2025 15:00,15,6,1,1,0,30.06,2.58,0,44.2
12-01-2025 16:00,16,6,1,1,0,30.51,3.07,0,51.25
12-01-2025 17:00,17,6,1,1,0,29.42,4.07,0,61.42
12-01-2025 18:00,18,6,1,1,0,28.76,4.18,1,71.37
12-01-2025 19:00,19,6,1,1,0,26.02,2.27,1,72.26
12-01-2025 20:00,20,6,1,1,0,24.93,3.01,1,72.78
12-01-2025 21:00,21,6,1,1,0,22.04,4.34,1,69.49
12-01-2025 22:00,22,6,1,1,0,15.37,2.95,0,53.35
12-01-2025 23:00,23,6,1,1,0,14.25,1.41,0,46.88
13-01-2025 00:00,0,0,1,0,0,13.66,2.68,0,37.67
13-01-2025 01:00,1,0,1,0,0,9.88,4.31,0,31.25
13-01-2025 02:00,2,0,1,0,0,10,3.32,0,32.69
13-01-2025 03:00,3,0,1,0,0,9.37,4.8,0,32.08
13-01-2025 04:00,4,0,1,0,0,6.25,2.73,0,39.7
13-01-2025 05:00,5,0,1,0,0,13.25,3.92,0,39.92
13-01-2025 06:00,6,0,1,0,0,13.84,3.93,0,52
13-01-2025 07:00,7,0,1,0,0,15.57,3.65,1,61.11
13-01-2025 08:00,8,0,1,0,0,15.65,5.46,1,74.12
13-01-2025 09:00,9,0,1,0,0,20.3,2.3,1,59.8
13-01-2025 10:00,10,0,1,0,0,22.17,3.14,0,57.86
13-01-2025 11:00,11,0,1,0,0,25.44,1.96,0,52.99
13-01-2025 12:00,12,0,1,0,0,25.88,1.09,0,37.87
13-01-2025 13:00,13,0,1,0,0,28.84,0.5,0,47.34
13-01-2025 14:00,14,0,1,0,0,32.37,4.53,0,53.04
13-01-2025 15:00,15,0,1,0,0,33.75,2.1,0,61.62
13-01-2025 16:00,16,0,1,0,0,30.25,1.41,0,60.15
13-01-2025 17:00,17,0,1,0,0,29.57,2.81,0,71.3
13-01-2025 18:00,18,0,1,0,0,25.9,6.3,1,79.93
13-01-2025 19:00,19,0,1,0,0,25.12,2.65,1,88.82
13-01-2025 20:00,20,0,1,0,0,22.37,2.96,1,89.38
13-01-2025 21:00,21,0,1,0,0,16.07,5.04,1,85.59
13-01-2025 22:00,22,0,1,0,0,15.82,1.08,0,74.53
13-01-2025 23:00,23,0,1,0,0,17.09,3.03,0,55.64
14-01-2025 00:00,0,1,1,0,0,11.04,2.23,0,30.04
14-01-2025 01:00,1,1,1,0,0,12.37,4.14,0,32.51
14-01-2025 02:00,2,1,1,0,0,10.97,1.58,0,27.7
14-01-2025 03:00,3,1,1,0,0,11.39,1,0,32.7
14-01-2025 04:00,4,1,1,0,0,11.97,7.05,0,34.5
14-01-2025 05:00,5,1,1,0,0,13.78,5.64,0,42.2
14-01-2025 06:00,6,1,1,0,0,13.37,2.6,0,54.84
14-01-2025 07:00,7,1,1,0,0,12.37,2.65,1,68.34
14-01-2025 08:00,8,1,1,0,0,15.39,4.24,1,73.53
14-01-2025 09:00,9,1,1,0,0,17.28,5.33,1,64.59
14-01-2025 10:00,10,1,1,0,0,21.88,2.26,0,52.29
14-01-2025 11:00,11,1,1,0,0,20.3,5.12,0,43.6
14-01-2025 12:00,12,1,1,0,0,28.83,5.77,0,52.65
14-01-2025 13:00,13,1,1,0,0,29.39,3.41,0,51.75
14-01-2025 14:00,14,1,1,0,0,31.72,2.82,0,53.84
14-01-2025 15:00,15,1,1,0,0,30.66,2.79,0,51.32
14-01-2025 16:00,16,1,1,0,0,28.24,3.48,0,62.18
14-01-2025 17:00,17,1,1,0,0,29.55,0.5,0,68.7
14-01-2025 18:00,18,1,1,0,0,26.96,2.57,1,82.51
14-01-2025 19:00,19,1,1,0,0,24.9,3.98,1,82.07
14-01-2025 20:00,20,1,1,0,0,20.06,3.44,1,84.35
14-01-2025 21:00,21,1,1,0,0,23.71,3.92,1,85.45
14-01-2025 22:00,22,1,1,0,0,19.58,3.19,0,70.01
14-01-2025 23:00,23,1,1,0,0,17.59,3.79,0,57.28
15-01-2025 00:00,0,2,1,0,0,14.97,1.87,0,32.96
15-01-2025 01:00,1,2,1,0,0,10,4.81,0,27.32
15-01-2025 02:00,2,2,1,0,0,13.15,2.78,0,30.44
15-01-2025 03:00,3,2,1,0,0,10.86,4.19,0,33.36
15-01-2025 04:00,4,2,1,0,0,10.52,2.01,0,35.23
15-01-2025 05:00,5,2,1,0,0,9.58,4.53,0,40.95
15-01-2025 06:00,6,2,1,0,0,12.86,1.77,0,53.56
15-01-2025 07:00,7,2,1,0,0,15.01,3.16,1,61.87
15-01-2025 08:00,8,2,1,0,0,18.54,7.38,1,70.89
15-01-2025 09:00,9,2,1,0,0,16.2,2.84,1,61.21
15-01-2025 10:00,10,2,1,0,0,23.05,5.15,0,52.72
15-01-2025 11:00,11,2,1,0,0,26.02,4.42,0,45.99
15-01-2025 12:00,12,2,1,0,0,28.91,7.02,0,47.84
15-01-2025 13:00,13,2,1,0,0,30.42,0.5,0,51.16
15-01-2025 14:00,14,2,1,0,0,26.15,1.8,0,32.81
15-01-2025 15:00,15,2,1,0,0,30.93,0.96,0,50.34
15-01-2025 16:00,16,2,1,0,0,27.84,0.5,0,57.61
15-01-2025 17:00,17,2,1,0,0,26.38,4.16,0,59.14
15-01-2025 18:00,18,2,1,0,0,30.56,3.36,1,88.2
15-01-2025 19:00,19,2,1,0,0,24.04,4.46,1,87.91
15-01-2025 20:00,20,2,1,0,0,22.11,4.76,1,89.27
15-01-2025 21:00,21,2,1,0,0,17.96,3.7,1,86.88
15-01-2025 22:00,22,2,1,0,0,17.43,2.63,0,75.74
15-01-2025 23:00,23,2,1,0,0,15.04,1.69,0,57.39
16-01-2025 00:00,0,3,1,0,0,9.68,1.97,0,32.15
16-01-2025 01:00,1,3,1,0,0,13.83,6.67,0,27.85
16-01-2025 02:00,2,3,1,0,0,14.5,4.72,0,29.95
16-01-2025 03:00,3,3,1,0,0,7.37,2.59,0,34.18
16-01-2025 04:00,4,3,1,0,0,13.07,2.93,0,33.49
16-01-2025 05:00,5,3,1,0,0,7.41,5.9,0,48.86
16-01-2025 06:00,6,3,1,0,0,13.26,4.09,0,55.6
16-01-2025 07:00,7,3,1,0,0,14.2,4.07,1,64.67
16-01-2025 08:00,8,3,1,0,0,15.52,3.68,1,70.6
16-01-2025 09:00,9,3,1,0,0,19.66,6.51,1,70.62
16-01-2025 10:00,10,3,1,0,0,19.97,1.82,0,57.56
16-01-2025 11:00,11,3,1,0,0,23.55,3.3,0,41.97
16-01-2025 12:00,12,3,1,0,0,29.64,3.71,0,49.8
16-01-2025 13:00,13,3,1,0,0,29.22,4.95,0,48.12
16-01-2025 14:00,14,3,1,0,0,29.8,4.34,0,47.53
16-01-2025 15:00,15,3,1,0,0,27.23,5.02,0,51.44
16-01-2025 16:00,16,3,1,0,0,28.98,1.99,0,61.72
16-01-2025 17:00,17,3,1,0,0,26.69,1.68,0,69.77
16-01-2025 18:00,18,3,1,0,0,25.06,2.52,1,74.43
16-01-2025 19:00,19,3,1,0,0,20.89,3.13,1,87.01
16-01-2025 20:00,20,3,1,0,0,22.49,2.1,1,88.87
16-01-2025 21:00,21,3,1,0,0,19.94,1.86,1,90.71
16-01-2025 22:00,22,3,1,0,0,15.23,3.61,0,78.51
16-01-2025 23:00,23,3,1,0,0,13.59,3.25,0,64.7
17-01-2025 00:00,0,4,1,0,0,12.75,6.39,0,32.41
17-01-2025 01:00,1,4,1,0,0,14.63,5.71,0,25.49
17-01-2025 02:00,2,4,1,0,0,14.83,4.63,0,27.85
17-01-2025 03:00,3,4,1,0,0,11.82,1.86,0,30.28
17-01-2025 04:00,4,4,1,0,0,13.1,2.89,0,33.01
17-01-2025 05:00,5,4,1,0,0,14.37,4.5,0,41.32
17-01-2025 06:00,6,4,1,0,0,16.93,4.34,0,55.43
17-01-2025 07:00,7,4,1,0,0,14.1,4.46,1,67.76
17-01-2025 08:00,8,4,1,0,0,15.97,3.6,1,69.38
17-01-2025 09:00,9,4,1,0,0,19.93,4.07,1,66.11
17-01-2025 10:00,10,4,1,0,0,27.98,4.9,0,69.41
17-01-2025 11:00,11,4,1,0,0,24.95,3.18,0,41.92
17-01-2025 12:00,12,4,1,0,0,27.02,4.33,0,46.58
17-01-2025 13:00,13,4,1,0,0,27.77,2.3,0,36
17-01-2025 14:00,14,4,1,0,0,29.97,3.68,0,49.11
17-01-2025 15:00,15,4,1,0,0,27.14,4.9,0,47.56
17-01-2025 16:00,16,4,1,0,0,28.99,2.64,0,57.1
17-01-2025 17:00,17,4,1,0,0,29.75,2.65,0,71.02
17-01-2025 18:00,18,4,1,0,0,26.79,4.68,1,81.69
17-01-2025 19:00,19,4,1,0,0,25.94,5.14,1,84.88
17-01-2025 20:00,20,4,1,0,0,26.91,4.62,1,93.41
17-01-2025 21:00,21,4,1,0,0,22.69,2.39,1,89.18
17-01-2025 22:00,22,4,1,0,0,14.56,0.62,0,73.6
17-01-2025 23:00,23,4,1,0,0,11.32,4.27,0,57.74
18-01-2025 00:00,0,5,1,1,0,10.9,5.82,0,24.69
18-01-2025 01:00,1,5,1,1,0,10.23,2.48,0,21.65
18-01-2025 02:00,2,5,1,1,0,9.78,5.8,0,18.08
18-01-2025 03:00,3,5,1,1,0,13.41,4.27,0,23.14
18-01-2025 04:00,4,5,1,1,0,11.18,3.39,0,33.67
18-01-2025 05:00,5,5,1,1,0,7.42,4.47,0,30.83
18-01-2025 06:00,6,5,1,1,0,16.05,2.23,0,43.34
18-01-2025 07:00,7,5,1,1,0,15.26,4.44,1,51.42
18-01-2025 08:00,8,5,1,1,0,17.98,0.5,1,54.03
18-01-2025 09:00,9,5,1,1,0,18.5,1.98,1,50.56
18-01-2025 10:00,10,5,1,1,0,21.77,2.08,0,44.16
18-01-2025 11:00,11,5,1,1,0,25.83,5.64,0,37.82
18-01-2025 12:00,12,5,1,1,0,25.47,3.64,0,31.3
18-01-2025 13:00,13,5,1,1,0,26.57,4.76,0,29.9
18-01-2025 14:00,14,5,1,1,0,27.74,4.19,0,31.03
18-01-2025 15:00,15,5,1,1,0,28.77,1.13,0,44.18
18-01-2025 16:00,16,5,1,1,0,32.91,4.14,0,53.47
18-01-2025 17:00,17,5,1,1,0,29.43,0.5,0,58.61
18-01-2025 18:00,18,5,1,1,0,26.84,2.49,1,69.84
18-01-2025 19:00,19,5,1,1,0,21.49,3.2,1,66.22
18-01-2025 20:00,20,5,1,1,0,21.97,4.07,1,77.95
18-01-2025 21:00,21,5,1,1,0,19.86,3.12,1,68.59
18-01-2025 22:00,22,5,1,1,0,17.79,0.76,0,53.25
18-01-2025 23:00,23,5,1,1,0,14.89,4.66,0,44.96
19-01-2025 00:00,0,6,1,1,0,13.26,3.57,0,24.91
19-01-2025 01:00,1,6,1,1,0,12.69,5.23,0,23.27
19-01-2025 02:00,2,6,1,1,0,12.71,3.98,0,24.63
19-01-2025 03:00,3,6,1,1,0,9.72,5.03,0,23.81
19-01-2025 04:00,4,6,1,1,0,10.46,4.97,0,20.75
19-01-2025 05:00,5,6,1,1,0,8.03,2.75,0,34.97
19-01-2025 06:00,6,6,1,1,0,12.27,2.02,0,43.54
19-01-2025 07:00,7,6,1,1,0,15.69,5.2,1,54.09
19-01-2025 08:00,8,6,1,1,0,17.06,6.65,1,50.02
19-01-2025 09:00,9,6,1,1,0,17.71,3.28,1,45.24
19-01-2025 10:00,10,6,1,1,0,20.29,0.5,0,41.48
19-01-2025 11:00,11,6,1,1,0,22.31,6.23,0,35.6
19-01-2025 12:00,12,6,1,1,0,26.34,2.18,0,35.27
19-01-2025 13:00,13,6,1,1,0,30.51,4.02,0,41.36
19-01-2025 14:00,14,6,1,1,0,28.54,3.54,0,39.3
19-01-2025 15:00,15,6,1,1,0,32.86,4.08,0,55.56
19-01-2025 16:00,16,6,1,1,0,29.88,3.63,0,55.84
19-01-2025 17:00,17,6,1,1,0,27.42,3.72,0,58.02
19-01-2025 18:00,18,6,1,1,0,25.18,3.49,1,59.45
19-01-2025 19:00,19,6,1,1,0,25.78,2,1,73.8
19-01-2025 20:00,20,6,1,1,0,19.31,3.48,1,71.1
19-01-2025 21:00,21,6,1,1,0,21.47,2.98,1,64.8
19-01-2025 22:00,22,6,1,1,0,18.48,4.27,0,53.73
19-01-2025 23:00,23,6,1,1,0,14.18,4.71,0,46.23
20-01-2025 00:00,0,0,1,0,0,10.51,4.19,0,28.88
20-01-2025 01:00,1,0,1,0,0,12.55,0.92,0,29.91
20-01-2025 02:00,2,0,1,0,0,8.36,2.82,0,25.28
20-01-2025 03:00,3,0,1,0,0,6.74,3.82,0,32.43
20-01-2025 04:00,4,0,1,0,0,8.23,3.61,0,39
20-01-2025 05:00,5,0,1,0,0,11.02,2.97,0,39.88
20-01-2025 06:00,6,0,1,0,0,12.51,5.11,0,56.22
20-01-2025 07:00,7,0,1,0,0,13.4,3.12,1,73.18
20-01-2025 08:00,8,0,1,0,0,18.78,1.26,1,67.3
20-01-2025 09:00,9,0,1,0,0,19.18,4.11,1,62.79
20-01-2025 10:00,10,0,1,0,0,19.74,3.22,0,55.98
20-01-2025 11:00,11,0,1,0,0,24.29,2.07,0,43
20-01-2025 12:00,12,0,1,0,0,27.55,2.64,0,43.15
20-01-2025 13:00,13,0,1,0,0,28.44,3.73,0,44.02
20-01-2025 14:00,14,0,1,0,0,29.75,3.47,0,49.77
20-01-2025 15:00,15,0,1,0,0,28.89,4.43,0,56.75
20-01-2025 16:00,16,0,1,0,0,31.56,1.86,0,63.28
20-01-2025 17:00,17,0,1,0,0,29.07,5.85,0,74.86
20-01-2025 18:00,18,0,1,0,0,27.89,3.5,1,80.09
20-01-2025 19:00,19,0,1,0,0,25.02,2.64,1,88.52
20-01-2025 20:00,20,0,1,0,0,26.48,3.11,1,94.3
20-01-2025 21:00,21,0,1,0,0,19.26,2.74,1,81.4
20-01-2025 22:00,22,0,1,0,0,19.29,3.68,0,71.98
20-01-2025 23:00,23,0,1,0,0,18.8,4.33,0,62.38
21-01-2025 00:00,0,1,1,0,0,16.02,2.9,0,30.77
21-01-2025 01:00,1,1,1,0,0,10.76,3.44,0,31.9
21-01-2025 02:00,2,1,1,0,0,12.52,3.25,0,27.9
21-01-2025 03:00,3,1,1,0,0,7.91,1.81,0,33.81
21-01-2025 04:00,4,1,1,0,0,12.65,1.24,0,40.82
21-01-2025 05:00,5,1,1,0,0,8.85,3.5,0,46.44
21-01-2025 06:00,6,1,1,0,0,10.86,3.33,0,50.29
21-01-2025 07:00,7,1,1,0,0,15.79,2.15,1,63.4
21-01-2025 08:00,8,1,1,0,0,14.63,3.81,1,71.47
21-01-2025 09:00,9,1,1,0,0,19.98,4.56,1,64.46
21-01-2025 10:00,10,1,1,0,0,26.68,1.62,0,60.9
21-01-2025 11:00,11,1,1,0,0,27.89,2.08,0,48.16
21-01-2025 12:00,12,1,1,0,0,26.1,7.2,0,43.62
21-01-2025 13:00,13,1,1,0,0,26.87,4.57,0,37.4
21-01-2025 14:00,14,1,1,0,0,29.11,4.87,0,42.3
21-01-2025 15:00,15,1,1,0,0,31.44,3.78,0,54.51
21-01-2025 16:00,16,1,1,0,0,29.42,1.2,0,62.18
21-01-2025 17:00,17,1,1,0,0,27.89,4.8,0,79.24
21-01-2025 18:00,18,1,1,0,0,27.39,3.38,1,81.44
21-01-2025 19:00,19,1,1,0,0,23.68,6.04,1,88.5
21-01-2025 20:00,20,1,1,0,0,23.13,2.24,1,87.33
21-01-2025 21:00,21,1,1,0,0,23.27,0.5,1,84.35
21-01-2025 22:00,22,1,1,0,0,17.03,2.4,0,71.83
21-01-2025 23:00,23,1,1,0,0,15.55,3.97,0,56.52
22-01-2025 00:00,0,2,1,0,0,14.19,3.46,0,28.3
22-01-2025 01:00,1,2,1,0,0,10.59,3.13,0,30.59
22-01-2025 02:00,2,2,1,0,0,7.8,3.39,0,35.46
22-01-2025 03:00,3,2,1,0,0,11.48,3,0,27.35
22-01-2025 04:00,4,2,1,0,0,10,5.04,0,37.06
22-01-2025 05:00,5,2,1,0,0,8.05,2.97,0,40.74
22-01-2025 06:00,6,2,1,0,0,12.37,2.35,0,55.26
22-01-2025 07:00,7,2,1,0,0,12.89,1.73,1,66.42
22-01-2025 08:00,8,2,1,0,0,16.92,5.14,1,68.84
22-01-2025 09:00,9,2,1,0,0,17.11,2.37,1,59.34
22-01-2025 10:00,10,2,1,0,0,23.62,5.94,0,56.79
22-01-2025 11:00,11,2,1,0,0,23.28,2.44,0,38.23
22-01-2025 12:00,12,2,1,0,0,27.38,4.27,0,46.59
22-01-2025 13:00,13,2,1,0,0,30.65,4.71,0,45.42
22-01-2025 14:00,14,2,1,0,0,28.89,1.53,0,44.7
22-01-2025 15:00,15,2,1,0,0,30.21,2.94,0,53.86
22-01-2025 16:00,16,2,1,0,0,27.3,4.75,0,58.15
22-01-2025 17:00,17,2,1,0,0,26.71,2.48,0,70.02
22-01-2025 18:00,18,2,1,0,0,27.55,4.17,1,78.52
22-01-2025 19:00,19,2,1,0,0,25.24,4.55,1,82.87
22-01-2025 20:00,20,2,1,0,0,25.11,4.91,1,95.8
22-01-2025 21:00,21,2,1,0,0,19.59,3.62,1,82.11
22-01-2025 22:00,22,2,1,0,0,16.64,3.26,0,72.99
22-01-2025 23:00,23,2,1,0,0,16.34,3.04,0,58.35
23-01-2025 00:00,0,3,1,0,0,12.39,4.26,0,26.88
23-01-2025 01:00,1,3,1,0,0,9.77,5.15,0,33.9
23-01-2025 02:00,2,3,1,0,0,12.41,6.19,0,36.14
23-01-2025 03:00,3,3,1,0,0,11.33,1.49,0,32.23
23-01-2025 04:00,4,3,1,0,0,9.93,4.62,0,40.62
23-01-2025 05:00,5,3,1,0,0,10.6,6.27,0,40.45
23-01-2025 06:00,6,3,1,0,0,17.12,0.5,0,51.94
23-01-2025 07:00,7,3,1,0,0,16.49,2.93,1,68.79
23-01-2025 08:00,8,3,1,0,0,14.89,5.51,1,67.53
23-01-2025 09:00,9,3,1,0,0,22.73,3.31,1,63.85
23-01-2025 10:00,10,3,1,0,0,22.67,3.79,0,57.49
23-01-2025 11:00,11,3,1,0,0,24.31,4.5,0,38.75
23-01-2025 12:00,12,3,1,0,0,28.69,2.05,0,44.96
23-01-2025 13:00,13,3,1,0,0,27.66,2.16,0,41.01
23-01-2025 14:00,14,3,1,0,0,30.9,3.04,0,54.64
23-01-2025 15:00,15,3,1,0,0,28.88,3.22,0,50.69
23-01-2025 16:00,16,3,1,0,0,30.98,2.99,0,67.86
23-01-2025 17:00,17,3,1,0,0,26.72,1.54,0,62.23
23-01-2025 18:00,18,3,1,0,0,25.75,5.75,1,79.2
23-01-2025 19:00,19,3,1,0,0,27.64,4.48,1,93.49
23-01-2025 20:00,20,3,1,0,0,22.94,2.02,1,89.12
23-01-2025 21:00,21,3,1,0,0,16.63,1.37,1,83.77
23-01-2025 22:00,22,3,1,0,0,20.04,1.55,0,74.61
23-01-2025 23:00,23,3,1,0,0,16.54,2.92,0,55.35
24-01-2025 00:00,0,4,1,0,0,10.92,4.04,0,29.55
24-01-2025 01:00,1,4,1,0,0,10.09,3,0,34.09
24-01-2025 02:00,2,4,1,0,0,9.68,2.03,0,26.75
24-01-2025 03:00,3,4,1,0,0,8.56,2.05,0,32.63
24-01-2025 04:00,4,4,1,0,0,14.85,4.46,0,37.09
24-01-2025 05:00,5,4,1,0,0,10.15,2.81,0,42.56
24-01-2025 06:00,6,4,1,0,0,16.37,3.85,0,48.79
24-01-2025 07:00,7,4,1,0,0,16.98,5.5,1,62.99
24-01-2025 08:00,8,4,1,0,0,17.09,1.83,1,69.3
24-01-2025 09:00,9,4,1,0,0,20.14,5.25,1,63.71
24-01-2025 10:00,10,4,1,0,0,23.64,6.45,0,58.33
24-01-2025 11:00,11,4,1,0,0,19.36,1.32,0,40.08
24-01-2025 12:00,12,4,1,0,0,27.05,1.51,0,41.27
24-01-2025 13:00,13,4,1,0,0,28.22,2.38,0,52.02
24-01-2025 14:00,14,4,1,0,0,29.8,2.46,0,50.41
24-01-2025 15:00,15,4,1,0,0,29.01,5.21,0,53.16
24-01-2025 16:00,16,4,1,0,0,27.37,2.77,0,53.04
24-01-2025 17:00,17,4,1,0,0,29.06,5.23,0,65.09
24-01-2025 18:00,18,4,1,0,0,26.95,1.81,1,78.05
24-01-2025 19:00,19,4,1,0,0,23.88,2.5,1,81.56
24-01-2025 20:00,20,4,1,0,0,21.98,2.19,1,84.27
24-01-2025 21:00,21,4,1,0,0,19.91,2.69,1,84.67
24-01-2025 22:00,22,4,1,0,0,19.78,2.66,0,74.52
24-01-2025 23:00,23,4,1,0,0,15.65,5.2,0,54.99
25-01-2025 00:00,0,5,1,1,0,9.04,3.49,0,29.07
25-01-2025 01:00,1,5,1,1,0,13.5,5.05,0,22.34
25-01-2025 02:00,2,5,1,1,0,10.68,5.21,0,21.73
25-01-2025 03:00,3,5,1,1,0,13.47,4.47,0,28.04
25-01-2025 04:00,4,5,1,1,0,8.92,2.32,0,22.13
25-01-2025 05:00,5,5,1,1,0,8.24,3.66,0,29.33
25-01-2025 06:00,6,5,1,1,0,13.28,4.35,0,43.4
25-01-2025 07:00,7,5,1,1,0,12.24,1.08,1,49.32
25-01-2025 08:00,8,5,1,1,0,15.78,4.18,1,58.39
25-01-2025 09:00,9,5,1,1,0,18.45,5.21,1,48.61
25-01-2025 10:00,10,5,1,1,0,22.86,3.12,0,44.3
25-01-2025 11:00,11,5,1,1,0,23.86,5.48,0,33.64
25-01-2025 12:00,12,5,1,1,0,23.63,1.55,0,29.71
25-01-2025 13:00,13,5,1,1,0,29.53,2.81,0,42.35
25-01-2025 14:00,14,5,1,1,0,29.37,3.8,0,43.92
25-01-2025 15:00,15,5,1,1,0,31.13,4.32,0,46.47
25-01-2025 16:00,16,5,1,1,0,30.04,2.61,0,56.96
25-01-2025 17:00,17,5,1,1,0,30.91,5.3,0,58.59
25-01-2025 18:00,18,5,1,1,0,27.42,1.38,1,66.76
25-01-2025 19:00,19,5,1,1,0,28.95,2.61,1,80.45
25-01-2025 20:00,20,5,1,1,0,24.52,3.44,1,81.12
25-01-2025 21:00,21,5,1,1,0,20.97,4.81,1,65.82
25-01-2025 22:00,22,5,1,1,0,18.59,3.37,0,57.84
25-01-2025 23:00,23,5,1,1,0,15.74,2.61,0,44.18
26-01-2025 00:00,0,6,1,1,1,11.47,2.53,0,22.92
26-01-2025 01:00,1,6,1,1,1,10.61,2.59,0,18.84
26-01-2025 02:00,2,6,1,1,1,10.29,5.14,0,24.06
26-01-2025 03:00,3,6,1,1,1,7.71,1.51,0,29.24
26-01-2025 04:00,4,6,1,1,1,10.26,4.21,0,31.93
26-01-2025 05:00,5,6,1,1,1,10.72,3.16,0,31.29
26-01-2025 06:00,6,6,1,1,1,10.47,3.87,0,41.04
26-01-2025 07:00,7,6,1,1,1,15.29,4.77,1,50.32
26-01-2025 08:00,8,6,1,1,1,20.68,5.3,1,53.29
26-01-2025 09:00,9,6,1,1,1,18.41,3.99,1,55.67
26-01-2025 10:00,10,6,1,1,1,21.54,3.06,0,41.25
26-01-2025 11:00,11,6,1,1,1,29.14,3.12,0,47.06
26-01-2025 12:00,12,6,1,1,1,22.54,3.5,0,29.69
26-01-2025 13:00,13,6,1,1,1,31.54,4.26,0,43.79
26-01-2025 14:00,14,6,1,1,1,27.79,4.5,0,36.02
26-01-2025 15:00,15,6,1,1,1,28.9,3.8,0,44.21
26-01-2025 16:00,16,6,1,1,1,30.1,3.48,0,46.6
26-01-2025 17:00,17,6,1,1,1,31.39,3.48,0,69.25
26-01-2025 18:00,18,6,1,1,1,26.66,2.86,1,60.27
26-01-2025 19:00,19,6,1,1,1,27.55,5.14,1,73.08
26-01-2025 20:00,20,6,1,1,1,24.68,4.81,1,75.37
26-01-2025 21:00,21,6,1,1,1,22.29,6.41,1,64.03
26-01-2025 22:00,22,6,1,1,1,16.98,4.54,0,55.94
26-01-2025 23:00,23,6,1,1,1,17.52,2.51,0,43.33
27-01-2025 00:00,0,0,1,0,0,13.11,4.28,0,28.86
27-01-2025 01:00,1,0,1,0,0,14.62,4.31,0,26.49
27-01-2025 02:00,2,0,1,0,0,7.73,6.67,0,29.3
27-01-2025 03:00,3,0,1,0,0,9.13,4.52,0,33.29
27-01-2025 04:00,4,0,1,0,0,13.8,4.17,0,34.47
27-01-2025 05:00,5,0,1,0,0,12.7,5.95,0,41.66
27-01-2025 06:00,6,0,1,0,0,14.34,2.94,0,56.26
27-01-2025 07:00,7,0,1,0,0,16.5,4.62,1,65.9
27-01-2025 08:00,8,0,1,0,0,19.61,5.39,1,68.78
27-01-2025 09:00,9,0,1,0,0,20.61,2.06,1,61.27
27-01-2025 10:00,10,0,1,0,0,21.06,3.93,0,57.23
27-01-2025 11:00,11,0,1,0,0,25.09,3.85,0,43.35
27-01-2025 12:00,12,0,1,0,0,25.01,2.11,0,34.78
27-01-2025 13:00,13,0,1,0,0,29.01,6.57,0,44.13
27-01-2025 14:00,14,0,1,0,0,28.29,3.53,0,48.26
27-01-2025 15:00,15,0,1,0,0,32.94,1.57,0,61.65
27-01-2025 16:00,16,0,1,0,0,29.57,6.14,0,60.68
27-01-2025 17:00,17,0,1,0,0,27.15,2.43,0,65.19
27-01-2025 18:00,18,0,1,0,0,25.58,3.54,1,79.86
27-01-2025 19:00,19,0,1,0,0,22.98,4.44,1,84.74
27-01-2025 20:00,20,0,1,0,0,20.16,2.28,1,91.18
27-01-2025 21:00,21,0,1,0,0,21.48,3.87,1,83.2
27-01-2025 22:00,22,0,1,0,0,15.7,3.79,0,75.1
27-01-2025 23:00,23,0,1,0,0,19.1,4.94,0,57.5
28-01-2025 00:00,0,1,1,0,0,10.9,4.52,0,27.69
28-01-2025 01:00,1,1,1,0,0,11.52,3.85,0,37.95
28-01-2025 02:00,2,1,1,0,0,6.1,6.47,0,27.4
28-01-2025 03:00,3,1,1,0,0,10.59,4.83,0,31.83
28-01-2025 04:00,4,1,1,0,0,7.76,4.75,0,35.83
28-01-2025 05:00,5,1,1,0,0,9.25,0.5,0,42.31
28-01-2025 06:00,6,1,1,0,0,16.06,1.62,0,53.41
28-01-2025 07:00,7,1,1,0,0,14.74,1.54,1,61.9
28-01-2025 08:00,8,1,1,0,0,19.45,2.71,1,74.82
28-01-2025 09:00,9,1,1,0,0,17.75,5.79,1,63.25
28-01-2025 10:00,10,1,1,0,0,22.99,5.05,0,57.48
28-01-2025 11:00,11,1,1,0,0,23.35,2.77,0,46.08
28-01-2025 12:00,12,1,1,0,0,28.4,4.04,0,43.01
28-01-2025 13:00,13,1,1,0,0,28.76,4.12,0,47.81
28-01-2025 14:00,14,1,1,0,0,30.39,5.73,0,44.2
28-01-2025 15:00,15,1,1,0,0,31.13,5.81,0,55.56
28-01-2025 16:00,16,1,1,0,0,29.02,3.73,0,57.65
28-01-2025 17:00,17,1,1,0,0,24.83,3.5,0,63.92
28-01-2025 18:00,18,1,1,0,0,30.08,4.55,1,83.28
28-01-2025 19:00,19,1,1,0,0,22.58,3.87,1,88.81
28-01-2025 20:00,20,1,1,0,0,19.21,0.69,1,92.72
28-01-2025 21:00,21,1,1,0,0,21.29,5.02,1,86.18
28-01-2025 22:00,22,1,1,0,0,22.61,4.82,0,74.49
28-01-2025 23:00,23,1,1,0,0,16.15,3.48,0,60.22
29-01-2025 00:00,0,2,1,0,0,13.67,5.11,0,33.35
29-01-2025 01:00,1,2,1,0,0,10.42,6.54,0,31.55
29-01-2025 02:00,2,2,1,0,0,10.39,3.6,0,33.99
29-01-2025 03:00,3,2,1,0,0,11.62,5.1,0,25.57
29-01-2025 04:00,4,2,1,0,0,12.14,1.74,0,42.53
29-01-2025 05:00,5,2,1,0,0,4.32,5.02,0,41.14
29-01-2025 06:00,6,2,1,0,0,12.92,3.56,0,58.29
29-01-2025 07:00,7,2,1,0,0,13.69,4.32,1,68.14
29-01-2025 08:00,8,2,1,0,0,16,3.42,1,75.38
29-01-2025 09:00,9,2,1,0,0,21.06,5.26,1,67.18
29-01-2025 10:00,10,2,1,0,0,25.72,3.62,0,65.05
29-01-2025 11:00,11,2,1,0,0,26.03,3.95,0,52.25
29-01-2025 12:00,12,2,1,0,0,26.09,4.44,0,44.4
29-01-2025 13:00,13,2,1,0,0,26.76,4.3,0,42.68
29-01-2025 14:00,14,2,1,0,0,28.36,4.34,0,46.23
29-01-2025 15:00,15,2,1,0,0,29.03,2.11,0,45.24
29-01-2025 16:00,16,2,1,0,0,27.05,3.22,0,54.27
29-01-2025 17:00,17,2,1,0,0,31.24,2.86,0,73.12
29-01-2025 18:00,18,2,1,0,0,27.02,5.62,1,76.82
29-01-2025 19:00,19,2,1,0,0,22.84,2.24,1,90.24
29-01-2025 20:00,20,2,1,0,0,19.79,1.85,1,86.29
29-01-2025 21:00,21,2,1,0,0,18.71,3.87,1,84.21
29-01-2025 22:00,22,2,1,0,0,16.68,2.3,0,70.68
29-01-2025 23:00,23,2,1,0,0,14.48,3.29,0,54.99
30-01-2025 00:00,0,3,1,0,0,16.16,3.85,0,29.52
30-01-2025 01:00,1,3,1,0,0,8.07,6.09,0,34.11
30-01-2025 02:00,2,3,1,0,0,11.27,2.09,0,31.32
30-01-2025 03:00,3,3,1,0,0,7.08,3.86,0,25.18
30-01-2025 04:00,4,3,1,0,0,8.47,5.38,0,32.91
30-01-2025 05:00,5,3,1,0,0,14.02,2.27,0,44.49
30-01-2025 06:00,6,3,1,0,0,13.12,5.02,0,53.99
30-01-2025 07:00,7,3,1,0,0,16.31,3.22,1,66.77
30-01-2025 08:00,8,3,1,0,0,17.17,4.53,1,70.1
30-01-2025 09:00,9,3,1,0,0,21.44,3.05,1,65.59
30-01-2025 10:00,10,3,1,0,0,22.79,3.11,0,55.93
30-01-2025 11:00,11,3,1,0,0,24.89,2.4,0,45.98
30-01-2025 12:00,12,3,1,0,0,26.85,2.16,0,44.9
30-01-2025 13:00,13,3,1,0,0,24.27,3.16,0,30.62
30-01-2025 14:00,14,3,1,0,0,30.03,0.5,0,46.24
30-01-2025 15:00,15,3,1,0,0,27.14,4.66,0,51.65
30-01-2025 16:00,16,3,1,0,0,27.5,4.46,0,53.21
30-01-2025 17:00,17,3,1,0,0,28.81,3.74,0,75.62
30-01-2025 18:00,18,3,1,0,0,26.61,2.34,1,77.85
30-01-2025 19:00,19,3,1,0,0,27.37,2.53,1,95.98
30-01-2025 20:00,20,3,1,0,0,23.02,2.99,1,86.48
30-01-2025 21:00,21,3,1,0,0,20.18,1.23,1,88.51
30-01-2025 22:00,22,3,1,0,0,18.6,2.36,0,74.05
30-01-2025 23:00,23,3,1,0,0,12.97,3.43,0,61.47
31-01-2025 00:00,0,4,1,0,0,12.11,4.38,0,28.13
31-01-2025 01:00,1,4,1,0,0,9.39,3.24,0,31.39
31-01-2025 02:00,2,4,1,0,0,10.68,5.03,0,32.09
31-01-2025 03:00,3,4,1,0,0,3.35,2.42,0,31.99
31-01-2025 04:00,4,4,1,0,0,10.32,2.35,0,35.73
31-01-2025 05:00,5,4,1,0,0,9.47,4.09,0,40
31-01-2025 06:00,6,4,1,0,0,9.15,4.04,0,56.96
31-01-2025 07:00,7,4,1,0,0,13.7,2.28,1,61.22
31-01-2025 08:00,8,4,1,0,0,20.59,3.32,1,70.24
31-01-2025 09:00,9,4,1,0,0,20.85,2.71,1,66.39
31-01-2025 10:00,10,4,1,0,0,21.79,2.69,0,52.85
31-01-2025 11:00,11,4,1,0,0,27.42,5.41,0,57.46
31-01-2025 12:00,12,4,1,0,0,26.23,3.51,0,45.05
31-01-2025 13:00,13,4,1,0,0,27.92,1.05,0,38.23
31-01-2025 14:00,14,4,1,0,0,30.72,3.65,0,48.33
31-01-2025 15:00,15,4,1,0,0,27.03,3.53,0,46.97
31-01-2025 16:00,16,4,1,0,0,30.93,2.76,0,66.05
31-01-2025 17:00,17,4,1,0,0,27.85,0.94,0,67.46
31-01-2025 18:00,18,4,1,0,0,28.33,3.71,1,82.98
31-01-2025 19:00,19,4,1,0,0,24.4,3.65,1,83.81
31-01-2025 20:00,20,4,1,0,0,24.5,3.7,1,90.12
31-01-2025 21:00,21,4,1,0,0,16.57,6.72,1,79.53
31-01-2025 22:00,22,4,1,0,0,18.02,5.6,0,73.6
31-01-2025 23:00,23,4,1,0,0,20,4.52,0,56.47
01-02-2025 00:00,0,5,2,1,0,9.25,3.47,0,22.69
01-02-2025 01:00,1,5,2,1,0,8.69,5.29,0,23.38
01-02-2025 02:00,2,5,2,1,0,10.15,5.31,0,27.1
01-02-2025 03:00,3,5,2,1,0,13.1,5.86,0,28.36
01-02-2025 04:00,4,5,2,1,0,8.19,3.8,0,26.28
01-02-2025 05:00,5,5,2,1,0,10.9,3.26,0,29.42
01-02-2025 06:00,6,5,2,1,0,14.81,2.02,0,42.36
01-02-2025 07:00,7,5,2,1,0,13.74,4.32,1,52.4
01-02-2025 08:00,8,5,2,1,0,18.24,4.42,1,60.42
01-02-2025 09:00,9,5,2,1,0,17.92,3.74,1,54.86
01-02-2025 10:00,10,5,2,1,0,27.35,1.82,0,51.22
01-02-2025 11:00,11,5,2,1,0,26.44,2.91,0,34.74
01-02-2025 12:00,12,5,2,1,0,25.95,3.76,0,36.33
01-02-2025 13:00,13,5,2,1,0,30.23,5.76,0,43.88
01-02-2025 14:00,14,5,2,1,0,27.52,2.35,0,38.47
01-02-2025 15:00,15,5,2,1,0,32.08,6.4,0,51.88
01-02-2025 16:00,16,5,2,1,0,31.26,2.5,0,53.62
01-02-2025 17:00,17,5,2,1,0,24.78,2.92,0,46.22
01-02-2025 18:00,18,5,2,1,0,24.62,1.98,1,60.5
01-02-2025 19:00,19,5,2,1,0,27.59,4.45,1,74.46
01-02-2025 20:00,20,5,2,1,0,23.18,3.6,1,72.78
01-02-2025 21:00,21,5,2,1,0,18.32,4.37,1,65.02
01-02-2025 22:00,22,5,2,1,0,17.92,4.44,0,61.91
01-02-2025 23:00,23,5,2,1,0,14.7,3.47,0,40.25
02-02-2025 00:00,0,6,2,1,0,10.5,5.15,0,21.23
02-02-2025 01:00,1,6,2,1,0,12.89,4.56,0,23.64
02-02-2025 02:00,2,6,2,1,0,8.7,3.1,0,26.59
02-02-2025 03:00,3,6,2,1,0,8.76,3.74,0,24.29
02-02-2025 04:00,4,6,2,1,0,11.91,5,0,28.91
02-02-2025 05:00,5,6,2,1,0,12.53,4.51,0,35.28
02-02-2025 06:00,6,6,2,1,0,14.27,2.11,0,43.18
02-02-2025 07:00,7,6,2,1,0,15.77,4.29,1,47.86
02-02-2025 08:00,8,6,2,1,0,15.11,3.96,1,56.98
02-02-2025 09:00,9,6,2,1,0,18.26,4.76,1,57.46
02-02-2025 10:00,10,6,2,1,0,20.95,2.75,0,42.17
02-02-2025 11:00,11,6,2,1,0,25.16,3.16,0,40.71
02-02-2025 12:00,12,6,2,1,0,22.4,1.79,0,26.63
02-02-2025 13:00,13,6,2,1,0,33.06,4,0,49.89
02-02-2025 14:00,14,6,2,1,0,26.09,4.35,0,31.51
02-02-2025 15:00,15,6,2,1,0,28.97,4.32,0,42.75
02-02-2025 16:00,16,6,2,1,0,29.37,5.21,0,53.4
02-02-2025 17:00,17,6,2,1,0,29.83,3.24,0,54.66
02-02-2025 18:00,18,6,2,1,0,24.84,5.53,1,60.17
02-02-2025 19:00,19,6,2,1,0,26.1,5.23,1,74.69
02-02-2025 20:00,20,6,2,1,0,19.13,1.63,1,71.9
02-02-2025 21:00,21,6,2,1,0,21.42,4.15,1,72.68
02-02-2025 22:00,22,6,2,1,0,19.02,3.85,0,53.55
02-02-2025 23:00,23,6,2,1,0,17.52,1.64,0,45.83
03-02-2025 00:00,0,0,2,0,0,19.17,3.55,0,28.43
03-02-2025 01:00,1,0,2,0,0,8.4,1.38,0,27.66
03-02-2025 02:00,2,0,2,0,0,9.87,1.02,0,31.34
03-02-2025 03:00,3,0,2,0,0,9.17,3.34,0,36.92
03-02-2025 04:00,4,0,2,0,0,13.68,5.13,0,36.96
03-02-2025 05:00,5,0,2,0,0,13.91,1.4,0,44.32
03-02-2025 06:00,6,0,2,0,0,12.65,3.38,0,49.06
03-02-2025 07:00,7,0,2,0,0,12.53,2.78,1,66.18
03-02-2025 08:00,8,0,2,0,0,18.11,4.7,1,72.37
03-02-2025 09:00,9,0,2,0,0,21.23,4.05,1,64.15
03-02-2025 10:00,10,0,2,0,0,21.65,2.89,0,51.42
03-02-2025 11:00,11,0,2,0,0,24.4,1.89,0,47.62
03-02-2025 12:00,12,0,2,0,0,26.62,3.73,0,40.2
03-02-2025 13:00,13,0,2,0,0,29.85,2.55,0,45.68
03-02-2025 14:00,14,0,2,0,0,33.43,4.38,0,53.02
03-02-2025 15:00,15,0,2,0,0,30.77,3.02,0,57.14
03-02-2025 16:00,16,0,2,0,0,29.31,6.67,0,55.85
03-02-2025 17:00,17,0,2,0,0,31.58,3,0,76.64
03-02-2025 18:00,18,0,2,0,0,25.07,3.92,1,76.19
03-02-2025 19:00,19,0,2,0,0,25.95,0.81,1,90.3
03-02-2025 20:00,20,0,2,0,0,21.87,4.26,1,88.27
03-02-2025 21:00,21,0,2,0,0,17.01,5.07,1,84.59
03-02-2025 22:00,22,0,2,0,0,16.41,5.66,0,77.4
03-02-2025 23:00,23,0,2,0,0,17.03,4.55,0,61.93
04-02-2025 00:00,0,1,2,0,0,8.25,2.48,0,27.77
04-02-2025 01:00,1,1,2,0,0,12.94,5.4,0,28.08
04-02-2025 02:00,2,1,2,0,0,11.09,4.71,0,31.3
04-02-2025 03:00,3,1,2,0,0,11.27,5.17,0,29.89
04-02-2025 04:00,4,1,2,0,0,8.87,3.19,0,37.5
04-02-2025 05:00,5,1,2,0,0,9.86,3.43,0,45.52
04-02-2025 06:00,6,1,2,0,0,14.73,3.97,0,57.02
04-02-2025 07:00,7,1,2,0,0,13.87,0.5,1,66.58
04-02-2025 08:00,8,1,2,0,0,20.07,4.16,1,74.08
04-02-2025 09:00,9,1,2,0,0,18.81,2.61,1,65.17
04-02-2025 10:00,10,1,2,0,0,21.68,1.7,0,55.18
04-02-2025 11:00,11,1,2,0,0,25.02,2.47,0,45.1
04-02-2025 12:00,12,1,2,0,0,26.21,4.04,0,36.99
04-02-2025 13:00,13,1,2,0,0,27.04,4.47,0,41.86
04-02-2025 14:00,14,1,2,0,0,32.93,3.4,0,58.35
04-02-2025 15:00,15,1,2,0,0,25.94,1.49,0,42.39
04-02-2025 16:00,16,1,2,0,0,31.55,6.03,0,64.39
04-02-2025 17:00,17,1,2,0,0,30.42,4.53,0,78.14
04-02-2025 18:00,18,1,2,0,0,25.5,5.28,1,76.32
04-02-2025 19:00,19,1,2,0,0,27.42,2.92,1,94.18
04-02-2025 20:00,20,1,2,0,0,19.05,1.89,1,86.6
04-02-2025 21:00,21,1,2,0,0,22.43,3.82,1,81.35
04-02-2025 22:00,22,1,2,0,0,15.76,3.56,0,71.9
04-02-2025 23:00,23,1,2,0,0,17.45,2.13,0,56.07
05-02-2025 00:00,0,2,2,0,0,11.08,2.83,0,34.11
05-02-2025 01:00,1,2,2,0,0,14.23,0.63,0,36.57
05-02-2025 02:00,2,2,2,0,0,10,3.99,0,29.65
05-02-2025 03:00,3,2,2,0,0,11.42,2.07,0,35.73
05-02-2025 04:00,4,2,2,0,0,8.66,2.66,0,34.06
05-02-2025 05:00,5,2,2,0,0,13.64,3.4,0,43.9
05-02-2025 06:00,6,2,2,0,0,12.05,3.34,0,57.86
05-02-2025 07:00,7,2,2,0,0,14.4,2.85,1,65.81
05-02-2025 08:00,8,2,2,0,0,16.82,4.35,1,73.89
05-02-2025 09:00,9,2,2,0,0,20.56,4.51,1,72.61
05-02-2025 10:00,10,2,2,0,0,24.45,2.89,0,54.63
05-02-2025 11:00,11,2,2,0,0,24.45,5.56,0,45.45
05-02-2025 12:00,12,2,2,0,0,31.1,3.22,0,49.22
05-02-2025 13:00,13,2,2,0,0,30.69,6.2,0,51.32
05-02-2025 14:00,14,2,2,0,0,27.58,6.1,0,37.93
05-02-2025 15:00,15,2,2,0,0,31.99,2.96,0,55.05
05-02-2025 16:00,16,2,2,0,0,28.42,2.37,0,58.11
05-02-2025 17:00,17,2,2,0,0,25.28,5.04,0,59.15
05-02-2025 18:00,18,2,2,0,0,29.3,4.2,1,83.89
05-02-2025 19:00,19,2,2,0,0,26.68,1.69,1,94.74
05-02-2025 20:00,20,2,2,0,0,20.27,2.57,1,87.35
05-02-2025 21:00,21,2,2,0,0,24.42,3.77,1,90.05
05-02-2025 22:00,22,2,2,0,0,18.53,4.95,0,72.45
05-02-2025 23:00,23,2,2,0,0,18.52,3.07,0,57.41
06-02-2025 00:00,0,3,2,0,0,14.97,8.13,0,34.82
06-02-2025 01:00,1,3,2,0,0,12.41,4.79,0,33.77
06-02-2025 02:00,2,3,2,0,0,11.11,4.17,0,26.17
06-02-2025 03:00,3,3,2,0,0,10.41,4.09,0,35.55
06-02-2025 04:00,4,3,2,0,0,11.78,5.29,0,31.88
06-02-2025 05:00,5,3,2,0,0,10.62,3.66,0,44.88
06-02-2025 06:00,6,3,2,0,0,12.53,4.51,0,53.36
06-02-2025 07:00,7,3,2,0,0,14.55,0.5,1,68.19
06-02-2025 08:00,8,3,2,0,0,18.84,2.63,1,70.04
06-02-2025 09:00,9,3,2,0,0,18.16,4.52,1,66.93
06-02-2025 10:00,10,3,2,0,0,23.08,3.37,0,59.74
06-02-2025 11:00,11,3,2,0,0,25.63,2.93,0,53.23
06-02-2025 12:00,12,3,2,0,0,27.52,4.18,0,44.83
06-02-2025 13:00,13,3,2,0,0,25.43,4.12,0,35.63
06-02-2025 14:00,14,3,2,0,0,32.04,3.45,0,57.56
06-02-2025 15:00,15,3,2,0,0,31.28,4.68,0,55.56
06-02-2025 16:00,16,3,2,0,0,28.09,0.5,0,58.61
06-02-2025 17:00,17,3,2,0,0,28.71,4.4,0,70.19
06-02-2025 18:00,18,3,2,0,0,26.48,4.05,1,77.07
06-02-2025 19:00,19,3,2,0,0,27.54,2.58,1,95.39
06-02-2025 20:00,20,3,2,0,0,16.86,2.5,1,87.98
06-02-2025 21:00,21,3,2,0,0,21.8,1.71,1,82.92
06-02-2025 22:00,22,3,2,0,0,15.62,2.71,0,69.59
06-02-2025 23:00,23,3,2,0,0,14.69,4.9,0,52.4
07-02-2025 00:00,0,4,2,0,0,13.56,0.87,0,30.74
07-02-2025 01:00,1,4,2,0,0,13.16,2.53,0,32.29
07-02-2025 02:00,2,4,2,0,0,12.78,2.85,0,23.91
07-02-2025 03:00,3,4,2,0,0,6.8,4.99,0,35.23
07-02-2025 04:00,4,4,2,0,0,8.97,3.17,0,37.67
07-02-2025 05:00,5,4,2,0,0,11.23,4.13,0,45.64
07-02-2025 06:00,6,4,2,0,0,12.25,0.57,0,56.79
07-02-2025 07:00,7,4,2,0,0,15.65,7.28,1,65.56
07-02-2025 08:00,8,4,2,0,0,19.03,3.18,1,69.34
07-02-2025 09:00,9,4,2,0,0,16.77,3.81,1,58.03
07-02-2025 10:00,10,4,2,0,0,21.04,4.69,0,54.29
07-02-2025 11:00,11,4,2,0,0,24.61,2.47,0,47.23
07-02-2025 12:00,12,4,2,0,0,28.05,4.47,0,45.17
07-02-2025 13:00,13,4,2,0,0,26.2,2.28,0,40.7
07-02-2025 14:00,14,4,2,0,0,30.16,4.61,0,49.96
07-02-2025 15:00,15,4,2,0,0,26.66,3.1,0,47.43
07-02-2025 16:00,16,4,2,0,0,29.8,3.16,0,58.8
07-02-2025 17:00,17,4,2,0,0,28.36,2.24,0,67.84
07-02-2025 18:00,18,4,2,0,0,26.7,3.86,1,84.64
07-02-2025 19:00,19,4,2,0,0,24.39,0.97,1,84.23
07-02-2025 20:00,20,4,2,0,0,22.87,3.77,1,94.81
07-02-2025 21:00,21,4,2,0,0,22.2,1.56,1,81.95
07-02-2025 22:00,22,4,2,0,0,14.47,4.5,0,72.05
07-02-2025 23:00,23,4,2,0,0,17.21,3.1,0,67.1
08-02-2025 00:00,0,5,2,1,0,13.05,1.56,0,25.32
08-02-2025 01:00,1,5,2,1,0,10.86,1.25,0,23.26
08-02-2025 02:00,2,5,2,1,0,11.6,2.95,0,28.48
08-02-2025 03:00,3,5,2,1,0,8.88,2.76,0,26.82
08-02-2025 04:00,4,5,2,1,0,12.06,0.5,0,23.63
08-02-2025 05:00,5,5,2,1,0,9.35,3.57,0,37.46
08-02-2025 06:00,6,5,2,1,0,12.43,3.63,0,42.07
08-02-2025 07:00,7,5,2,1,0,16.6,5.77,1,49.3
08-02-2025 08:00,8,5,2,1,0,16.79,2.41,1,49.47
08-02-2025 09:00,9,5,2,1,0,19.6,3.78,1,50.13
08-02-2025 10:00,10,5,2,1,0,24.77,4.5,0,50.94
08-02-2025 11:00,11,5,2,1,0,26.96,5.65,0,45.75
08-02-2025 12:00,12,5,2,1,0,30.28,2.73,0,48.25
08-02-2025 13:00,13,5,2,1,0,27.92,0.5,0,43.34
08-02-2025 14:00,14,5,2,1,0,31.13,2.57,0,46.49
08-02-2025 15:00,15,5,2,1,0,31.15,7.52,0,46.73
08-02-2025 16:00,16,5,2,1,0,31.66,2.25,0,57.28
08-02-2025 17:00,17,5,2,1,0,26.87,0.5,0,53.53
08-02-2025 18:00,18,5,2,1,0,28.74,3.09,1,71.1
08-02-2025 19:00,19,5,2,1,0,24.19,4.79,1,68
08-02-2025 20:00,20,5,2,1,0,23.85,2.65,1,71.75
08-02-2025 21:00,21,5,2,1,0,17.79,2.4,1,63.68
08-02-2025 22:00,22,5,2,1,0,17.43,6.43,0,56.25
08-02-2025 23:00,23,5,2,1,0,14.48,4.48,0,46.81
09-02-2025 00:00,0,6,2,1,0,7.18,3.22,0,26.97
09-02-2025 01:00,1,6,2,1,0,9.49,2.82,0,27.74
09-02-2025 02:00,2,6,2,1,0,10.43,3.75,0,25.79
09-02-2025 03:00,3,6,2,1,0,8.89,4,0,30.84
09-02-2025 04:00,4,6,2,1,0,11.76,6.16,0,29.15
09-02-2025 05:00,5,6,2,1,0,13.62,3.92,0,35.49
09-02-2025 06:00,6,6,2,1,0,13.7,3.13,0,44.74
09-02-2025 07:00,7,6,2,1,0,12.82,5.46,1,51.01
09-02-2025 08:00,8,6,2,1,0,15.45,2.24,1,53.78
09-02-2025 09:00,9,6,2,1,0,16.61,5.14,1,48.21
09-02-2025 10:00,10,6,2,1,0,21.09,4.06,0,45.5
09-02-2025 11:00,11,6,2,1,0,25.37,0.5,0,41.76
09-02-2025 12:00,12,6,2,1,0,22.56,2.75,0,26.5
09-02-2025 13:00,13,6,2,1,0,27.2,4.4,0,31.41
09-02-2025 14:00,14,6,2,1,0,30.47,3.2,0,41.02
09-02-2025 15:00,15,6,2,1,0,34.1,1.71,0,54.88
09-02-2025 16:00,16,6,2,1,0,29.33,3.01,0,50.07
09-02-2025 17:00,17,6,2,1,0,30.4,4.32,0,63.16
09-02-2025 18:00,18,6,2,1,0,27.59,6.15,1,67.95
09-02-2025 19:00,19,6,2,1,0,26.05,3.18,1,78.17
09-02-2025 20:00,20,6,2,1,0,19.35,1.72,1,72.25
09-02-2025 21:00,21,6,2,1,0,19.64,3.74,1,64.82
09-02-2025 22:00,22,6,2,1,0,11.39,3.09,0,54.8
09-02-2025 23:00,23,6,2,1,0,15.02,1.82,0,40.48
10-02-2025 00:00,0,0,2,0,0,13.06,2.38,0,31.23
10-02-2025 01:00,1,0,2,0,0,9.12,4.36,0,30.49
10-02-2025 02:00,2,0,2,0,0,7.96,1.86,0,30.88
10-02-2025 03:00,3,0,2,0,0,10.83,2.5,0,32.4
10-02-2025 04:00,4,0,2,0,0,10.87,5.4,0,36.46
10-02-2025 05:00,5,0,2,0,0,10.93,4.15,0,39.89
10-02-2025 06:00,6,0,2,0,0,10.68,3.61,0,54.89
10-02-2025 07:00,7,0,2,0,0,13.37,1.35,1,69.23
10-02-2025 08:00,8,0,2,0,0,16.15,2.59,1,72.58
10-02-2025 09:00,9,0,2,0,0,19.24,2.32,1,71.96
10-02-2025 10:00,10,0,2,0,0,23.24,2.49,0,53.59
10-02-2025 11:00,11,0,2,0,0,25.09,1.59,0,42.07
10-02-2025 12:00,12,0,2,0,0,24.61,4.33,0,39.34
10-02-2025 13:00,13,0,2,0,0,21.67,1.87,0,36.69
10-02-2025 14:00,14,0,2,0,0,30.13,2.76,0,50.75
10-02-2025 15:00,15,0,2,0,0,30.54,4.56,0,54.41
10-02-2025 16:00,16,0,2,0,0,30.49,4.45,0,61.7
10-02-2025 17:00,17,0,2,0,0,28.57,3,0,71.09
10-02-2025 18:00,18,0,2,0,0,24.85,0.61,1,76.19
10-02-2025 19:00,19,0,2,0,0,26.05,3.05,1,87.82
10-02-2025 20:00,20,0,2,0,0,25.86,3.92,1,96.58
10-02-2025 21:00,21,0,2,0,0,21.68,3.8,1,83.69
10-02-2025 22:00,22,0,2,0,0,18.65,5.64,0,72.84
10-02-2025 23:00,23,0,2,0,0,14.38,6.38,0,57.79
11-02-2025 00:00,0,1,2,0,0,13.96,0.88,0,38.87
11-02-2025 01:00,1,1,2,0,0,12.4,2.75,0,28.82
11-02-2025 02:00,2,1,2,0,0,11.02,0.82,0,25.23
11-02-2025 03:00,3,1,2,0,0,8.5,3.44,0,36.88
11-02-2025 04:00,4,1,2,0,0,9.72,0.5,0,33.65
11-02-2025 05:00,5,1,2,0,0,9.87,3.35,0,40.96
11-02-2025 06:00,6,1,2,0,0,11.22,5.07,0,51.13
11-02-2025 07:00,7,1,2,0,0,13.67,3.12,1,70.7
11-02-2025 08:00,8,1,2,0,0,14.71,3.95,1,67.23
11-02-2025 09:00,9,1,2,0,0,17.74,5.63,1,64.28
11-02-2025 10:00,10,1,2,0,0,23.15,3.87,0,60.29
11-02-2025 11:00,11,1,2,0,0,24.6,4.16,0,40.59
11-02-2025 12:00,12,1,2,0,0,27.67,1.1,0,46.68
11-02-2025 13:00,13,1,2,0,0,28.93,2.38,0,40.66
11-02-2025 14:00,14,1,2,0,0,30.51,4.84,0,51.14
11-02-2025 15:00,15,1,2,0,0,29.75,2.27,0,48.58
11-02-2025 16:00,16,1,2,0,0,28.38,3.61,0,58.43
11-02-2025 17:00,17,1,2,0,0,27.84,2.21,0,69.85
11-02-2025 18:00,18,1,2,0,0,27.23,4.27,1,84.1
11-02-2025 19:00,19,1,2,0,0,21.43,5.03,1,83.86
11-02-2025 20:00,20,1,2,0,0,25.45,2.58,1,94.08
11-02-2025 21:00,21,1,2,0,0,21.28,0.57,1,84.84
11-02-2025 22:00,22,1,2,0,0,17.65,5.37,0,75.06
11-02-2025 23:00,23,1,2,0,0,18.57,4.24,0,57.21
12-02-2025 00:00,0,2,2,0,0,11.91,2.04,0,32.86
12-02-2025 01:00,1,2,2,0,0,10.25,3.45,0,31.42
12-02-2025 02:00,2,2,2,0,0,8.24,1.81,0,38.58
12-02-2025 03:00,3,2,2,0,0,12.57,4.44,0,29.5
12-02-2025 04:00,4,2,2,0,0,10.64,5.09,0,35.63
12-02-2025 05:00,5,2,2,0,0,12.89,3.81,0,41.69
12-02-2025 06:00,6,2,2,0,0,13.79,3.88,0,57.23
12-02-2025 07:00,7,2,2,0,0,15.5,3.22,1,68.24
12-02-2025 08:00,8,2,2,0,0,16.33,3.05,1,66.17
12-02-2025 09:00,9,2,2,0,0,20.23,4.11,1,64.71
12-02-2025 10:00,10,2,2,0,0,20.91,3.75,0,54.65
12-02-2025 11:00,11,2,2,0,0,25.83,6.48,0,51.35
12-02-2025 12:00,12,2,2,0,0,25.07,2.43,0,38.82
12-02-2025 13:00,13,2,2,0,0,27.54,1.95,0,39.23
12-02-2025 14:00,14,2,2,0,0,31.8,2.27,0,57.85
12-02-2025 15:00,15,2,2,0,0,26.21,4.43,0,46.33
12-02-2025 16:00,16,2,2,0,0,31.73,4.71,0,66.48
12-02-2025 17:00,17,2,2,0,0,30.73,1.97,0,75.06
12-02-2025 18:00,18,2,2,0,0,27.46,3.04,1,85.75
12-02-2025 19:00,19,2,2,0,0,26.58,4.42,1,94.72
12-02-2025 20:00,20,2,2,0,0,21.24,4.24,1,92.62
12-02-2025 21:00,21,2,2,0,0,20.21,0.5,1,92.26
12-02-2025 22:00,22,2,2,0,0,15.68,4.88,0,71.29
12-02-2025 23:00,23,2,2,0,0,10.64,0.93,0,53.19
13-02-2025 00:00,0,3,2,0,0,12.42,2.74,0,25.98
13-02-2025 01:00,1,3,2,0,0,11.05,4.27,0,34.51
13-02-2025 02:00,2,3,2,0,0,10.85,2.35,0,27.4
13-02-2025 03:00,3,3,2,0,0,8.72,7.3,0,26.88
13-02-2025 04:00,4,3,2,0,0,8.46,4.05,0,41.06
13-02-2025 05:00,5,3,2,0,0,9.51,3.18,0,43.06
13-02-2025 06:00,6,3,2,0,0,10.75,3.98,0,58.45
13-02-2025 07:00,7,3,2,0,0,11.26,2.46,1,67.96
13-02-2025 08:00,8,3,2,0,0,16.58,2.13,1,67.11
13-02-2025 09:00,9,3,2,0,0,19.33,4.13,1,61.52
13-02-2025 10:00,10,3,2,0,0,24.61,2.61,0,55.92
13-02-2025 11:00,11,3,2,0,0,23.83,0.5,0,43.02
13-02-2025 12:00,12,3,2,0,0,26.98,2.99,0,48.37
13-02-2025 13:00,13,3,2,0,0,28.12,3.33,0,40.03
13-02-2025 14:00,14,3,2,0,0,28.12,1.75,0,41.53
13-02-2025 15:00,15,3,2,0,0,31.36,0.5,0,57.39
13-02-2025 16:00,16,3,2,0,0,30.87,5.55,0,65.1
13-02-2025 17:00,17,3,2,0,0,29.19,3.96,0,71.57
13-02-2025 18:00,18,3,2,0,0,26.72,2.9,1,76.63
13-02-2025 19:00,19,3,2,0,0,25.93,1.26,1,93.1
13-02-2025 20:00,20,3,2,0,0,19,1.93,1,90.56
13-02-2025 21:00,21,3,2,0,0,21.66,3.14,1,83.78
13-02-2025 22:00,22,3,2,0,0,15.95,4.8,0,72.89
13-02-2025 23:00,23,3,2,0,0,16.53,5.46,0,57.34
14-02-2025 00:00,0,4,2,0,0,14.55,1.81,0,31.86
14-02-2025 01:00,1,4,2,0,0,14.32,3.88,0,35.57
14-02-2025 02:00,2,4,2,0,0,11.39,2.52,0,33.81
14-02-2025 03:00,3,4,2,0,0,10.35,3.17,0,31.67
14-02-2025 04:00,4,4,2,0,0,6.35,3.08,0,36.45
14-02-2025 05:00,5,4,2,0,0,9.39,3.14,0,40.44
14-02-2025 06:00,6,4,2,0,0,11.76,2.44,0,52.28
14-02-2025 07:00,7,4,2,0,0,14.31,4.21,1,63.91
14-02-2025 08:00,8,4,2,0,0,14.58,4.08,1,71.57
14-02-2025 09:00,9,4,2,0,0,19.63,4.17,1,63.15
14-02-2025 10:00,10,4,2,0,0,23.99,1.09,0,55.87
14-02-2025 11:00,11,4,2,0,0,27.89,4.68,0,56.78
14-02-2025 12:00,12,4,2,0,0,26.14,4.12,0,44.49
14-02-2025 13:00,13,4,2,0,0,24.88,4.49,0,34.65
14-02-2025 14:00,14,4,2,0,0,30.81,1.42,0,51.75
14-02-2025 15:00,15,4,2,0,0,28.41,3.67,0,50.37
14-02-2025 16:00,16,4,2,0,0,31.86,4.64,0,63.77
14-02-2025 17:00,17,4,2,0,0,29.18,3.84,0,69.13
14-02-2025 18:00,18,4,2,0,0,27.9,4.47,1,86.99
14-02-2025 19:00,19,4,2,0,0,27.57,1.98,1,95.44
14-02-2025 20:00,20,4,2,0,0,25.12,3.87,1,93.95
14-02-2025 21:00,21,4,2,0,0,18.94,2.21,1,88.06
14-02-2025 22:00,22,4,2,0,0,19.36,2.51,0,76.67
14-02-2025 23:00,23,4,2,0,0,16.31,2.23,0,63.41
15-02-2025 00:00,0,5,2,1,0,13.82,5.01,0,28
15-02-2025 01:00,1,5,2,1,0,10.38,2.25,0,23.87
15-02-2025 02:00,2,5,2,1,0,11.35,3.96,0,23.45
15-02-2025 03:00,3,5,2,1,0,10.09,8.31,0,25.35
15-02-2025 04:00,4,5,2,1,0,10.32,2.29,0,24.89
15-02-2025 05:00,5,5,2,1,0,9.55,2.06,0,34.31
15-02-2025 06:00,6,5,2,1,0,13.72,3.12,0,45.19
15-02-2025 07:00,7,5,2,1,0,15.45,2.1,1,50.65
15-02-2025 08:00,8,5,2,1,0,17.4,1.71,1,57.43
15-02-2025 09:00,9,5,2,1,0,19.48,3.7,1,51.83
15-02-2025 10:00,10,5,2,1,0,20.37,4.18,0,43.49
15-02-2025 11:00,11,5,2,1,0,22.19,3.67,0,29.91
15-02-2025 12:00,12,5,2,1,0,25.44,5.45,0,33.12
15-02-2025 13:00,13,5,2,1,0,30.91,4.2,0,41.23
15-02-2025 14:00,14,5,2,1,0,30.48,3.4,0,43.49
15-02-2025 15:00,15,5,2,1,0,27.67,2.71,0,43.27
15-02-2025 16:00,16,5,2,1,0,29.25,2.53,0,48.83
15-02-2025 17:00,17,5,2,1,0,27.69,1.89,0,58.95
15-02-2025 18:00,18,5,2,1,0,26.53,3.35,1,66.17
15-02-2025 19:00,19,5,2,1,0,25.49,4.13,1,76.57
15-02-2025 20:00,20,5,2,1,0,17.23,3.76,1,72.54
15-02-2025 21:00,21,5,2,1,0,20.29,3.81,1,68.14
15-02-2025 22:00,22,5,2,1,0,18.14,3.68,0,57.17
15-02-2025 23:00,23,5,2,1,0,14.52,0.5,0,49.47
16-02-2025 00:00,0,6,2,1,0,12.49,2.28,0,26.95
16-02-2025 01:00,1,6,2,1,0,9.81,4.31,0,23.8
16-02-2025 02:00,2,6,2,1,0,11.84,3.5,0,24.65
16-02-2025 03:00,3,6,2,1,0,11.28,5.59,0,24.61
16-02-2025 04:00,4,6,2,1,0,11.54,5.23,0,25.89
16-02-2025 05:00,5,6,2,1,0,14.33,3.3,0,38.89
16-02-2025 06:00,6,6,2,1,0,15.13,4.16,0,41.98
16-02-2025 07:00,7,6,2,1,0,14.46,2.94,1,50.03
16-02-2025 08:00,8,6,2,1,0,14.72,2.39,1,53.9
16-02-2025 09:00,9,6,2,1,0,21.76,4.53,1,50.58
16-02-2025 10:00,10,6,2,1,0,21.73,5.76,0,46.92
16-02-2025 11:00,11,6,2,1,0,23.79,3.96,0,32.74
16-02-2025 12:00,12,6,2,1,0,25.75,5.1,0,32.18
16-02-2025 13:00,13,6,2,1,0,28.36,4.58,0,36.3
16-02-2025 14:00,14,6,2,1,0,29.61,4.98,0,41.83
16-02-2025 15:00,15,6,2,1,0,29.55,3.7,0,45.26
16-02-2025 16:00,16,6,2,1,0,31.21,7.12,0,49.83
16-02-2025 17:00,17,6,2,1,0,31.41,6.06,0,66.97
16-02-2025 18:00,18,6,2,1,0,27.02,4.82,1,65.15
16-02-2025 19:00,19,6,2,1,0,26.82,3.84,1,74.13
16-02-2025 20:00,20,6,2,1,0,23.81,5.21,1,69.69
16-02-2025 21:00,21,6,2,1,0,17.85,5.32,1,68.1
16-02-2025 22:00,22,6,2,1,0,21.58,4.35,0,62.14
16-02-2025 23:00,23,6,2,1,0,12.58,0.76,0,45.07
17-02-2025 00:00,0,0,2,0,0,13.38,4.36,0,25.21
17-02-2025 01:00,1,0,2,0,0,12.52,0.5,0,30.08
17-02-2025 02:00,2,0,2,0,0,8.97,0.5,0,35.17
17-02-2025 03:00,3,0,2,0,0,9.75,3.23,0,25.81
17-02-2025 04:00,4,0,2,0,0,11.88,4.28,0,37.39
17-02-2025 05:00,5,0,2,0,0,12.57,5.54,0,46.03
17-02-2025 06:00,6,0,2,0,0,12.24,2.65,0,57.98
17-02-2025 07:00,7,0,2,0,0,16.14,5.16,1,61.26
17-02-2025 08:00,8,0,2,0,0,16.76,5.22,1,66.05
17-02-2025 09:00,9,0,2,0,0,18.75,3.69,1,66.94
17-02-2025 10:00,10,0,2,0,0,21.85,3.34,0,51.36
17-02-2025 11:00,11,0,2,0,0,25.29,1.4,0,44.04
17-02-2025 12:00,12,0,2,0,0,27.96,2.35,0,42.36
17-02-2025 13:00,13,0,2,0,0,25.18,5.38,0,33.35
17-02-2025 14:00,14,0,2,0,0,26.69,3.27,0,38.17
17-02-2025 15:00,15,0,2,0,0,32.83,3.32,0,56.97
17-02-2025 16:00,16,0,2,0,0,29.79,2.13,0,64.37
17-02-2025 17:00,17,0,2,0,0,31.83,6.23,0,76.68
17-02-2025 18:00,18,0,2,0,0,27.6,1.76,1,82.55
17-02-2025 19:00,19,0,2,0,0,20.92,2.7,1,87.89
17-02-2025 20:00,20,0,2,0,0,19.92,4.11,1,90.68
17-02-2025 21:00,21,0,2,0,0,22.02,2.59,1,86.66
17-02-2025 22:00,22,0,2,0,0,21.86,4.75,0,70.31
17-02-2025 23:00,23,0,2,0,0,16.95,3.78,0,58.3
18-02-2025 00:00,0,1,2,0,0,13.74,4.26,0,29.05
18-02-2025 01:00,1,1,2,0,0,14.33,3.65,0,31.98
18-02-2025 02:00,2,1,2,0,0,12.22,4.2,0,26.72
18-02-2025 03:00,3,1,2,0,0,9.36,4.02,0,32.24
18-02-2025 04:00,4,1,2,0,0,17.31,3.18,0,35.22
18-02-2025 05:00,5,1,2,0,0,11.92,3.63,0,41.69
18-02-2025 06:00,6,1,2,0,0,9.36,2.73,0,48.76
18-02-2025 07:00,7,1,2,0,0,15.56,1.9,1,67.39
18-02-2025 08:00,8,1,2,0,0,14.89,3.47,1,73.49
18-02-2025 09:00,9,1,2,0,0,18.7,4.27,1,65.22
18-02-2025 10:00,10,1,2,0,0,27.12,1.79,0,61.64
18-02-2025 11:00,11,1,2,0,0,25.99,4.06,0,47.52
18-02-2025 12:00,12,1,2,0,0,24.71,1.92,0,38.83
18-02-2025 13:00,13,1,2,0,0,31.28,3.16,0,48.76
18-02-2025 14:00,14,1,2,0,0,29.17,2.06,0,42.86
18-02-2025 15:00,15,1,2,0,0,30.54,5.48,0,58.98
18-02-2025 16:00,16,1,2,0,0,28.75,5.49,0,58.78
18-02-2025 17:00,17,1,2,0,0,27.21,4.65,0,65.32
18-02-2025 18:00,18,1,2,0,0,27.02,2.12,1,86.47
18-02-2025 19:00,19,1,2,0,0,25.17,5.36,1,87.02
18-02-2025 20:00,20,1,2,0,0,20.5,4.19,1,92.45
18-02-2025 21:00,21,1,2,0,0,18.72,5.76,1,82.38
18-02-2025 22:00,22,1,2,0,0,17.29,3.2,0,72.86
18-02-2025 23:00,23,1,2,0,0,14.59,3.75,0,61.54
19-02-2025 00:00,0,2,2,0,0,11.78,5.27,0,36.13
19-02-2025 01:00,1,2,2,0,0,11.89,4,0,28.18
19-02-2025 02:00,2,2,2,0,0,11.45,3.96,0,22.77
19-02-2025 03:00,3,2,2,0,0,14,5.39,0,30.57
19-02-2025 04:00,4,2,2,0,0,12.69,3.07,0,38.84
19-02-2025 05:00,5,2,2,0,0,9.8,1.53,0,39.87
19-02-2025 06:00,6,2,2,0,0,12.24,2.99,0,53.56
19-02-2025 07:00,7,2,2,0,0,13.91,1.37,1,67.77
19-02-2025 08:00,8,2,2,0,0,15.5,4.66,1,72.44
19-02-2025 09:00,9,2,2,0,0,21.19,7.77,1,61.77
19-02-2025 10:00,10,2,2,0,0,15.12,1.9,0,49.7
19-02-2025 11:00,11,2,2,0,0,23.68,2.56,0,45
19-02-2025 12:00,12,2,2,0,0,24.77,1.28,0,33.82
19-02-2025 13:00,13,2,2,0,0,29.21,4.22,0,49.73
19-02-2025 14:00,14,2,2,0,0,31.77,1.42,0,56.54
19-02-2025 15:00,15,2,2,0,0,29.67,4.93,0,56.54
19-02-2025 16:00,16,2,2,0,0,31.09,3.75,0,64.96
19-02-2025 17:00,17,2,2,0,0,31.37,2.88,0,76.58
19-02-2025 18:00,18,2,2,0,0,25.96,5.05,1,73.82
19-02-2025 19:00,19,2,2,0,0,28.27,2.46,1,98.18
19-02-2025 20:00,20,2,2,0,0,19.13,5.07,1,90.4
19-02-2025 21:00,21,2,2,0,0,18.17,2.08,1,84.5
19-02-2025 22:00,22,2,2,0,0,14.85,2.28,0,74.58
19-02-2025 23:00,23,2,2,0,0,17.21,3.1,0,57.48
20-02-2025 00:00,0,3,2,0,0,15.27,2.98,0,33.84
20-02-2025 01:00,1,3,2,0,0,6.32,3.97,0,32.03
20-02-2025 02:00,2,3,2,0,0,9.89,3.3,0,31.26
20-02-2025 03:00,3,3,2,0,0,9.29,3.11,0,33.2
20-02-2025 04:00,4,3,2,0,0,9.61,3.28,0,33.12
20-02-2025 05:00,5,3,2,0,0,10.21,3.34,0,44.68
20-02-2025 06:00,6,3,2,0,0,13.26,2.87,0,57.23
20-02-2025 07:00,7,3,2,0,0,13.98,3.84,1,65.7
20-02-2025 08:00,8,3,2,0,0,16.9,4.46,1,71.91
20-02-2025 09:00,9,3,2,0,0,17.34,4.45,1,69.44
20-02-2025 10:00,10,3,2,0,0,22.61,1.67,0,51.5
20-02-2025 11:00,11,3,2,0,0,24.38,2.63,0,46.86
20-02-2025 12:00,12,3,2,0,0,26.81,0.82,0,40.98
20-02-2025 13:00,13,3,2,0,0,27.14,5.98,0,39.98
20-02-2025 14:00,14,3,2,0,0,31.4,3.83,0,50.3
20-02-2025 15:00,15,3,2,0,0,26.79,0.55,0,44.94
20-02-2025 16:00,16,3,2,0,0,30.87,3.4,0,60
20-02-2025 17:00,17,3,2,0,0,29.23,3.18,0,73.54
20-02-2025 18:00,18,3,2,0,0,27.12,5.87,1,84.92
20-02-2025 19:00,19,3,2,0,0,24.18,2.73,1,86.41
20-02-2025 20:00,20,3,2,0,0,22.64,0.95,1,87.65
20-02-2025 21:00,21,3,2,0,0,16.38,4.43,1,81.35
20-02-2025 22:00,22,3,2,0,0,21.18,7.86,0,80.94
20-02-2025 23:00,23,3,2,0,0,16.55,3.75,0,56.57
21-02-2025 00:00,0,4,2,0,0,10.34,1.79,0,29.96
21-02-2025 01:00,1,4,2,0,0,9.2,5.45,0,28.44
21-02-2025 02:00,2,4,2,0,0,10.19,3.56,0,38.59
21-02-2025 03:00,3,4,2,0,0,8.7,4.28,0,28.28
21-02-2025 04:00,4,4,2,0,0,10.32,1.69,0,36.66
21-02-2025 05:00,5,4,2,0,0,11.6,4.36,0,35.71
21-02-2025 06:00,6,4,2,0,0,8.72,0.84,0,53.64
21-02-2025 07:00,7,4,2,0,0,16.13,2.24,1,67.7
21-02-2025 08:00,8,4,2,0,0,12.11,3.48,1,74.61
21-02-2025 09:00,9,4,2,0,0,15.24,4.76,1,64.45
21-02-2025 10:00,10,4,2,0,0,16.84,2.18,0,56.12
21-02-2025 11:00,11,4,2,0,0,25.81,7.34,0,47.81
21-02-2025 12:00,12,4,2,0,0,28.6,3.45,0,47.53
21-02-2025 13:00,13,4,2,0,0,27.53,3.43,0,43.83
21-02-2025 14:00,14,4,2,0,0,27.3,1.77,0,39.62
21-02-2025 15:00,15,4,2,0,0,30,2.36,0,54.04
21-02-2025 16:00,16,4,2,0,0,32.35,3.32,0,66.71
21-02-2025 17:00,17,4,2,0,0,32.36,6.03,0,78.69
21-02-2025 18:00,18,4,2,0,0,25.12,2.37,1,76.44
21-02-2025 19:00,19,4,2,0,0,25.79,3.46,1,85.82
21-02-2025 20:00,20,4,2,0,0,23.4,8.34,1,88.98
21-02-2025 21:00,21,4,2,0,0,18.8,3.32,1,84.17
21-02-2025 22:00,22,4,2,0,0,15.77,4.71,0,68.62
21-02-2025 23:00,23,4,2,0,0,15.71,3.09,0,56.85
22-02-2025 00:00,0,5,2,1,0,17.48,3.17,0,27.24
22-02-2025 01:00,1,5,2,1,0,11.5,4.49,0,19.38
22-02-2025 02:00,2,5,2,1,0,9.01,5.72,0,25.69
22-02-2025 03:00,3,5,2,1,0,9.49,2.11,0,32.59
22-02-2025 04:00,4,5,2,1,0,8.45,1.93,0,28.88
22-02-2025 05:00,5,5,2,1,0,12.06,3.88,0,41.13
22-02-2025 06:00,6,5,2,1,0,12.89,1.34,0,37.36
22-02-2025 07:00,7,5,2,1,0,14.76,2.38,1,51.53
22-02-2025 08:00,8,5,2,1,0,16.95,3.72,1,55.97
22-02-2025 09:00,9,5,2,1,0,19.58,1.71,1,52.21
22-02-2025 10:00,10,5,2,1,0,19.87,3.32,0,45.18
22-02-2025 11:00,11,5,2,1,0,26.74,2.68,0,39.11
22-02-2025 12:00,12,5,2,1,0,25.34,0.85,0,34.34
22-02-2025 13:00,13,5,2,1,0,24.88,2.21,0,28.4
22-02-2025 14:00,14,5,2,1,0,31.34,0.99,0,48.03
22-02-2025 15:00,15,5,2,1,0,29.74,4.38,0,41.36
22-02-2025 16:00,16,5,2,1,0,28.29,6.33,0,48.48
22-02-2025 17:00,17,5,2,1,0,27.75,4.29,0,61.32
22-02-2025 18:00,18,5,2,1,0,29.43,0.95,1,73.81
22-02-2025 19:00,19,5,2,1,0,24.58,4.33,1,69.96
22-02-2025 20:00,20,5,2,1,0,20.52,3.38,1,72.32
22-02-2025 21:00,21,5,2,1,0,18.63,1.95,1,67.79
22-02-2025 22:00,22,5,2,1,0,12.55,2.81,0,62.87
22-02-2025 23:00,23,5,2,1,0,14.2,0.63,0,46.22
23-02-2025 00:00,0,6,2,1,0,14.95,3.27,0,22.79
23-02-2025 01:00,1,6,2,1,0,12.09,4.17,0,27.14
23-02-2025 02:00,2,6,2,1,0,10.82,3.74,0,23.85
23-02-2025 03:00,3,6,2,1,0,9.72,4.92,0,23.62
23-02-2025 04:00,4,6,2,1,0,9.26,0.65,0,27.86
23-02-2025 05:00,5,6,2,1,0,11.8,4.17,0,33.72
23-02-2025 06:00,6,6,2,1,0,17.36,3.44,0,44.87
23-02-2025 07:00,7,6,2,1,0,14.69,2.53,1,53.95
23-02-2025 08:00,8,6,2,1,0,17.79,1.28,1,53.77
23-02-2025 09:00,9,6,2,1,0,19.59,2.46,1,53.18
23-02-2025 10:00,10,6,2,1,0,20.63,4.56,0,46.33
23-02-2025 11:00,11,6,2,1,0,25.03,3.81,0,38.61
23-02-2025 12:00,12,6,2,1,0,26.83,2.08,0,35.22
23-02-2025 13:00,13,6,2,1,0,27.88,4.8,0,36.41
23-02-2025 14:00,14,6,2,1,0,31.34,2.46,0,45.78
23-02-2025 15:00,15,6,2,1,0,28.37,6.03,0,40.59
23-02-2025 16:00,16,6,2,1,0,31.89,3.39,0,52.69
23-02-2025 17:00,17,6,2,1,0,30.05,2.82,0,63.64
23-02-2025 18:00,18,6,2,1,0,26.41,4.04,1,69.28
23-02-2025 19:00,19,6,2,1,0,28.22,2.68,1,76.17
23-02-2025 20:00,20,6,2,1,0,20.58,3.2,1,76.99
23-02-2025 21:00,21,6,2,1,0,17.66,2.17,1,64.83
23-02-2025 22:00,22,6,2,1,0,16.52,5.47,0,54.5
23-02-2025 23:00,23,6,2,1,0,12.84,3.26,0,46.86
24-02-2025 00:00,0,0,2,0,0,14.77,3.45,0,29.72
24-02-2025 01:00,1,0,2,0,0,13,6.7,0,31.52
24-02-2025 02:00,2,0,2,0,0,10.9,1.61,0,29.5
24-02-2025 03:00,3,0,2,0,0,10.78,4.14,0,34.64
24-02-2025 04:00,4,0,2,0,0,9.99,2.61,0,37.22
24-02-2025 05:00,5,0,2,0,0,11.9,2.34,0,48.26
24-02-2025 06:00,6,0,2,0,0,12.48,1.65,0,53.61
24-02-2025 07:00,7,0,2,0,0,15.61,4.9,1,68.65
24-02-2025 08:00,8,0,2,0,0,13.26,3.24,1,68.48
24-02-2025 09:00,9,0,2,0,0,23.17,3.77,1,68.33
24-02-2025 10:00,10,0,2,0,0,23.56,3.37,0,53.49
24-02-2025 11:00,11,0,2,0,0,23.42,2.42,0,40.26
24-02-2025 12:00,12,0,2,0,0,26.46,3.04,0,40.09
24-02-2025 13:00,13,0,2,0,0,29.83,2.42,0,44.45
24-02-2025 14:00,14,0,2,0,0,30.03,3.46,0,46.9
24-02-2025 15:00,15,0,2,0,0,31.29,3.71,0,54.86
24-02-2025 16:00,16,0,2,0,0,28.32,3.8,0,47.76
24-02-2025 17:00,17,0,2,0,0,29.54,1,0,70.7
24-02-2025 18:00,18,0,2,0,0,27.46,3.73,1,83.46
24-02-2025 19:00,19,0,2,0,0,27.28,1.9,1,94.97
24-02-2025 20:00,20,0,2,0,0,26.15,3.65,1,93.83
24-02-2025 21:00,21,0,2,0,0,19.89,3.7,1,83.03
24-02-2025 22:00,22,0,2,0,0,20.45,4.88,0,69.54
24-02-2025 23:00,23,0,2,0,0,14.05,2.24,0,59.22
25-02-2025 00:00,0,1,2,0,0,17.19,5.04,0,33.03
25-02-2025 01:00,1,1,2,0,0,12.31,7.51,0,26.95
25-02-2025 02:00,2,1,2,0,0,9.31,4.1,0,27.14
25-02-2025 03:00,3,1,2,0,0,9.29,2.53,0,33.46
25-02-2025 04:00,4,1,2,0,0,11.33,5.9,0,30.52
25-02-2025 05:00,5,1,2,0,0,8.06,4.21,0,45.53
25-02-2025 06:00,6,1,2,0,0,16.89,3.48,0,52.9
25-02-2025 07:00,7,1,2,0,0,13.88,3.78,1,62.88
25-02-2025 08:00,8,1,2,0,0,17.48,4.09,1,65.82
25-02-2025 09:00,9,1,2,0,0,18.54,1.27,1,68.64
25-02-2025 10:00,10,1,2,0,0,22.15,6.47,0,54.09
25-02-2025 11:00,11,1,2,0,0,22.6,4.26,0,42.34
25-02-2025 12:00,12,1,2,0,0,28.03,1.54,0,45.76
25-02-2025 13:00,13,1,2,0,0,26.01,1.13,0,41.12
25-02-2025 14:00,14,1,2,0,0,27.88,5.16,0,42.02
25-02-2025 15:00,15,1,2,0,0,29.92,3.15,0,49.13
25-02-2025 16:00,16,1,2,0,0,29.59,4.7,0,60.85
25-02-2025 17:00,17,1,2,0,0,30.6,1.8,0,74.69
25-02-2025 18:00,18,1,2,0,0,27.88,4.6,1,81.59
25-02-2025 19:00,19,1,2,0,0,25.32,4.44,1,91.65
25-02-2025 20:00,20,1,2,0,0,23.18,1.74,1,91.62
25-02-2025 21:00,21,1,2,0,0,21.4,3.81,1,82.17
25-02-2025 22:00,22,1,2,0,0,15.84,4.76,0,73.05
25-02-2025 23:00,23,1,2,0,0,14.49,4.73,0,54.84
26-02-2025 00:00,0,2,2,0,0,13.78,2.83,0,30.23
26-02-2025 01:00,1,2,2,0,0,11.62,3.97,0,32.53
26-02-2025 02:00,2,2,2,0,0,12.6,3.99,0,29.57
26-02-2025 03:00,3,2,2,0,0,8.67,5.26,0,36.68
26-02-2025 04:00,4,2,2,0,0,9.09,4.02,0,37.2
26-02-2025 05:00,5,2,2,0,0,11.03,3.97,0,41.66
26-02-2025 06:00,6,2,2,0,0,11.86,5.04,0,55.75
26-02-2025 07:00,7,2,2,0,0,17.18,4.03,1,70.28
26-02-2025 08:00,8,2,2,0,0,17.9,3.29,1,71.15
26-02-2025 09:00,9,2,2,0,0,18.47,3.87,1,67.14
26-02-2025 10:00,10,2,2,0,0,22.02,5.88,0,50.38
26-02-2025 11:00,11,2,2,0,0,27.8,4.75,0,53.56
26-02-2025 12:00,12,2,2,0,0,23.54,1.02,0,36.34
26-02-2025 13:00,13,2,2,0,0,27.7,1.07,0,44.24
26-02-2025 14:00,14,2,2,0,0,27.58,5.59,0,41.48
26-02-2025 15:00,15,2,2,0,0,26.7,4.84,0,48.43
26-02-2025 16:00,16,2,2,0,0,29.86,3.71,0,61.71
26-02-2025 17:00,17,2,2,0,0,28.4,6.06,0,67.95
26-02-2025 18:00,18,2,2,0,0,24.75,1.01,1,73.2
26-02-2025 19:00,19,2,2,0,0,24.04,2.16,1,89.29
26-02-2025 20:00,20,2,2,0,0,23.98,1.97,1,86.66
26-02-2025 21:00,21,2,2,0,0,20.54,3.75,1,83.04
26-02-2025 22:00,22,2,2,0,0,17.66,3.23,0,73.69
26-02-2025 23:00,23,2,2,0,0,13.77,3.71,0,62.18
27-02-2025 00:00,0,3,2,0,0,15.12,3.69,0,32.93
27-02-2025 01:00,1,3,2,0,0,11.88,4.1,0,28.91
27-02-2025 02:00,2,3,2,0,0,12.63,6.31,0,28.99
27-02-2025 03:00,3,3,2,0,0,11.07,6.18,0,37.14
27-02-2025 04:00,4,3,2,0,0,11.4,1.85,0,33.54
27-02-2025 05:00,5,3,2,0,0,10.3,3.65,0,42
27-02-2025 06:00,6,3,2,0,0,12.95,2.2,0,57.3
27-02-2025 07:00,7,3,2,0,0,17.7,2.31,1,65.15
27-02-2025 08:00,8,3,2,0,0,16.67,4.1,1,67.41
27-02-2025 09:00,9,3,2,0,0,20.01,5.87,1,64.8
27-02-2025 10:00,10,3,2,0,0,22.35,3.88,0,49.42
27-02-2025 11:00,11,3,2,0,0,26.23,6.35,0,50.13
27-02-2025 12:00,12,3,2,0,0,24.77,6.62,0,32.05
27-02-2025 13:00,13,3,2,0,0,28.51,2.74,0,39.6
27-02-2025 14:00,14,3,2,0,0,29.19,1.51,0,43.17
27-02-2025 15:00,15,3,2,0,0,30.42,0.87,0,56.32
27-02-2025 16:00,16,3,2,0,0,31.51,2.37,0,62.38
27-02-2025 17:00,17,3,2,0,0,28.81,5.01,0,66.82
27-02-2025 18:00,18,3,2,0,0,27.48,4.1,1,79.16
27-02-2025 19:00,19,3,2,0,0,25.44,5.04,1,92.33
27-02-2025 20:00,20,3,2,0,0,21.47,4.69,1,88.79
27-02-2025 21:00,21,3,2,0,0,18.32,5.57,1,83.2
27-02-2025 22:00,22,3,2,0,0,13.99,4.57,0,73.41
27-02-2025 23:00,23,3,2,0,0,10.43,4.25,0,57.98
28-02-2025 00:00,0,4,2,0,0,11.59,1.03,0,32.59
28-02-2025 01:00,1,4,2,0,0,10.89,2.81,0,33.69
28-02-2025 02:00,2,4,2,0,0,13.64,5.57,0,33.28
28-02-2025 03:00,3,4,2,0,0,9.72,3.94,0,34.49
28-02-2025 04:00,4,4,2,0,0,10.65,4.2,0,36.16
28-02-2025 05:00,5,4,2,0,0,8.47,3.62,0,44.08
28-02-2025 06:00,6,4,2,0,0,8.7,4.1,0,57.49
28-02-2025 07:00,7,4,2,0,0,14.03,2.7,1,67.72
28-02-2025 08:00,8,4,2,0,0,16.08,2.69,1,69.61
28-02-2025 09:00,9,4,2,0,0,20.19,1.99,1,63.21
28-02-2025 10:00,10,4,2,0,0,23.63,2.66,0,51.49
28-02-2025 11:00,11,4,2,0,0,26.94,3.25,0,48.74
28-02-2025 12:00,12,4,2,0,0,25.04,4.36,0,32.7
28-02-2025 13:00,13,4,2,0,0,30.63,3.19,0,51.11
28-02-2025 14:00,14,4,2,0,0,28.73,4.65,0,47.91
28-02-2025 15:00,15,4,2,0,0,34.49,4.35,0,61.87
28-02-2025 16:00,16,4,2,0,0,25.63,2.41,0,49.3
28-02-2025 17:00,17,4,2,0,0,26.67,6.66,0,66.4
28-02-2025 18:00,18,4,2,0,0,30.34,2.83,1,89.64
28-02-2025 19:00,19,4,2,0,0,27.9,3.31,1,93.87
28-02-2025 20:00,20,4,2,0,0,21.94,4.1,1,91.91
28-02-2025 21:00,21,4,2,0,0,20.86,2.59,1,85.42
28-02-2025 22:00,22,4,2,0,0,20.59,2.47,0,75.3
28-02-2025 23:00,23,4,2,0,0,14.17,5.13,0,57.85
01-03-2025 00:00,0,5,3,1,0,13.6,4.81,0,28
01-03-2025 01:00,1,5,3,1,0,14.97,0.5,0,22.54
01-03-2025 02:00,2,5,3,1,0,7.85,3.77,0,25.97
01-03-2025 03:00,3,5,3,1,0,6.63,3.75,0,18.8
01-03-2025 04:00,4,5,3,1,0,11.68,2.18,0,27.5
01-03-2025 05:00,5,5,3,1,0,9.58,2.01,0,33.89
01-03-2025 06:00,6,5,3,1,0,13.08,3.72,0,39.14
01-03-2025 07:00,7,5,3,1,0,15.54,4.75,1,53.57
01-03-2025 08:00,8,5,3,1,0,13.6,6.52,1,55.73
01-03-2025 09:00,9,5,3,1,0,22.34,4.33,1,49.05
01-03-2025 10:00,10,5,3,1,0,23.21,1.12,0,44.8
01-03-2025 11:00,11,5,3,1,0,23.2,4.38,0,30.03
01-03-2025 12:00,12,5,3,1,0,27.43,6.28,0,35.48
01-03-2025 13:00,13,5,3,1,0,29.17,1.85,0,42.54
01-03-2025 14:00,14,5,3,1,0,25.71,1.96,0,35.09
01-03-2025 15:00,15,5,3,1,0,31.1,4.11,0,49.19
01-03-2025 16:00,16,5,3,1,0,25.63,2.27,0,42.05
01-03-2025 17:00,17,5,3,1,0,29.97,3.51,0,59.49
01-03-2025 18:00,18,5,3,1,0,30.44,3.04,1,75.09
01-03-2025 19:00,19,5,3,1,0,26.99,3.56,1,77.41
01-03-2025 20:00,20,5,3,1,0,23.24,3.27,1,74.37
01-03-2025 21:00,21,5,3,1,0,21.79,2.28,1,73.56
01-03-2025 22:00,22,5,3,1,0,16.77,5.01,0,62.73
01-03-2025 23:00,23,5,3,1,0,16.46,2.14,0,49.62
02-03-2025 00:00,0,6,3,1,0,13.73,5.05,0,26.36
02-03-2025 01:00,1,6,3,1,0,13.26,4.49,0,22.33
02-03-2025 02:00,2,6,3,1,0,11.36,6.68,0,23.81
02-03-2025 03:00,3,6,3,1,0,10.42,2.77,0,25.19
02-03-2025 04:00,4,6,3,1,0,7.96,4.97,0,33.19
02-03-2025 05:00,5,6,3,1,0,9.83,3.19,0,31.77
02-03-2025 06:00,6,6,3,1,0,12.89,2.8,0,43.83
02-03-2025 07:00,7,6,3,1,0,15.11,5.62,1,53.08
02-03-2025 08:00,8,6,3,1,0,18.03,7.54,1,59.62
02-03-2025 09:00,9,6,3,1,0,16.16,1.85,1,49.54
02-03-2025 10:00,10,6,3,1,0,19.33,5.23,0,38.15
02-03-2025 11:00,11,6,3,1,0,25.48,6.8,0,39.67
02-03-2025 12:00,12,6,3,1,0,29.88,5.98,0,45.24
02-03-2025 13:00,13,6,3,1,0,29.22,2.77,0,37.5
02-03-2025 14:00,14,6,3,1,0,31.12,2.03,0,48.77
02-03-2025 15:00,15,6,3,1,0,27.64,4.6,0,41.5
02-03-2025 16:00,16,6,3,1,0,29.18,2.76,0,48.82
02-03-2025 17:00,17,6,3,1,0,28.26,4.25,0,63.15
02-03-2025 18:00,18,6,3,1,0,28.37,2.95,1,67.55
02-03-2025 19:00,19,6,3,1,0,27.72,2.68,1,81.34
02-03-2025 20:00,20,6,3,1,0,21.74,3.78,1,71.3
02-03-2025 21:00,21,6,3,1,0,22.61,2.77,1,65.06
02-03-2025 22:00,22,6,3,1,0,21.21,3.87,0,57.49
02-03-2025 23:00,23,6,3,1,0,13.24,5.07,0,46.96
03-03-2025 00:00,0,0,3,0,0,11.28,4.27,0,28.58
03-03-2025 01:00,1,0,3,0,0,10.39,0.62,0,34
03-03-2025 02:00,2,0,3,0,0,10.33,5.65,0,28.04
03-03-2025 03:00,3,0,3,0,0,7.97,4.14,0,35.27
03-03-2025 04:00,4,0,3,0,0,9.98,4.24,0,37.03
03-03-2025 05:00,5,0,3,0,0,13.67,5.03,0,43.58
03-03-2025 06:00,6,0,3,0,0,14.15,3.8,0,53.59
03-03-2025 07:00,7,0,3,0,0,13.94,5.06,1,68.41
03-03-2025 08:00,8,0,3,0,0,15.47,3.52,1,75.72
03-03-2025 09:00,9,0,3,0,0,18.82,3.69,1,61.62
03-03-2025 10:00,10,0,3,0,0,20.62,4.03,0,52.34
03-03-2025 11:00,11,0,3,0,0,23.98,3.87,0,45.19
03-03-2025 12:00,12,0,3,0,0,28.15,5.49,0,42.72
03-03-2025 13:00,13,0,3,0,0,28.42,2.84,0,39.13
03-03-2025 14:00,14,0,3,0,0,33.39,2.51,0,57.22
03-03-2025 15:00,15,0,3,0,0,35.78,4.85,0,62.21
03-03-2025 16:00,16,0,3,0,0,27.52,3.44,0,52.46
03-03-2025 17:00,17,0,3,0,0,30.18,2.16,0,74.99
03-03-2025 18:00,18,0,3,0,0,25.73,2.25,1,78.02
03-03-2025 19:00,19,0,3,0,0,25.25,5.88,1,87.58
03-03-2025 20:00,20,0,3,0,0,19.12,5.35,1,92.28
03-03-2025 21:00,21,0,3,0,0,20.91,4.81,1,89.51
03-03-2025 22:00,22,0,3,0,0,20.01,3.43,0,68.42
03-03-2025 23:00,23,0,3,0,0,16.01,3.98,0,59.03
04-03-2025 00:00,0,1,3,0,0,13.8,4.32,0,34.24
04-03-2025 01:00,1,1,3,0,0,7.19,1.87,0,28.63
04-03-2025 02:00,2,1,3,0,0,11.88,3.08,0,28.46
04-03-2025 03:00,3,1,3,0,0,12.96,4.36,0,33.51
04-03-2025 04:00,4,1,3,0,0,8.58,5.36,0,36.89
04-03-2025 05:00,5,1,3,0,0,13.33,2.1,0,42.27
04-03-2025 06:00,6,1,3,0,0,11.85,3.06,0,56.23
04-03-2025 07:00,7,1,3,0,0,15.74,3.43,1,64.54
04-03-2025 08:00,8,1,3,0,0,20.09,1.55,1,71.01
04-03-2025 09:00,9,1,3,0,0,22.54,6.53,1,65.23
04-03-2025 10:00,10,1,3,0,0,24.6,4.67,0,53.07
04-03-2025 11:00,11,1,3,0,0,20.26,1.57,0,37.59
04-03-2025 12:00,12,1,3,0,0,30.04,3.9,0,49.07
04-03-2025 13:00,13,1,3,0,0,27.14,1.96,0,42.97
04-03-2025 14:00,14,1,3,0,0,30.84,4.03,0,48.75
04-03-2025 15:00,15,1,3,0,0,22.87,3.04,0,37.11
04-03-2025 16:00,16,1,3,0,0,30.32,4.69,0,54.99
04-03-2025 17:00,17,1,3,0,0,30.13,4.11,0,72.5
04-03-2025 18:00,18,1,3,0,0,29.07,1.21,1,86.71
04-03-2025 19:00,19,1,3,0,0,24.18,4.87,1,86.96
04-03-2025 20:00,20,1,3,0,0,24.44,2.19,1,92.79
04-03-2025 21:00,21,1,3,0,0,21.31,2.56,1,87.35
04-03-2025 22:00,22,1,3,0,0,16.4,3.81,0,75.85
04-03-2025 23:00,23,1,3,0,0,15.52,1.79,0,51.49
05-03-2025 00:00,0,2,3,0,0,13.79,3.67,0,26.88
05-03-2025 01:00,1,2,3,0,0,11.65,4.87,0,22.46
05-03-2025 02:00,2,2,3,0,0,11.42,1.38,0,33.6
05-03-2025 03:00,3,2,3,0,0,11.37,2.12,0,33.74
05-03-2025 04:00,4,2,3,0,0,13.33,0.5,0,33.29
05-03-2025 05:00,5,2,3,0,0,10.5,4.64,0,43.6
05-03-2025 06:00,6,2,3,0,0,11.95,1.69,0,58.55
05-03-2025 07:00,7,2,3,0,0,12.07,3.33,1,62.96
05-03-2025 08:00,8,2,3,0,0,13.59,5.28,1,71.33
05-03-2025 09:00,9,2,3,0,0,20.51,1.59,1,64.89
05-03-2025 10:00,10,2,3,0,0,22.12,3.15,0,54.23
05-03-2025 11:00,11,2,3,0,0,28.25,4.11,0,53.46
05-03-2025 12:00,12,2,3,0,0,26.72,3.8,0,42.82
05-03-2025 13:00,13,2,3,0,0,30.2,3.84,0,48.56
05-03-2025 14:00,14,2,3,0,0,32.29,4.09,0,56.46
05-03-2025 15:00,15,2,3,0,0,30.11,3.23,0,51.68
05-03-2025 16:00,16,2,3,0,0,32.47,6.08,0,62.95
05-03-2025 17:00,17,2,3,0,0,31.39,4,0,71.95
05-03-2025 18:00,18,2,3,0,0,27.61,5.27,1,81.35
05-03-2025 19:00,19,2,3,0,0,22.55,2.6,1,84.43
05-03-2025 20:00,20,2,3,0,0,25.53,5.19,1,94.38
05-03-2025 21:00,21,2,3,0,0,16.18,5.96,1,79.4
05-03-2025 22:00,22,2,3,0,0,16.71,3.41,0,76.89
05-03-2025 23:00,23,2,3,0,0,12.56,5.31,0,60.78
06-03-2025 00:00,0,3,3,0,0,12.87,1.92,0,27.93
06-03-2025 01:00,1,3,3,0,0,11.14,3.68,0,31.9
06-03-2025 02:00,2,3,3,0,0,10.55,3.17,0,32.61
06-03-2025 03:00,3,3,3,0,0,9.89,6.44,0,32.28
06-03-2025 04:00,4,3,3,0,0,9.29,3.57,0,33.83
06-03-2025 05:00,5,3,3,0,0,11.06,3.84,0,42.56
06-03-2025 06:00,6,3,3,0,0,14.92,2.84,0,57.22
06-03-2025 07:00,7,3,3,0,0,13.76,4.2,1,63.67
06-03-2025 08:00,8,3,3,0,0,16.13,6.18,1,67.4
06-03-2025 09:00,9,3,3,0,0,18.19,6.29,1,70.4
06-03-2025 10:00,10,3,3,0,0,24.66,3.04,0,53.72
06-03-2025 11:00,11,3,3,0,0,24.86,4.3,0,42.6
06-03-2025 12:00,12,3,3,0,0,25.96,4.1,0,45.8
06-03-2025 13:00,13,3,3,0,0,29.29,3.98,0,47.08
06-03-2025 14:00,14,3,3,0,0,32.05,5.05,0,54.12
06-03-2025 15:00,15,3,3,0,0,32.83,2.03,0,61.76
06-03-2025 16:00,16,3,3,0,0,29.68,2.25,0,60.49
06-03-2025 17:00,17,3,3,0,0,27.29,4.35,0,70.29
06-03-2025 18:00,18,3,3,0,0,29.57,1.79,1,88.66
06-03-2025 19:00,19,3,3,0,0,25.94,1.61,1,94.82
06-03-2025 20:00,20,3,3,0,0,22.2,4.12,1,89.09
06-03-2025 21:00,21,3,3,0,0,19.81,3.8,1,87.59
06-03-2025 22:00,22,3,3,0,0,13.37,2.79,0,76.97
06-03-2025 23:00,23,3,3,0,0,17.7,3.31,0,58.43
07-03-2025 00:00,0,4,3,0,0,11.86,0.5,0,27.11
07-03-2025 01:00,1,4,3,0,0,10.61,4.43,0,28.18
07-03-2025 02:00,2,4,3,0,0,9.97,3.62,0,25.64
07-03-2025 03:00,3,4,3,0,0,8.13,2.42,0,29.9
07-03-2025 04:00,4,4,3,0,0,9.36,4.93,0,30.2
07-03-2025 05:00,5,4,3,0,0,11.71,4.87,0,45.66
07-03-2025 06:00,6,4,3,0,0,11.72,2.68,0,49.23
07-03-2025 07:00,7,4,3,0,0,14.06,2.92,1,68.37
07-03-2025 08:00,8,4,3,0,0,17.59,2.49,1,71.33
07-03-2025 09:00,9,4,3,0,0,20.47,3.85,1,63.41
07-03-2025 10:00,10,4,3,0,0,23.46,3.84,0,56.94
07-03-2025 11:00,11,4,3,0,0,26.86,4.76,0,45.82
07-03-2025 12:00,12,4,3,0,0,26.78,6.23,0,42.25
07-03-2025 13:00,13,4,3,0,0,30.04,5.1,0,47.36
07-03-2025 14:00,14,4,3,0,0,27.46,6.23,0,38.05
07-03-2025 15:00,15,4,3,0,0,30.59,2.87,0,55.55
07-03-2025 16:00,16,4,3,0,0,30.61,3.76,0,61.68
07-03-2025 17:00,17,4,3,0,0,25.99,0.92,0,64.83
07-03-2025 18:00,18,4,3,0,0,23.84,2.24,1,69.39
07-03-2025 19:00,19,4,3,0,0,24.39,4.76,1,86.61
07-03-2025 20:00,20,4,3,0,0,24.66,0.94,1,93.38
07-03-2025 21:00,21,4,3,0,0,17.93,0.5,1,84.31
07-03-2025 22:00,22,4,3,0,0,17.73,3.89,0,70.85
07-03-2025 23:00,23,4,3,0,0,16.09,3.27,0,63.6
08-03-2025 00:00,0,5,3,1,0,12.01,2.99,0,25.42
08-03-2025 01:00,1,5,3,1,0,11.2,5.24,0,23.64
08-03-2025 02:00,2,5,3,1,0,8.9,2.59,0,27.5
08-03-2025 03:00,3,5,3,1,0,11.43,3.2,0,24.83
08-03-2025 04:00,4,5,3,1,0,8.81,3.72,0,27.11
08-03-2025 05:00,5,5,3,1,0,8.84,1.8,0,33.44
08-03-2025 06:00,6,5,3,1,0,13.16,4.74,0,38.84
08-03-2025 07:00,7,5,3,1,0,8.97,1.67,1,49
08-03-2025 08:00,8,5,3,1,0,16.55,2.39,1,54.77
08-03-2025 09:00,9,5,3,1,0,20.83,4.39,1,50.7
08-03-2025 10:00,10,5,3,1,0,22.18,4.8,0,46.04
08-03-2025 11:00,11,5,3,1,0,30.44,2.46,0,48.37
08-03-2025 12:00,12,5,3,1,0,30.49,4.9,0,47.39
08-03-2025 13:00,13,5,3,1,0,30.27,3.84,0,45.85
08-03-2025 14:00,14,5,3,1,0,30.78,2.64,0,45.54
08-03-2025 15:00,15,5,3,1,0,29.02,3.93,0,43.17
08-03-2025 16:00,16,5,3,1,0,29.08,3.66,0,47.48
08-03-2025 17:00,17,5,3,1,0,28.64,3.94,0,60.88
08-03-2025 18:00,18,5,3,1,0,28.89,6.55,1,68.25
08-03-2025 19:00,19,5,3,1,0,26.09,5.39,1,74.59
08-03-2025 20:00,20,5,3,1,0,22.26,3.54,1,77.59
08-03-2025 21:00,21,5,3,1,0,15,4.73,1,62.47
08-03-2025 22:00,22,5,3,1,0,16.25,4.57,0,61.48
08-03-2025 23:00,23,5,3,1,0,15.95,3.24,0,46.69
09-03-2025 00:00,0,6,3,1,0,11.79,1.89,0,22.37
09-03-2025 01:00,1,6,3,1,0,12.97,3.52,0,23.85
09-03-2025 02:00,2,6,3,1,0,7.31,3.26,0,25.14
09-03-2025 03:00,3,6,3,1,0,9.08,7.87,0,29.9
09-03-2025 04:00,4,6,3,1,0,10.58,3.48,0,27.8
09-03-2025 05:00,5,6,3,1,0,14.04,4.37,0,36.56
09-03-2025 06:00,6,6,3,1,0,12.73,1.39,0,38.64
09-03-2025 07:00,7,6,3,1,0,16.3,3.35,1,50
09-03-2025 08:00,8,6,3,1,0,18.41,2.79,1,53.18
09-03-2025 09:00,9,6,3,1,0,20.17,4.54,1,57.41
09-03-2025 10:00,10,6,3,1,0,22.28,4.09,0,44.64
09-03-2025 11:00,11,6,3,1,0,25.03,1.2,0,36.84
09-03-2025 12:00,12,6,3,1,0,25.4,5.09,0,22.37
09-03-2025 13:00,13,6,3,1,0,27.48,5.29,0,31.65
09-03-2025 14:00,14,6,3,1,0,27.94,3.57,0,34.18
09-03-2025 15:00,15,6,3,1,0,32.99,4.23,0,54.32
09-03-2025 16:00,16,6,3,1,0,27.54,3.79,0,39.59
09-03-2025 17:00,17,6,3,1,0,25.28,2.57,0,49.06
09-03-2025 18:00,18,6,3,1,0,25.39,3.28,1,60.61
09-03-2025 19:00,19,6,3,1,0,26.56,3.46,1,72.16
09-03-2025 20:00,20,6,3,1,0,23.59,6.27,1,70.88
09-03-2025 21:00,21,6,3,1,0,22.37,2.9,1,68.38
09-03-2025 22:00,22,6,3,1,0,17.64,4.89,0,61.43
09-03-2025 23:00,23,6,3,1,0,12.97,4.2,0,52.13
10-03-2025 00:00,0,0,3,0,0,13.42,3.97,0,29.58
10-03-2025 01:00,1,0,3,0,0,14.37,2.39,0,33.86
10-03-2025 02:00,2,0,3,0,0,13.85,1.8,0,31.89
10-03-2025 03:00,3,0,3,0,0,10.24,4.75,0,27.57
10-03-2025 04:00,4,0,3,0,0,10.83,3.62,0,34.98
10-03-2025 05:00,5,0,3,0,0,9.56,3.4,0,40.13
10-03-2025 06:00,6,0,3,0,0,14.39,2.48,0,59.03
10-03-2025 07:00,7,0,3,0,0,12.91,3.93,1,60.14
10-03-2025 08:00,8,0,3,0,0,17,1.03,1,69.64
10-03-2025 09:00,9,0,3,0,0,17.32,3.76,1,64.53
10-03-2025 10:00,10,0,3,0,0,24.54,3.75,0,57.99
10-03-2025 11:00,11,0,3,0,0,24.31,3.41,0,46.28
10-03-2025 12:00,12,0,3,0,0,29.29,2.37,0,48.92
10-03-2025 13:00,13,0,3,0,0,30.08,3.94,0,53.16
10-03-2025 14:00,14,0,3,0,0,28.54,5.1,0,47.58
10-03-2025 15:00,15,0,3,0,0,32.14,2.76,0,61.46
10-03-2025 16:00,16,0,3,0,0,31.7,1.93,0,67.6
10-03-2025 17:00,17,0,3,0,0,27.93,1.05,0,62.97
10-03-2025 18:00,18,0,3,0,0,27.78,1.24,1,80.74
10-03-2025 19:00,19,0,3,0,0,26.05,3.43,1,92.64
10-03-2025 20:00,20,0,3,0,0,22.12,3.46,1,85.39
10-03-2025 21:00,21,0,3,0,0,17.13,0.76,1,85.28
10-03-2025 22:00,22,0,3,0,0,19.06,4.3,0,74.52
10-03-2025 23:00,23,0,3,0,0,15.22,2.41,0,54.52
11-03-2025 00:00,0,1,3,0,0,9.81,4.65,0,35.36
11-03-2025 01:00,1,1,3,0,0,12.85,4.77,0,33.75
11-03-2025 02:00,2,1,3,0,0,11.49,2.21,0,37.83
11-03-2025 03:00,3,1,3,0,0,11.02,3.37,0,34.79
11-03-2025 04:00,4,1,3,0,0,7.11,2.09,0,35.53
11-03-2025 05:00,5,1,3,0,0,6.79,1.04,0,43.24
11-03-2025 06:00,6,1,3,0,0,15.26,3.19,0,56.25
11-03-2025 07:00,7,1,3,0,0,17.19,4.77,1,66.97
11-03-2025 08:00,8,1,3,0,0,17.16,2.34,1,71.38
11-03-2025 09:00,9,1,3,0,0,20,3.8,1,67.31
11-03-2025 10:00,10,1,3,0,0,20.95,4.32,0,53.53
11-03-2025 11:00,11,1,3,0,0,26.11,5.79,0,49.25
11-03-2025 12:00,12,1,3,0,0,28.14,5.92,0,51.21
11-03-2025 13:00,13,1,3,0,0,30.25,2.8,0,56.33
11-03-2025 14:00,14,1,3,0,0,31.08,3.65,0,47.7
11-03-2025 15:00,15,1,3,0,0,30.48,2.86,0,44.46
11-03-2025 16:00,16,1,3,0,0,29.5,5.03,0,57.97
11-03-2025 17:00,17,1,3,0,0,27.81,3.38,0,64.66
11-03-2025 18:00,18,1,3,0,0,24.85,5.91,1,78.49
11-03-2025 19:00,19,1,3,0,0,28.62,1.97,1,98.51
11-03-2025 20:00,20,1,3,0,0,23.9,2.92,1,88.88
11-03-2025 21:00,21,1,3,0,0,17.95,3.49,1,84.59
11-03-2025 22:00,22,1,3,0,0,19.37,4.04,0,69.8
11-03-2025 23:00,23,1,3,0,0,16.07,3.03,0,56.71
12-03-2025 00:00,0,2,3,0,0,12.25,5.17,0,31.13
12-03-2025 01:00,1,2,3,0,0,10.68,2.68,0,33.65
12-03-2025 02:00,2,2,3,0,0,11.73,3.05,0,28.83
12-03-2025 03:00,3,2,3,0,0,9.44,3.07,0,37.84
12-03-2025 04:00,4,2,3,0,0,15.3,2.98,0,31.4
12-03-2025 05:00,5,2,3,0,0,10.8,4.22,0,41.47
12-03-2025 06:00,6,2,3,0,0,12.2,3.16,0,55.64
12-03-2025 07:00,7,2,3,0,0,13.76,4.98,1,69.99
12-03-2025 08:00,8,2,3,0,0,18.14,1.15,1,66.78
12-03-2025 09:00,9,2,3,0,0,18.4,1.72,1,66.1
12-03-2025 10:00,10,2,3,0,0,25.48,4.3,0,59.73
12-03-2025 11:00,11,2,3,0,0,22,5.54,0,41.42
12-03-2025 12:00,12,2,3,0,0,24.72,4.28,0,39.89
12-03-2025 13:00,13,2,3,0,0,25.05,3.3,0,36.2
12-03-2025 14:00,14,2,3,0,0,27.62,5.23,0,41.18
12-03-2025 15:00,15,2,3,0,0,30.67,5.33,0,53.51
12-03-2025 16:00,16,2,3,0,0,32.4,4.84,0,62.13
12-03-2025 17:00,17,2,3,0,0,30.73,1.64,0,74.29
12-03-2025 18:00,18,2,3,0,0,30.93,3.82,1,89.07
12-03-2025 19:00,19,2,3,0,0,26.29,6.64,1,91.05
12-03-2025 20:00,20,2,3,0,0,19.85,5.06,1,87.61
12-03-2025 21:00,21,2,3,0,0,21.7,0.5,1,84.26
12-03-2025 22:00,22,2,3,0,0,17.67,3.79,0,67.14
12-03-2025 23:00,23,2,3,0,0,13.74,3.1,0,59.65
13-03-2025 00:00,0,3,3,0,0,15.1,3.05,0,32.44
13-03-2025 01:00,1,3,3,0,0,11.66,3.04,0,32.13
13-03-2025 02:00,2,3,3,0,0,11.46,4.39,0,32.31
13-03-2025 03:00,3,3,3,0,0,14,1.83,0,28.5
13-03-2025 04:00,4,3,3,0,0,10.58,2.75,0,35.28
13-03-2025 05:00,5,3,3,0,0,12.95,3.3,0,44.1
13-03-2025 06:00,6,3,3,0,0,10.37,2.27,0,43.01
13-03-2025 07:00,7,3,3,0,0,19.63,1.43,1,64.86
13-03-2025 08:00,8,3,3,0,0,17.19,4.96,1,68.19
13-03-2025 09:00,9,3,3,0,0,17.82,2.17,1,63.62
13-03-2025 10:00,10,3,3,0,0,20.19,4.86,0,56.72
13-03-2025 11:00,11,3,3,0,0,21.88,5.36,0,41.51
13-03-2025 12:00,12,3,3,0,0,29.37,3.75,0,48.64
13-03-2025 13:00,13,3,3,0,0,27.82,2.83,0,40.39
13-03-2025 14:00,14,3,3,0,0,27.43,4.54,0,40.93
13-03-2025 15:00,15,3,3,0,0,30.89,4.83,0,47.39
13-03-2025 16:00,16,3,3,0,0,30.91,3.33,0,62.6
13-03-2025 17:00,17,3,3,0,0,27.68,4.88,0,65.36
13-03-2025 18:00,18,3,3,0,0,26.45,2.87,1,77.45
13-03-2025 19:00,19,3,3,0,0,25.49,1.29,1,89.27
13-03-2025 20:00,20,3,3,0,0,19.72,2.09,1,86.79
13-03-2025 21:00,21,3,3,0,0,22.49,2.68,1,88.24
13-03-2025 22:00,22,3,3,0,0,19.84,2.35,0,75.16
13-03-2025 23:00,23,3,3,0,0,15.83,2.72,0,53.42
14-03-2025 00:00,0,4,3,0,0,11.28,4.97,0,30.37
14-03-2025 01:00,1,4,3,0,0,10.3,2.58,0,30.65
14-03-2025 02:00,2,4,3,0,0,9.8,3.73,0,34.67
14-03-2025 03:00,3,4,3,0,0,10.56,3.29,0,30.05
14-03-2025 04:00,4,4,3,0,0,7.85,1.96,0,37.13
14-03-2025 05:00,5,4,3,0,0,12.05,3.73,0,46.38
14-03-2025 06:00,6,4,3,0,0,12.48,1.67,0,53.28
14-03-2025 07:00,7,4,3,0,0,14.79,4.13,1,64.86
14-03-2025 08:00,8,4,3,0,0,18.6,3.14,1,73.41
14-03-2025 09:00,9,4,3,0,0,21.89,3.65,1,67.8
14-03-2025 10:00,10,4,3,0,0,24.31,4.62,0,56.92
14-03-2025 11:00,11,4,3,0,0,28.64,6.78,0,56.04
14-03-2025 12:00,12,4,3,0,0,29.82,3.38,0,54.1
14-03-2025 13:00,13,4,3,0,0,30.76,3.05,0,49.24
14-03-2025 14:00,14,4,3,0,0,27.94,3.31,0,44.55
14-03-2025 15:00,15,4,3,0,0,33.99,2.76,0,60.72
14-03-2025 16:00,16,4,3,0,0,32.09,4.41,0,64.82
14-03-2025 17:00,17,4,3,0,0,25.69,2.77,0,66.22
14-03-2025 18:00,18,4,3,0,0,26.8,3.25,1,85.08
14-03-2025 19:00,19,4,3,0,0,24.35,4.59,1,77.01
14-03-2025 20:00,20,4,3,0,0,22.23,2.98,1,89.74
14-03-2025 21:00,21,4,3,0,0,20.86,3.81,1,81.2
14-03-2025 22:00,22,4,3,0,0,16.8,2.71,0,72.86
14-03-2025 23:00,23,4,3,0,0,15.27,2.67,0,55.24
15-03-2025 00:00,0,5,3,1,0,11.1,0.95,0,15.6
15-03-2025 01:00,1,5,3,1,0,11.16,6.07,0,26.19
15-03-2025 02:00,2,5,3,1,0,13.04,2.43,0,26.17
15-03-2025 03:00,3,5,3,1,0,12.97,2.95,0,30.15
15-03-2025 04:00,4,5,3,1,0,12.55,4.39,0,28.58
15-03-2025 05:00,5,5,3,1,0,11.18,4.38,0,34.08
15-03-2025 06:00,6,5,3,1,0,15.66,2.58,0,39.12
15-03-2025 07:00,7,5,3,1,0,12.74,1.66,1,54.29
15-03-2025 08:00,8,5,3,1,0,14.59,4.99,1,58.16
15-03-2025 09:00,9,5,3,1,0,25.25,2.94,1,50.55
15-03-2025 10:00,10,5,3,1,0,20.54,4.48,0,41.22
15-03-2025 11:00,11,5,3,1,0,23.48,2.67,0,33.3
15-03-2025 12:00,12,5,3,1,0,29.99,3.42,0,47.07
15-03-2025 13:00,13,5,3,1,0,27.71,5.39,0,36.19
15-03-2025 14:00,14,5,3,1,0,31.22,3.93,0,45.15
15-03-2025 15:00,15,5,3,1,0,32.23,6.66,0,45.66
15-03-2025 16:00,16,5,3,1,0,29.13,4.93,0,45.19
15-03-2025 17:00,17,5,3,1,0,28.19,2.55,0,63.07
15-03-2025 18:00,18,5,3,1,0,25.37,3.78,1,62.29
15-03-2025 19:00,19,5,3,1,0,25.24,2.07,1,74.26
15-03-2025 20:00,20,5,3,1,0,22.63,4.34,1,69.72
15-03-2025 21:00,21,5,3,1,0,22.6,2.38,1,66.53
15-03-2025 22:00,22,5,3,1,0,18.4,4.13,0,56.9
15-03-2025 23:00,23,5,3,1,0,16.29,0.91,0,50.48
16-03-2025 00:00,0,6,3,1,0,17.75,3.76,0,22.35
16-03-2025 01:00,1,6,3,1,0,9.68,2.88,0,20.97
16-03-2025 02:00,2,6,3,1,0,9.25,4.38,0,19.34
16-03-2025 03:00,3,6,3,1,0,14.47,3.9,0,26.55
16-03-2025 04:00,4,6,3,1,0,7.78,6.05,0,29.5
16-03-2025 05:00,5,6,3,1,0,8.55,5.59,0,32.55
16-03-2025 06:00,6,6,3,1,0,12.01,3.31,0,46.05
16-03-2025 07:00,7,6,3,1,0,13.97,4.69,1,49.98
16-03-2025 08:00,8,6,3,1,0,16.04,2.22,1,55.03
16-03-2025 09:00,9,6,3,1,0,18.29,6.63,1,53.43
16-03-2025 10:00,10,6,3,1,0,19.48,4.04,0,41.37
16-03-2025 11:00,11,6,3,1,0,25.02,8.33,0,35.74
16-03-2025 12:00,12,6,3,1,0,28.5,2.16,0,33.34
16-03-2025 13:00,13,6,3,1,0,30.21,3.83,0,35.85
16-03-2025 14:00,14,6,3,1,0,30.38,2.68,0,43.66
16-03-2025 15:00,15,6,3,1,0,27.46,3.6,0,36.32
16-03-2025 16:00,16,6,3,1,0,27.66,2.83,0,46.36
16-03-2025 17:00,17,6,3,1,0,27.12,3.53,0,58.06
16-03-2025 18:00,18,6,3,1,0,30.32,5.37,1,71.48
16-03-2025 19:00,19,6,3,1,0,22.21,1.69,1,66.48
16-03-2025 20:00,20,6,3,1,0,22.96,2.53,1,67.33
16-03-2025 21:00,21,6,3,1,0,21.86,4.34,1,66.14
16-03-2025 22:00,22,6,3,1,0,19.34,1.27,0,60.47
16-03-2025 23:00,23,6,3,1,0,12.95,4.45,0,44.43
17-03-2025 00:00,0,0,3,0,0,13.35,5.6,0,28.27
17-03-2025 01:00,1,0,3,0,0,9.54,5.47,0,25.94
17-03-2025 02:00,2,0,3,0,0,11.91,1.7,0,29.72
17-03-2025 03:00,3,0,3,0,0,12.69,3.59,0,26.78
17-03-2025 04:00,4,0,3,0,0,12.52,3.75,0,35.96
17-03-2025 05:00,5,0,3,0,0,12.96,3,0,45.04
17-03-2025 06:00,6,0,3,0,0,13.98,1.95,0,55.73
17-03-2025 07:00,7,0,3,0,0,17.54,4.58,1,65.54
17-03-2025 08:00,8,0,3,0,0,14.99,1.98,1,72.97
17-03-2025 09:00,9,0,3,0,0,19.58,4.26,1,66.27
17-03-2025 10:00,10,0,3,0,0,22.02,4.33,0,55.26
17-03-2025 11:00,11,0,3,0,0,24.26,2.52,0,44.65
17-03-2025 12:00,12,0,3,0,0,23.15,4.61,0,36.09
17-03-2025 13:00,13,0,3,0,0,29.23,4.33,0,45.5
17-03-2025 14:00,14,0,3,0,0,30.06,2.5,0,43.24
17-03-2025 15:00,15,0,3,0,0,31.28,5.75,0,56.47
17-03-2025 16:00,16,0,3,0,0,31.05,2.97,0,64.26
17-03-2025 17:00,17,0,3,0,0,26.04,3.49,0,64.7
17-03-2025 18:00,18,0,3,0,0,32.31,4.24,1,88.96
17-03-2025 19:00,19,0,3,0,0,24.73,3.89,1,85.54
17-03-2025 20:00,20,0,3,0,0,18.99,3.91,1,91.15
17-03-2025 21:00,21,0,3,0,0,19.87,1.67,1,84.92
17-03-2025 22:00,22,0,3,0,0,17.85,1.91,0,78.62
17-03-2025 23:00,23,0,3,0,0,17.41,0.53,0,61.09
18-03-2025 00:00,0,1,3,0,0,14.44,1.23,0,23.07
18-03-2025 01:00,1,1,3,0,0,8.93,3.59,0,26.08
18-03-2025 02:00,2,1,3,0,0,9.81,0.93,0,30.19
18-03-2025 03:00,3,1,3,0,0,8.63,0.85,0,30.5
18-03-2025 04:00,4,1,3,0,0,12.93,4.32,0,38.35
18-03-2025 05:00,5,1,3,0,0,10.86,1.23,0,39.95
18-03-2025 06:00,6,1,3,0,0,13.59,1.24,0,52.26
18-03-2025 07:00,7,1,3,0,0,14.61,3.08,1,61.78
18-03-2025 08:00,8,1,3,0,0,17.18,2.67,1,73.2
18-03-2025 09:00,9,1,3,0,0,20.93,1.81,1,67.52
18-03-2025 10:00,10,1,3,0,0,24.57,4.38,0,52.14
18-03-2025 11:00,11,1,3,0,0,24.54,5.21,0,43.23
18-03-2025 12:00,12,1,3,0,0,26.19,5.24,0,38.88
18-03-2025 13:00,13,1,3,0,0,25.76,3.35,0,40.05
18-03-2025 14:00,14,1,3,0,0,31.39,5.71,0,49.86
18-03-2025 15:00,15,1,3,0,0,32.06,2.66,0,56.41
18-03-2025 16:00,16,1,3,0,0,28.93,2.25,0,58.2
18-03-2025 17:00,17,1,3,0,0,25.93,2.96,0,64.83
18-03-2025 18:00,18,1,3,0,0,25.34,3.1,1,76.37
18-03-2025 19:00,19,1,3,0,0,22.1,2.17,1,86.69
18-03-2025 20:00,20,1,3,0,0,25.06,3.87,1,86
18-03-2025 21:00,21,1,3,0,0,16.02,3.57,1,81.2
18-03-2025 22:00,22,1,3,0,0,20.6,2.92,0,72.72
18-03-2025 23:00,23,1,3,0,0,16.29,0.5,0,62.51
19-03-2025 00:00,0,2,3,0,0,13.16,1.24,0,23.64
19-03-2025 01:00,1,2,3,0,0,9.3,3.3,0,30.97
19-03-2025 02:00,2,2,3,0,0,7.96,2.6,0,25.04
19-03-2025 03:00,3,2,3,0,0,7.52,1.53,0,34.19
19-03-2025 04:00,4,2,3,0,0,11.48,4.85,0,36.03
19-03-2025 05:00,5,2,3,0,0,10.04,5.38,0,43.44
19-03-2025 06:00,6,2,3,0,0,11.24,2.49,0,54.93
19-03-2025 07:00,7,2,3,0,0,12.31,2.79,1,67.65
19-03-2025 08:00,8,2,3,0,0,15.59,2.79,1,69.23
19-03-2025 09:00,9,2,3,0,0,22.6,5.99,1,61.74
19-03-2025 10:00,10,2,3,0,0,22.81,0.5,0,50.84
19-03-2025 11:00,11,2,3,0,0,24.97,4.83,0,48
19-03-2025 12:00,12,2,3,0,0,25.62,1.4,0,38.72
19-03-2025 13:00,13,2,3,0,0,30.39,1.97,0,45.63
19-03-2025 14:00,14,2,3,0,0,29.1,2.52,0,47.09
19-03-2025 15:00,15,2,3,0,0,30.71,3.41,0,66.17
19-03-2025 16:00,16,2,3,0,0,26.98,3.25,0,56.38
19-03-2025 17:00,17,2,3,0,0,30.12,5.22,0,72.99
19-03-2025 18:00,18,2,3,0,0,26.83,2.08,1,78.32
19-03-2025 19:00,19,2,3,0,0,26.77,4.1,1,93.37
19-03-2025 20:00,20,2,3,0,0,18.4,1.48,1,93.02
19-03-2025 21:00,21,2,3,0,0,18.3,2.34,1,85.4
19-03-2025 22:00,22,2,3,0,0,20.26,8.25,0,71.58
19-03-2025 23:00,23,2,3,0,0,16.84,4.32,0,59.05
20-03-2025 00:00,0,3,3,0,0,12.6,2.22,0,36.61
20-03-2025 01:00,1,3,3,0,0,9.92,5.57,0,31.8
20-03-2025 02:00,2,3,3,0,0,12.49,2.86,0,29.46
20-03-2025 03:00,3,3,3,0,0,10.48,2.92,0,30.04
20-03-2025 04:00,4,3,3,0,0,9.81,4.25,0,40.13
20-03-2025 05:00,5,3,3,0,0,12.34,4.68,0,45.05
20-03-2025 06:00,6,3,3,0,0,17.03,2.88,0,58.83
20-03-2025 07:00,7,3,3,0,0,12.42,3.04,1,66.04
20-03-2025 08:00,8,3,3,0,0,16.35,5.02,1,67.97
20-03-2025 09:00,9,3,3,0,0,22.07,5.31,1,66.13
20-03-2025 10:00,10,3,3,0,0,23.13,2.18,0,59.91
20-03-2025 11:00,11,3,3,0,0,24.92,4.39,0,43.6
20-03-2025 12:00,12,3,3,0,0,22.99,0.94,0,34.73
20-03-2025 13:00,13,3,3,0,0,29.34,4.2,0,46.13
20-03-2025 14:00,14,3,3,0,0,30.2,1.33,0,49.92
20-03-2025 15:00,15,3,3,0,0,31.61,4.03,0,60.23
20-03-2025 16:00,16,3,3,0,0,28.38,4.07,0,54.34
20-03-2025 17:00,17,3,3,0,0,31.51,1.39,0,79.86
20-03-2025 18:00,18,3,3,0,0,26.92,6.61,1,84.34
20-03-2025 19:00,19,3,3,0,0,21.51,2.81,1,78.59
20-03-2025 20:00,20,3,3,0,0,25.25,3.11,1,92.85
20-03-2025 21:00,21,3,3,0,0,21.12,5.42,1,82.56
20-03-2025 22:00,22,3,3,0,0,15.44,4.35,0,73.25
20-03-2025 23:00,23,3,3,0,0,17.26,1.84,0,56.8
21-03-2025 00:00,0,4,3,0,0,12.35,5.25,0,24.66
21-03-2025 01:00,1,4,3,0,0,7.13,1.24,0,33.09
21-03-2025 02:00,2,4,3,0,0,8.23,3.59,0,34.68
21-03-2025 03:00,3,4,3,0,0,10.61,4.7,0,29.12
21-03-2025 04:00,4,4,3,0,0,15.83,5.24,0,39.61
21-03-2025 05:00,5,4,3,0,0,13.76,3.77,0,41.7
21-03-2025 06:00,6,4,3,0,0,8.43,4.07,0,56.36
21-03-2025 07:00,7,4,3,0,0,16.11,3.86,1,67.43
21-03-2025 08:00,8,4,3,0,0,15.93,2.85,1,69.1
21-03-2025 09:00,9,4,3,0,0,20.38,5.21,1,69.39
21-03-2025 10:00,10,4,3,0,0,20.42,4.19,0,53.93
21-03-2025 11:00,11,4,3,0,0,26.14,2.31,0,47.91
21-03-2025 12:00,12,4,3,0,0,25.43,6.17,0,41
21-03-2025 13:00,13,4,3,0,0,29.06,0.5,0,43.38
21-03-2025 14:00,14,4,3,0,0,28.24,3.91,0,41.1
21-03-2025 15:00,15,4,3,0,0,31.21,4.86,0,61.79
21-03-2025 16:00,16,4,3,0,0,31.56,4.45,0,66.14
21-03-2025 17:00,17,4,3,0,0,26.48,7.24,0,65.93
21-03-2025 18:00,18,4,3,0,0,27.94,0.86,1,76.51
21-03-2025 19:00,19,4,3,0,0,24.44,1.75,1,86.43
21-03-2025 20:00,20,4,3,0,0,21.21,5.55,1,93.48
21-03-2025 21:00,21,4,3,0,0,18.4,4.93,1,85.2
21-03-2025 22:00,22,4,3,0,0,18.64,4.13,0,75.12
21-03-2025 23:00,23,4,3,0,0,13.47,5.82,0,52.62
22-03-2025 00:00,0,5,3,1,0,12.24,6.7,0,22.62
22-03-2025 01:00,1,5,3,1,0,10.27,3.83,0,21.8
22-03-2025 02:00,2,5,3,1,0,11.14,3.69,0,19.79
22-03-2025 03:00,3,5,3,1,0,11.08,3.84,0,25.12
22-03-2025 04:00,4,5,3,1,0,9.86,4.82,0,31.03
22-03-2025 05:00,5,5,3,1,0,12.07,3.11,0,35.17
22-03-2025 06:00,6,5,3,1,0,13.15,4.05,0,46.71
22-03-2025 07:00,7,5,3,1,0,12.31,5.03,1,52.45
22-03-2025 08:00,8,5,3,1,0,18.93,0.82,1,57.38
22-03-2025 09:00,9,5,3,1,0,22.05,2.39,1,50.07
22-03-2025 10:00,10,5,3,1,0,21.8,2.35,0,41.89
22-03-2025 11:00,11,5,3,1,0,23.32,1.7,0,36.11
22-03-2025 12:00,12,5,3,1,0,24.33,4.61,0,31.33
22-03-2025 13:00,13,5,3,1,0,28.29,3.48,0,40.37
22-03-2025 14:00,14,5,3,1,0,32.25,3.84,0,46.8
22-03-2025 15:00,15,5,3,1,0,34.26,1.83,0,58.31
22-03-2025 16:00,16,5,3,1,0,31.16,2.38,0,54.91
22-03-2025 17:00,17,5,3,1,0,31.06,0.5,0,69.98
22-03-2025 18:00,18,5,3,1,0,29.46,3.56,1,72.76
22-03-2025 19:00,19,5,3,1,0,25.58,4.4,1,71.65
22-03-2025 20:00,20,5,3,1,0,26.31,3.69,1,78.3
22-03-2025 21:00,21,5,3,1,0,20.03,6.26,1,68.33
22-03-2025 22:00,22,5,3,1,0,15.09,4.63,0,56.16
22-03-2025 23:00,23,5,3,1,0,13.43,4.73,0,48.55
23-03-2025 00:00,0,6,3,1,0,10.52,3.98,0,26.24
23-03-2025 01:00,1,6,3,1,0,11.79,5.46,0,31.09
23-03-2025 02:00,2,6,3,1,0,12.89,3.33,0,25.37
23-03-2025 03:00,3,6,3,1,0,13.53,2.69,0,22.27
23-03-2025 04:00,4,6,3,1,0,12.18,2.5,0,27.5
23-03-2025 05:00,5,6,3,1,0,8.96,5.2,0,32.1
23-03-2025 06:00,6,6,3,1,0,11.44,2.41,0,42.34
23-03-2025 07:00,7,6,3,1,0,15.2,2.26,1,53.34
23-03-2025 08:00,8,6,3,1,0,17.42,6.79,1,52.94
23-03-2025 09:00,9,6,3,1,0,21.28,2.6,1,54.78
23-03-2025 10:00,10,6,3,1,0,25.03,1,0,43.31
23-03-2025 11:00,11,6,3,1,0,22.15,5.59,0,33.63
23-03-2025 12:00,12,6,3,1,0,23.64,1.42,0,29.94
23-03-2025 13:00,13,6,3,1,0,32.31,2.2,0,46.06
23-03-2025 14:00,14,6,3,1,0,31.59,3.78,0,41.7
23-03-2025 15:00,15,6,3,1,0,31.48,6.85,0,47.98
23-03-2025 16:00,16,6,3,1,0,27.91,2.13,0,45.26
23-03-2025 17:00,17,6,3,1,0,26.7,6.97,0,48.43
23-03-2025 18:00,18,6,3,1,0,20.91,6.04,1,55.43
23-03-2025 19:00,19,6,3,1,0,26.52,3.86,1,70.87
23-03-2025 20:00,20,6,3,1,0,29.17,2.49,1,88.6
23-03-2025 21:00,21,6,3,1,0,23.15,4.83,1,63.28
23-03-2025 22:00,22,6,3,1,0,18.4,3.34,0,56.42
23-03-2025 23:00,23,6,3,1,0,15.06,3.26,0,44.1
24-03-2025 00:00,0,0,3,0,0,13.04,4.54,0,38.77
24-03-2025 01:00,1,0,3,0,0,8.3,5.01,0,25.39
24-03-2025 02:00,2,0,3,0,0,12.18,3.33,0,31.7
24-03-2025 03:00,3,0,3,0,0,12.18,1.98,0,32.6
24-03-2025 04:00,4,0,3,0,0,8.37,5.18,0,40.73
24-03-2025 05:00,5,0,3,0,0,12.65,4.79,0,37.4
24-03-2025 06:00,6,0,3,0,0,12.95,4.67,0,56.8
24-03-2025 07:00,7,0,3,0,0,17.66,8.09,1,66.37
24-03-2025 08:00,8,0,3,0,0,14.24,2.54,1,69.39
24-03-2025 09:00,9,0,3,0,0,20.5,3.8,1,64.77
24-03-2025 10:00,10,0,3,0,0,26.6,4.49,0,61.26
24-03-2025 11:00,11,0,3,0,0,23.54,1.15,0,39.02
24-03-2025 12:00,12,0,3,0,0,26.25,1.6,0,40.38
24-03-2025 13:00,13,0,3,0,0,30.67,4.14,0,48.55
24-03-2025 14:00,14,0,3,0,0,26.69,1.98,0,38.31
24-03-2025 15:00,15,0,3,0,0,30.14,4.08,0,52.32
24-03-2025 16:00,16,0,3,0,0,31.52,3.4,0,62.37
24-03-2025 17:00,17,0,3,0,0,27.66,3.62,0,66.74
24-03-2025 18:00,18,0,3,0,0,26.42,5.99,1,78.9
24-03-2025 19:00,19,0,3,0,0,25.43,4.84,1,92.36
24-03-2025 20:00,20,0,3,0,0,22.05,3.18,1,93.54
24-03-2025 21:00,21,0,3,0,0,18.72,1.89,1,88.08
24-03-2025 22:00,22,0,3,0,0,15.94,0.52,0,72.26
24-03-2025 23:00,23,0,3,0,0,14.5,3.26,0,61.16
25-03-2025 00:00,0,1,3,0,0,13.98,5.28,0,30.69
25-03-2025 01:00,1,1,3,0,0,13.49,2.7,0,29.86
25-03-2025 02:00,2,1,3,0,0,11.41,5.04,0,31.37
25-03-2025 03:00,3,1,3,0,0,8.24,5.06,0,29.76
25-03-2025 04:00,4,1,3,0,0,11,7.01,0,37.98
25-03-2025 05:00,5,1,3,0,0,9.5,3.04,0,47.11
25-03-2025 06:00,6,1,3,0,0,12.36,6.33,0,58.89
25-03-2025 07:00,7,1,3,0,0,9.33,4.14,1,67.66
25-03-2025 08:00,8,1,3,0,0,18.53,4.91,1,68
25-03-2025 09:00,9,1,3,0,0,20.91,3.82,1,73.43
25-03-2025 10:00,10,1,3,0,0,24.14,3.97,0,56.17
25-03-2025 11:00,11,1,3,0,0,23.4,4.23,0,41.12
25-03-2025 12:00,12,1,3,0,0,28.63,3.55,0,51.13
25-03-2025 13:00,13,1,3,0,0,31.71,5.6,0,50.16
25-03-2025 14:00,14,1,3,0,0,29.13,2.54,0,52.35
25-03-2025 15:00,15,1,3,0,0,30.85,4.63,0,57.16
25-03-2025 16:00,16,1,3,0,0,31.16,1.86,0,62.2
25-03-2025 17:00,17,1,3,0,0,28.59,3.4,0,66.59
25-03-2025 18:00,18,1,3,0,0,26.96,2.49,1,82.35
25-03-2025 19:00,19,1,3,0,0,26.36,4.6,1,90.39
25-03-2025 20:00,20,1,3,0,0,24.25,3.34,1,91.68
25-03-2025 21:00,21,1,3,0,0,20.55,2,1,86.4
25-03-2025 22:00,22,1,3,0,0,17.75,4.09,0,74.9
25-03-2025 23:00,23,1,3,0,0,15.12,3.32,0,57.36
26-03-2025 00:00,0,2,3,0,0,14.06,3.22,0,24.18
26-03-2025 01:00,1,2,3,0,0,11.09,2.67,0,31.46
26-03-2025 02:00,2,2,3,0,0,11.19,3.4,0,29.16
26-03-2025 03:00,3,2,3,0,0,8.2,3.82,0,25
26-03-2025 04:00,4,2,3,0,0,11.87,1.34,0,36.5
26-03-2025 05:00,5,2,3,0,0,11.07,4.13,0,44.44
26-03-2025 06:00,6,2,3,0,0,11.23,2.96,0,52.08
26-03-2025 07:00,7,2,3,0,0,15.89,3.96,1,70.62
26-03-2025 08:00,8,2,3,0,0,18.71,2.6,1,73.31
26-03-2025 09:00,9,2,3,0,0,18.41,0.72,1,65.7
26-03-2025 10:00,10,2,3,0,0,19.38,3.51,0,51.25
26-03-2025 11:00,11,2,3,0,0,22.84,0.5,0,43.93
26-03-2025 12:00,12,2,3,0,0,26.52,4.74,0,42.66
26-03-2025 13:00,13,2,3,0,0,25.57,2.55,0,30.22
26-03-2025 14:00,14,2,3,0,0,33.19,3.87,0,57.83
26-03-2025 15:00,15,2,3,0,0,28.56,3.26,0,54.16
26-03-2025 16:00,16,2,3,0,0,26.78,1.65,0,50.34
26-03-2025 17:00,17,2,3,0,0,29.19,2.46,0,72.58
26-03-2025 18:00,18,2,3,0,0,27.07,2.4,1,84.27
26-03-2025 19:00,19,2,3,0,0,23.41,3.46,1,88.53
26-03-2025 20:00,20,2,3,0,0,21.53,2.24,1,92.58
26-03-2025 21:00,21,2,3,0,0,16.97,4.43,1,89.19
26-03-2025 22:00,22,2,3,0,0,17.3,0.5,0,74.71
26-03-2025 23:00,23,2,3,0,0,14.6,3.57,0,55.97
27-03-2025 00:00,0,3,3,0,0,15.25,4.66,0,28.37
27-03-2025 01:00,1,3,3,0,0,15.11,2.79,0,24.2
27-03-2025 02:00,2,3,3,0,0,9.13,4.07,0,26.03
27-03-2025 03:00,3,3,3,0,0,6.88,4.31,0,26.71
27-03-2025 04:00,4,3,3,0,0,9.8,3.3,0,32.35
27-03-2025 05:00,5,3,3,0,0,14.06,3.14,0,45.37
27-03-2025 06:00,6,3,3,0,0,12.34,5.5,0,49.68
27-03-2025 07:00,7,3,3,0,0,18.83,4.37,1,65.05
27-03-2025 08:00,8,3,3,0,0,17.14,6.62,1,72.24
27-03-2025 09:00,9,3,3,0,0,18.49,6.48,1,62.94
27-03-2025 10:00,10,3,3,0,0,21.83,3.29,0,54.68
27-03-2025 11:00,11,3,3,0,0,20.94,1.99,0,48.71
27-03-2025 12:00,12,3,3,0,0,27.57,5.31,0,43.05
27-03-2025 13:00,13,3,3,0,0,28.35,1.78,0,46
27-03-2025 14:00,14,3,3,0,0,32.19,2.1,0,53.47
27-03-2025 15:00,15,3,3,0,0,31.09,5.28,0,56.1
27-03-2025 16:00,16,3,3,0,0,28.26,2.98,0,59.72
27-03-2025 17:00,17,3,3,0,0,30.21,3.45,0,68.97
27-03-2025 18:00,18,3,3,0,0,26.92,1.49,1,81.97
27-03-2025 19:00,19,3,3,0,0,25.89,4.47,1,96.32
27-03-2025 20:00,20,3,3,0,0,19.9,5.32,1,93.97
27-03-2025 21:00,21,3,3,0,0,16.06,0.5,1,81.25
27-03-2025 22:00,22,3,3,0,0,15.3,2.28,0,74.71
27-03-2025 23:00,23,3,3,0,0,14.41,2.44,0,55.57
28-03-2025 00:00,0,4,3,0,0,17.32,4.17,0,27.61
28-03-2025 01:00,1,4,3,0,0,12.13,3.87,0,29.52
28-03-2025 02:00,2,4,3,0,0,9.41,6.3,0,29.61
28-03-2025 03:00,3,4,3,0,0,6.89,3.98,0,35.92
28-03-2025 04:00,4,4,3,0,0,11.83,3.47,0,38.17
28-03-2025 05:00,5,4,3,0,0,9.86,3.27,0,46.9
28-03-2025 06:00,6,4,3,0,0,13.32,1.55,0,54.4
28-03-2025 07:00,7,4,3,0,0,16.52,5.38,1,64.47
28-03-2025 08:00,8,4,3,0,0,15.64,2.33,1,67.67
28-03-2025 09:00,9,4,3,0,0,20.4,3.24,1,62.16
28-03-2025 10:00,10,4,3,0,0,22.87,4.23,0,50.72
28-03-2025 11:00,11,4,3,0,0,27.66,3.18,0,55.49
28-03-2025 12:00,12,4,3,0,0,29.9,2.78,0,46.89
28-03-2025 13:00,13,4,3,0,0,31.08,4.02,0,55.24
28-03-2025 14:00,14,4,3,0,0,30.8,4.37,0,48.83
28-03-2025 15:00,15,4,3,0,0,28.36,4.52,0,47.63
28-03-2025 16:00,16,4,3,0,0,32.16,1.34,0,71.11
28-03-2025 17:00,17,4,3,0,0,27.72,4.71,0,63.06
28-03-2025 18:00,18,4,3,0,0,29.16,2.35,1,84.34
28-03-2025 19:00,19,4,3,0,0,29.11,1.88,1,101.92
28-03-2025 20:00,20,4,3,0,0,23.14,2.7,1,90.33
28-03-2025 21:00,21,4,3,0,0,23.27,1.73,1,87.61
28-03-2025 22:00,22,4,3,0,0,15.05,3.61,0,71.71
28-03-2025 23:00,23,4,3,0,0,17.09,1.76,0,58.88
29-03-2025 00:00,0,5,3,1,0,11.86,4.26,0,30.97
29-03-2025 01:00,1,5,3,1,0,11.39,6.14,0,28.12
29-03-2025 02:00,2,5,3,1,0,11.41,3.32,0,24.86
29-03-2025 03:00,3,5,3,1,0,7.14,3.24,0,22.86
29-03-2025 04:00,4,5,3,1,0,12.56,4.59,0,30.32
29-03-2025 05:00,5,5,3,1,0,12.22,2.98,0,36.25
29-03-2025 06:00,6,5,3,1,0,12.75,3.34,0,39.18
29-03-2025 07:00,7,5,3,1,0,14.66,2.65,1,51.4
29-03-2025 08:00,8,5,3,1,0,16.97,2.19,1,62.16
29-03-2025 09:00,9,5,3,1,0,19.58,5.98,1,50.51
29-03-2025 10:00,10,5,3,1,0,24.38,6.7,0,44.17
29-03-2025 11:00,11,5,3,1,0,27.34,2.01,0,45.3
29-03-2025 12:00,12,5,3,1,0,26.5,3.9,0,33.88
29-03-2025 13:00,13,5,3,1,0,27.17,3.22,0,37.41
29-03-2025 14:00,14,5,3,1,0,28.99,4.06,0,38.83
29-03-2025 15:00,15,5,3,1,0,29.77,5.79,0,45.86
29-03-2025 16:00,16,5,3,1,0,30.66,5.69,0,49.09
29-03-2025 17:00,17,5,3,1,0,30.13,4.56,0,57.64
29-03-2025 18:00,18,5,3,1,0,29.77,4.2,1,67.65
29-03-2025 19:00,19,5,3,1,0,23.63,5.14,1,63.98
29-03-2025 20:00,20,5,3,1,0,23.7,1.56,1,68.37
29-03-2025 21:00,21,5,3,1,0,20.15,3.05,1,71.3
29-03-2025 22:00,22,5,3,1,0,20.74,4.48,0,62.44
29-03-2025 23:00,23,5,3,1,0,13.69,5.48,0,47.37
30-03-2025 00:00,0,6,3,1,0,15.63,3.7,0,27.81
30-03-2025 01:00,1,6,3,1,0,10.04,3.6,0,24.04
30-03-2025 02:00,2,6,3,1,0,12.28,4.38,0,22.37
30-03-2025 03:00,3,6,3,1,0,8.68,3.68,0,29.81
30-03-2025 04:00,4,6,3,1,0,7.84,4.7,0,31.23
30-03-2025 05:00,5,6,3,1,0,12.91,1.66,0,33.56
30-03-2025 06:00,6,6,3,1,0,15.33,3.27,0,40.49
30-03-2025 07:00,7,6,3,1,0,10.94,2.17,1,57.87
30-03-2025 08:00,8,6,3,1,0,19.78,2.3,1,62.98
30-03-2025 09:00,9,6,3,1,0,20.48,6.77,1,51.64
30-03-2025 10:00,10,6,3,1,0,26.83,1.36,0,49.02
30-03-2025 11:00,11,6,3,1,0,25.2,3.84,0,33.95
30-03-2025 12:00,12,6,3,1,0,24.73,3.81,0,30
30-03-2025 13:00,13,6,3,1,0,30.76,4.05,0,39.82
30-03-2025 14:00,14,6,3,1,0,30.59,3.38,0,41.77
30-03-2025 15:00,15,6,3,1,0,28.72,4.06,0,44.46
30-03-2025 16:00,16,6,3,1,0,31.17,2.34,0,52.29
30-03-2025 17:00,17,6,3,1,0,28.33,4.36,0,53.06
30-03-2025 18:00,18,6,3,1,0,29.5,5.57,1,70.9
30-03-2025 19:00,19,6,3,1,0,24.81,7.86,1,69.82
30-03-2025 20:00,20,6,3,1,0,19.34,1.87,1,73.4
30-03-2025 21:00,21,6,3,1,0,21.59,1.23,1,66.98
30-03-2025 22:00,22,6,3,1,0,13.89,2.84,0,59.23
30-03-2025 23:00,23,6,3,1,0,17.12,6.48,0,50.89
31-03-2025 00:00,0,0,3,0,0,11.59,4.93,0,34.56
31-03-2025 01:00,1,0,3,0,0,11.67,0.5,0,33.75
31-03-2025 02:00,2,0,3,0,0,11.04,3.31,0,29.69
31-03-2025 03:00,3,0,3,0,0,12.24,2.39,0,39.39
31-03-2025 04:00,4,0,3,0,0,9.33,3.9,0,29.09
31-03-2025 05:00,5,0,3,0,0,9.88,4.15,0,45.68
31-03-2025 06:00,6,0,3,0,0,10.99,3.54,0,58.5
31-03-2025 07:00,7,0,3,0,0,16.3,6.43,1,70.38
31-03-2025 08:00,8,0,3,0,0,14.91,0.5,1,68.32
31-03-2025 09:00,9,0,3,0,0,20.04,4.79,1,67.81
31-03-2025 10:00,10,0,3,0,0,22.52,5.44,0,47.25
31-03-2025 11:00,11,0,3,0,0,22.26,4.97,0,44.1
31-03-2025 12:00,12,0,3,0,0,28.88,4.21,0,49.2
31-03-2025 13:00,13,0,3,0,0,26.65,2.95,0,39.61
31-03-2025 14:00,14,0,3,0,0,28.37,1.32,0,44.35
31-03-2025 15:00,15,0,3,0,0,28.04,4.37,0,45.41
31-03-2025 16:00,16,0,3,0,0,30.38,6.18,0,59.68
31-03-2025 17:00,17,0,3,0,0,30.32,1.16,0,79.36
31-03-2025 18:00,18,0,3,0,0,28.29,2.96,1,85.62
31-03-2025 19:00,19,0,3,0,0,28.8,3.36,1,93.01
31-03-2025 20:00,20,0,3,0,0,19.49,3.26,1,90.02
31-03-2025 21:00,21,0,3,0,0,17.78,3.79,1,84.3
31-03-2025 22:00,22,0,3,0,0,19.23,1.67,0,76.07
31-03-2025 23:00,23,0,3,0,0,14.7,1.69,0,52.8
01-04-2025 00:00,0,1,4,0,0,12.48,1.89,0,26.24
01-04-2025 01:00,1,1,4,0,0,12.83,0.5,0,24.5
01-04-2025 02:00,2,1,4,0,0,8.42,4.93,0,31.8
01-04-2025 03:00,3,1,4,0,0,7.33,2.08,0,37.53
01-04-2025 04:00,4,1,4,0,0,10.37,3.07,0,34.4
01-04-2025 05:00,5,1,4,0,0,8.55,5.77,0,48.57
01-04-2025 06:00,6,1,4,0,0,10.21,2.08,0,55.59
01-04-2025 07:00,7,1,4,0,0,17.36,4.02,1,64.76
01-04-2025 08:00,8,1,4,0,0,14.99,3.79,1,73.43
01-04-2025 09:00,9,1,4,0,0,21.57,6.88,1,69.74
01-04-2025 10:00,10,1,4,0,0,23.11,3.15,0,53.89
01-04-2025 11:00,11,1,4,0,0,23.09,2.21,0,40.74
01-04-2025 12:00,12,1,4,0,0,26.15,3.71,0,41.11
01-04-2025 13:00,13,1,4,0,0,28.98,2.51,0,42.67
01-04-2025 14:00,14,1,4,0,0,28.89,3.48,0,41.18
01-04-2025 15:00,15,1,4,0,0,32.79,3.01,0,54.6
01-04-2025 16:00,16,1,4,0,0,30.17,1.62,0,61.2
01-04-2025 17:00,17,1,4,0,0,25.84,1.39,0,60.1
01-04-2025 18:00,18,1,4,0,0,29.23,4.93,1,86.66
01-04-2025 19:00,19,1,4,0,0,26.54,3.3,1,94.63
01-04-2025 20:00,20,1,4,0,0,23.79,3.38,1,92.16
01-04-2025 21:00,21,1,4,0,0,20.22,4.58,1,80.03
01-04-2025 22:00,22,1,4,0,0,18.86,5.08,0,70.22
01-04-2025 23:00,23,1,4,0,0,15.76,5.33,0,55.65
02-04-2025 00:00,0,2,4,0,0,16.63,2.88,0,32.03
02-04-2025 01:00,1,2,4,0,0,10.9,5.26,0,33.31
02-04-2025 02:00,2,2,4,0,0,10.17,4.9,0,31.37
02-04-2025 03:00,3,2,4,0,0,10.65,3.89,0,28.26
02-04-2025 04:00,4,2,4,0,0,10.68,2.82,0,32.76
02-04-2025 05:00,5,2,4,0,0,12.86,4.07,0,41.59
02-04-2025 06:00,6,2,4,0,0,11.37,2.22,0,54.27
02-04-2025 07:00,7,2,4,0,0,18.02,4.56,1,61.13
02-04-2025 08:00,8,2,4,0,0,16.02,2.31,1,75.07
02-04-2025 09:00,9,2,4,0,0,20.66,1.45,1,64.4
02-04-2025 10:00,10,2,4,0,0,19.81,3.79,0,51.25
02-04-2025 11:00,11,2,4,0,0,26.35,3.02,0,46
02-04-2025 12:00,12,2,4,0,0,27.45,4.56,0,47.15
02-04-2025 13:00,13,2,4,0,0,29.81,2.59,0,44.41
02-04-2025 14:00,14,2,4,0,0,26.73,5.16,0,42.56
02-04-2025 15:00,15,2,4,0,0,32.82,0.94,0,61.61
02-04-2025 16:00,16,2,4,0,0,31.3,2.97,0,66.29
02-04-2025 17:00,17,2,4,0,0,31.86,3.66,0,79.36
02-04-2025 18:00,18,2,4,0,0,24.93,7.38,1,75.17
02-04-2025 19:00,19,2,4,0,0,26.71,3.83,1,92.56
02-04-2025 20:00,20,2,4,0,0,19.06,2.8,1,91.21
02-04-2025 21:00,21,2,4,0,0,20.3,5.06,1,85.74
02-04-2025 22:00,22,2,4,0,0,16.51,1.99,0,74.1
02-04-2025 23:00,23,2,4,0,0,11.62,3.82,0,55.15
03-04-2025 00:00,0,3,4,0,0,12.54,3.83,0,33.12
03-04-2025 01:00,1,3,4,0,0,7.34,5.35,0,33.09
03-04-2025 02:00,2,3,4,0,0,10.58,4.01,0,32.93
03-04-2025 03:00,3,3,4,0,0,11.39,3.69,0,29.89
03-04-2025 04:00,4,3,4,0,0,10.15,3.27,0,33.05
03-04-2025 05:00,5,3,4,0,0,11.74,2.72,0,34.94
03-04-2025 06:00,6,3,4,0,0,12.07,0.5,0,52.17
03-04-2025 07:00,7,3,4,0,0,11.95,2.51,1,65.34
03-04-2025 08:00,8,3,4,0,0,14.77,2.28,1,71.52
03-04-2025 09:00,9,3,4,0,0,17.31,4.22,1,64.3
03-04-2025 10:00,10,3,4,0,0,21.28,3.96,0,53.63
03-04-2025 11:00,11,3,4,0,0,20.95,3.98,0,45.43
03-04-2025 12:00,12,3,4,0,0,26.88,3.96,0,43.23
03-04-2025 13:00,13,3,4,0,0,28.67,1.76,0,46.98
03-04-2025 14:00,14,3,4,0,0,29.49,4.77,0,45.67
03-04-2025 15:00,15,3,4,0,0,30.35,3.75,0,51.4
03-04-2025 16:00,16,3,4,0,0,29.59,4.55,0,61.83
03-04-2025 17:00,17,3,4,0,0,29.43,3.92,0,73.3
03-04-2025 18:00,18,3,4,0,0,25.8,4.46,1,79.33
03-04-2025 19:00,19,3,4,0,0,24.69,2.26,1,84.23
03-04-2025 20:00,20,3,4,0,0,23.25,0.5,1,91.78
03-04-2025 21:00,21,3,4,0,0,19.78,4.9,1,82.88
03-04-2025 22:00,22,3,4,0,0,15.55,4.69,0,75.28
03-04-2025 23:00,23,3,4,0,0,15.17,2.59,0,59.4
04-04-2025 00:00,0,4,4,0,0,13.58,4,0,28.89
04-04-2025 01:00,1,4,4,0,0,8.4,2.02,0,31.4
04-04-2025 02:00,2,4,4,0,0,9.95,1.88,0,30.45
04-04-2025 03:00,3,4,4,0,0,13.11,2.83,0,34.08
04-04-2025 04:00,4,4,4,0,0,9.01,2.52,0,36.5
04-04-2025 05:00,5,4,4,0,0,5.96,4.26,0,40.45
04-04-2025 06:00,6,4,4,0,0,12.34,2.91,0,56.08
04-04-2025 07:00,7,4,4,0,0,14.05,1.49,1,63.54
04-04-2025 08:00,8,4,4,0,0,15.46,4.12,1,68.33
04-04-2025 09:00,9,4,4,0,0,22.06,4.85,1,72.25
04-04-2025 10:00,10,4,4,0,0,21.58,0.5,0,48.86
04-04-2025 11:00,11,4,4,0,0,28.69,3.73,0,56.99
04-04-2025 12:00,12,4,4,0,0,30.38,4.57,0,54.85
04-04-2025 13:00,13,4,4,0,0,27.58,2.49,0,40.4
04-04-2025 14:00,14,4,4,0,0,29.63,3.83,0,50.89
04-04-2025 15:00,15,4,4,0,0,32.91,4.73,0,62.13
04-04-2025 16:00,16,4,4,0,0,26.78,2.71,0,55.97
04-04-2025 17:00,17,4,4,0,0,25.37,7.14,0,62.39
04-04-2025 18:00,18,4,4,0,0,25.56,1.22,1,73.78
04-04-2025 19:00,19,4,4,0,0,21.74,3.69,1,81.19
04-04-2025 20:00,20,4,4,0,0,20.7,3.69,1,93.36
04-04-2025 21:00,21,4,4,0,0,21.32,4.15,1,86.35
04-04-2025 22:00,22,4,4,0,0,18.38,0.5,0,71.65
04-04-2025 23:00,23,4,4,0,0,14.5,3.81,0,55.93
05-04-2025 00:00,0,5,4,1,0,11.79,4.68,0,20.23
05-04-2025 01:00,1,5,4,1,0,11.1,3.13,0,18.4
05-04-2025 02:00,2,5,4,1,0,12.94,1.85,0,25.95
05-04-2025 03:00,3,5,4,1,0,7.79,1.74,0,25.23
05-04-2025 04:00,4,5,4,1,0,8,5.61,0,31.03
05-04-2025 05:00,5,5,4,1,0,9.89,4.87,0,37.32
05-04-2025 06:00,6,5,4,1,0,11.42,2.83,0,41.04
05-04-2025 07:00,7,5,4,1,0,16.31,3.95,1,49.46
05-04-2025 08:00,8,5,4,1,0,18.47,4.64,1,54.43
05-04-2025 09:00,9,5,4,1,0,17.33,2.8,1,49.88
05-04-2025 10:00,10,5,4,1,0,19.99,3.91,0,44.67
05-04-2025 11:00,11,5,4,1,0,28.2,3.41,0,46.36
05-04-2025 12:00,12,5,4,1,0,27.05,3.5,0,37
05-04-2025 13:00,13,5,4,1,0,29.32,3.57,0,36.29
05-04-2025 14:00,14,5,4,1,0,29.78,3.4,0,39.89
05-04-2025 15:00,15,5,4,1,0,29.54,2.23,0,42.73
05-04-2025 16:00,16,5,4,1,0,28.45,3.7,0,55.83
05-04-2025 17:00,17,5,4,1,0,28.77,1.14,0,58.09
05-04-2025 18:00,18,5,4,1,0,27.07,1.61,1,61.29
05-04-2025 19:00,19,5,4,1,0,24.39,4.76,1,68.27
05-04-2025 20:00,20,5,4,1,0,17.19,2.19,1,75.45
05-04-2025 21:00,21,5,4,1,0,20.71,0.62,1,67.51
05-04-2025 22:00,22,5,4,1,0,18.47,4.13,0,50.9
05-04-2025 23:00,23,5,4,1,0,15.78,2.04,0,46.87
06-04-2025 00:00,0,6,4,1,0,13.09,6.59,0,23.24
06-04-2025 01:00,1,6,4,1,0,10.68,1.48,0,21.82
06-04-2025 02:00,2,6,4,1,0,10.26,3.1,0,22.82
06-04-2025 03:00,3,6,4,1,0,12.02,3.75,0,27.98
06-04-2025 04:00,4,6,4,1,0,9.67,1.54,0,25.99
06-04-2025 05:00,5,6,4,1,0,10.58,4.96,0,33.59
06-04-2025 06:00,6,6,4,1,0,11.2,2.55,0,44.49
06-04-2025 07:00,7,6,4,1,0,13.44,4.77,1,54.06
06-04-2025 08:00,8,6,4,1,0,16.24,1.58,1,52.02
06-04-2025 09:00,9,6,4,1,0,17.28,1.96,1,54.8
06-04-2025 10:00,10,6,4,1,0,22.67,3.41,0,40.59
06-04-2025 11:00,11,6,4,1,0,24.34,1.75,0,38.78
06-04-2025 12:00,12,6,4,1,0,24.69,5.2,0,27.85
06-04-2025 13:00,13,6,4,1,0,26.02,5.68,0,30.53
06-04-2025 14:00,14,6,4,1,0,29.52,4.55,0,41.26
06-04-2025 15:00,15,6,4,1,0,30.58,4.36,0,43.3
06-04-2025 16:00,16,6,4,1,0,28.96,2.5,0,48.36
06-04-2025 17:00,17,6,4,1,0,28.99,2.53,0,55.05
06-04-2025 18:00,18,6,4,1,0,26.29,2.72,1,69.33
06-04-2025 19:00,19,6,4,1,0,23.98,3.29,1,63.42
06-04-2025 20:00,20,6,4,1,0,24.79,5.79,1,72.44
06-04-2025 21:00,21,6,4,1,0,19.08,2.16,1,64.34
06-04-2025 22:00,22,6,4,1,0,14.87,2.86,0,55.83
06-04-2025 23:00,23,6,4,1,0,15.27,2.54,0,46.3
07-04-2025 00:00,0,0,4,0,0,14.12,0.91,0,32.8
07-04-2025 01:00,1,0,4,0,0,12.29,1.92,0,29.27
07-04-2025 02:00,2,0,4,0,0,10.42,4.56,0,27.26
07-04-2025 03:00,3,0,4,0,0,10.57,1.52,0,35.75
07-04-2025 04:00,4,0,4,0,0,10.33,5.27,0,37.35
07-04-2025 05:00,5,0,4,0,0,10.52,4.08,0,45.88
07-04-2025 06:00,6,0,4,0,0,12.37,1.59,0,51.3
07-04-2025 07:00,7,0,4,0,0,15.64,6.33,1,68.76
07-04-2025 08:00,8,0,4,0,0,13.82,1.72,1,67.72
07-04-2025 09:00,9,0,4,0,0,20.49,5.43,1,64.73
07-04-2025 10:00,10,0,4,0,0,21.86,3.71,0,54.7
07-04-2025 11:00,11,0,4,0,0,24.24,2.05,0,43.17
07-04-2025 12:00,12,0,4,0,0,27.95,3.43,0,40.06
07-04-2025 13:00,13,0,4,0,0,27.98,2.61,0,41.82
07-04-2025 14:00,14,0,4,0,0,29.31,2.86,0,43.37
07-04-2025 15:00,15,0,4,0,0,31.13,2.32,0,56.93
07-04-2025 16:00,16,0,4,0,0,30.84,6.32,0,60.53
07-04-2025 17:00,17,0,4,0,0,27.15,5.74,0,64.34
07-04-2025 18:00,18,0,4,0,0,27.47,4.14,1,79.05
07-04-2025 19:00,19,0,4,0,0,26.75,2.73,1,98.12
07-04-2025 20:00,20,0,4,0,0,24.55,2.27,1,92.33
07-04-2025 21:00,21,0,4,0,0,19.35,3.13,1,87.69
07-04-2025 22:00,22,0,4,0,0,16.48,5.28,0,67.96
07-04-2025 23:00,23,0,4,0,0,17.1,5.71,0,62.86
08-04-2025 00:00,0,1,4,0,0,12.62,3.61,0,30.94
08-04-2025 01:00,1,1,4,0,0,9.62,3.39,0,32.01
08-04-2025 02:00,2,1,4,0,0,12.23,4.88,0,31.35
08-04-2025 03:00,3,1,4,0,0,9.01,0.5,0,28.61
08-04-2025 04:00,4,1,4,0,0,7.67,1.18,0,38.27
08-04-2025 05:00,5,1,4,0,0,11,2.36,0,41.76
08-04-2025 06:00,6,1,4,0,0,11.4,3.43,0,58.14
08-04-2025 07:00,7,1,4,0,0,16.26,4.04,1,65.52
08-04-2025 08:00,8,1,4,0,0,19.77,1.87,1,68.13
08-04-2025 09:00,9,1,4,0,0,24.62,0.91,1,67.92
08-04-2025 10:00,10,1,4,0,0,23.67,2.54,0,50.88
08-04-2025 11:00,11,1,4,0,0,25.45,4.99,0,45.06
08-04-2025 12:00,12,1,4,0,0,23.1,5.38,0,35.53
08-04-2025 13:00,13,1,4,0,0,28.19,4.14,0,41.88
08-04-2025 14:00,14,1,4,0,0,29.08,4.45,0,47.16
08-04-2025 15:00,15,1,4,0,0,33.98,2.16,0,69.79
08-04-2025 16:00,16,1,4,0,0,28.54,1.41,0,56.92
08-04-2025 17:00,17,1,4,0,0,28.48,3.32,0,71.41
08-04-2025 18:00,18,1,4,0,0,26.97,3.81,1,83.06
08-04-2025 19:00,19,1,4,0,0,22.09,1.05,1,87.07
08-04-2025 20:00,20,1,4,0,0,26.14,1.18,1,99.83
08-04-2025 21:00,21,1,4,0,0,18.79,4.52,1,86.16
08-04-2025 22:00,22,1,4,0,0,20.49,3.75,0,70.72
08-04-2025 23:00,23,1,4,0,0,16.44,4.44,0,57.76
09-04-2025 00:00,0,2,4,0,0,12.18,2.9,0,33.13
09-04-2025 01:00,1,2,4,0,0,11.12,2.1,0,27.25
09-04-2025 02:00,2,2,4,0,0,12.1,4.09,0,32.96
09-04-2025 03:00,3,2,4,0,0,5.43,3.55,0,37.01
09-04-2025 04:00,4,2,4,0,0,10.46,4.01,0,37.02
09-04-2025 05:00,5,2,4,0,0,12.53,4.65,0,41.25
09-04-2025 06:00,6,2,4,0,0,17.11,3.57,0,51.32
09-04-2025 07:00,7,2,4,0,0,14.93,5.39,1,67.84
09-04-2025 08:00,8,2,4,0,0,17.6,2.55,1,71.99
09-04-2025 09:00,9,2,4,0,0,18.67,3.61,1,65.39
09-04-2025 10:00,10,2,4,0,0,22.43,3.13,0,55.33
09-04-2025 11:00,11,2,4,0,0,25.4,2.69,0,43.57
09-04-2025 12:00,12,2,4,0,0,27.1,6.68,0,40.13
09-04-2025 13:00,13,2,4,0,0,27.66,2.04,0,40.8
09-04-2025 14:00,14,2,4,0,0,28.81,5.74,0,40.82
09-04-2025 15:00,15,2,4,0,0,32.67,0.8,0,63.7
09-04-2025 16:00,16,2,4,0,0,24.88,3.82,0,44.24
09-04-2025 17:00,17,2,4,0,0,27.85,8.57,0,67.1
09-04-2025 18:00,18,2,4,0,0,26.61,2.96,1,77.74
09-04-2025 19:00,19,2,4,0,0,23.47,3.64,1,78.89
09-04-2025 20:00,20,2,4,0,0,23.16,2.78,1,89.28
09-04-2025 21:00,21,2,4,0,0,20.46,0.5,1,87.61
09-04-2025 22:00,22,2,4,0,0,17.96,3.63,0,76.66
09-04-2025 23:00,23,2,4,0,0,17.18,4.51,0,60.62
10-04-2025 00:00,0,3,4,0,0,14.29,1.36,0,26.02
10-04-2025 01:00,1,3,4,0,0,9.65,3.31,0,32.34
10-04-2025 02:00,2,3,4,0,0,11.66,2.55,0,32.23
10-04-2025 03:00,3,3,4,0,0,6.44,4.91,0,31.07
10-04-2025 04:00,4,3,4,0,0,15.73,4.42,0,39.21
10-04-2025 05:00,5,3,4,0,0,16.27,5.41,0,44.33
10-04-2025 06:00,6,3,4,0,0,15.95,4.03,0,57.89
10-04-2025 07:00,7,3,4,0,0,16.15,2.81,1,63.2
10-04-2025 08:00,8,3,4,0,0,13.72,2.96,1,68.54
10-04-2025 09:00,9,3,4,0,0,21.38,2.13,1,65.46
10-04-2025 10:00,10,3,4,0,0,23.75,3.19,0,57.16
10-04-2025 11:00,11,3,4,0,0,22.98,0.82,0,41.86
10-04-2025 12:00,12,3,4,0,0,26.03,5.62,0,41.12
10-04-2025 13:00,13,3,4,0,0,26.78,0.6,0,33.78
10-04-2025 14:00,14,3,4,0,0,26.99,0.62,0,38.92
10-04-2025 15:00,15,3,4,0,0,28.7,2.18,0,50.24
10-04-2025 16:00,16,3,4,0,0,28.78,3.14,0,61.77
10-04-2025 17:00,17,3,4,0,0,28.22,1.08,0,64.65
10-04-2025 18:00,18,3,4,0,0,24.86,0.73,1,69.14
10-04-2025 19:00,19,3,4,0,0,26.21,4.78,1,94.86
10-04-2025 20:00,20,3,4,0,0,23.94,2.94,1,91.7
10-04-2025 21:00,21,3,4,0,0,18.19,4.16,1,86.33
10-04-2025 22:00,22,3,4,0,0,15.41,4.54,0,69.73
10-04-2025 23:00,23,3,4,0,0,13.76,4.43,0,57.93
11-04-2025 00:00,0,4,4,0,0,14.06,2.74,0,28.36
11-04-2025 01:00,1,4,4,0,0,10.16,3.5,0,26.72
11-04-2025 02:00,2,4,4,0,0,13.05,1.41,0,26.74
11-04-2025 03:00,3,4,4,0,0,9.06,3.23,0,29.24
11-04-2025 04:00,4,4,4,0,0,10.01,2.6,0,37.57
11-04-2025 05:00,5,4,4,0,0,14.51,3.21,0,46.82
11-04-2025 06:00,6,4,4,0,0,13.6,5.24,0,55.56
11-04-2025 07:00,7,4,4,0,0,15.01,3.31,1,69.32
11-04-2025 08:00,8,4,4,0,0,13.59,3.38,1,68.94
11-04-2025 09:00,9,4,4,0,0,16.51,2.4,1,65.17
11-04-2025 10:00,10,4,4,0,0,21.28,4.43,0,56.35
11-04-2025 11:00,11,4,4,0,0,28.03,3,0,52.7
11-04-2025 12:00,12,4,4,0,0,23.77,4.26,0,37.22
11-04-2025 13:00,13,4,4,0,0,24.12,3.44,0,29.22
11-04-2025 14:00,14,4,4,0,0,30.91,2.58,0,52.13
11-04-2025 15:00,15,4,4,0,0,33.01,5.39,0,64.55
11-04-2025 16:00,16,4,4,0,0,31.49,5.94,0,65.16
11-04-2025 17:00,17,4,4,0,0,24,4.5,0,58.49
11-04-2025 18:00,18,4,4,0,0,26.91,5.03,1,84.87
11-04-2025 19:00,19,4,4,0,0,27.77,3.12,1,97.11
11-04-2025 20:00,20,4,4,0,0,21.14,3.03,1,87.52
11-04-2025 21:00,21,4,4,0,0,18.75,1.56,1,82.69
11-04-2025 22:00,22,4,4,0,0,18.38,3.37,0,75.58
11-04-2025 23:00,23,4,4,0,0,17.14,1.54,0,61.08
12-04-2025 00:00,0,5,4,1,0,9.51,4.87,0,20.92
12-04-2025 01:00,1,5,4,1,0,9.38,2.04,0,29.69
12-04-2025 02:00,2,5,4,1,0,11.9,3.27,0,26.89
12-04-2025 03:00,3,5,4,1,0,10.6,2.99,0,24.5
12-04-2025 04:00,4,5,4,1,0,10.8,4.76,0,29.77
12-04-2025 05:00,5,5,4,1,0,14.49,2.94,0,37.54
12-04-2025 06:00,6,5,4,1,0,14.53,1.11,0,37.17
12-04-2025 07:00,7,5,4,1,0,17.78,3.88,1,54.52
12-04-2025 08:00,8,5,4,1,0,19.5,6.66,1,52.17
12-04-2025 09:00,9,5,4,1,0,20.04,4.66,1,47.61
12-04-2025 10:00,10,5,4,1,0,22.91,5.63,0,44.71
12-04-2025 11:00,11,5,4,1,0,23.52,2.65,0,35.09
12-04-2025 12:00,12,5,4,1,0,31.26,2.25,0,46.07
12-04-2025 13:00,13,5,4,1,0,26.05,2.13,0,27.77
12-04-2025 14:00,14,5,4,1,0,26.1,1.91,0,32.65
12-04-2025 15:00,15,5,4,1,0,29.92,5.27,0,42.8
12-04-2025 16:00,16,5,4,1,0,28.45,4.4,0,49.95
12-04-2025 17:00,17,5,4,1,0,29.89,5.39,0,60.93
12-04-2025 18:00,18,5,4,1,0,29.96,3.11,1,75.21
12-04-2025 19:00,19,5,4,1,0,23.94,4.26,1,66.07
12-04-2025 20:00,20,5,4,1,0,22.34,2.92,1,68.7
12-04-2025 21:00,21,5,4,1,0,22.16,3.75,1,70.91
12-04-2025 22:00,22,5,4,1,0,18.97,4.64,0,60.49
12-04-2025 23:00,23,5,4,1,0,16.57,3.19,0,51.79
13-04-2025 00:00,0,6,4,1,0,12.16,1.88,0,25.87
13-04-2025 01:00,1,6,4,1,0,11.86,5.47,0,20.37
13-04-2025 02:00,2,6,4,1,0,8.9,4.73,0,22.71
13-04-2025 03:00,3,6,4,1,0,10.19,4.57,0,26.78
13-04-2025 04:00,4,6,4,1,0,10.42,6.2,0,22.16
13-04-2025 05:00,5,6,4,1,0,8.13,4.74,0,29.38
13-04-2025 06:00,6,6,4,1,0,13.33,3.95,0,46.09
13-04-2025 07:00,7,6,4,1,0,17.34,1.86,1,52.5
13-04-2025 08:00,8,6,4,1,0,18.99,5.84,1,61.93
13-04-2025 09:00,9,6,4,1,0,21.58,6.11,1,58.49
13-04-2025 10:00,10,6,4,1,0,27.29,1.59,0,54.92
13-04-2025 11:00,11,6,4,1,0,24.89,5.32,0,35.11
13-04-2025 12:00,12,6,4,1,0,26.52,5.3,0,35.4
13-04-2025 13:00,13,6,4,1,0,29.43,0.5,0,41.13
13-04-2025 14:00,14,6,4,1,0,24.78,1.96,0,30.42
13-04-2025 15:00,15,6,4,1,0,30.02,4.67,0,44.21
13-04-2025 16:00,16,6,4,1,0,29.13,5.68,0,49.51
13-04-2025 17:00,17,6,4,1,0,29.04,6.94,0,60.26
13-04-2025 18:00,18,6,4,1,0,25.66,3.83,1,61.27
13-04-2025 19:00,19,6,4,1,0,22.91,5.52,1,60.59
13-04-2025 20:00,20,6,4,1,0,24.7,3.95,1,73.56
13-04-2025 21:00,21,6,4,1,0,20.67,3.82,1,69.95
13-04-2025 22:00,22,6,4,1,0,19.34,3.43,0,58.57
13-04-2025 23:00,23,6,4,1,0,18.47,5.25,0,41.07
14-04-2025 00:00,0,0,4,0,0,8.97,6.68,0,32.31
14-04-2025 01:00,1,0,4,0,0,10.92,4.43,0,28.64
14-04-2025 02:00,2,0,4,0,0,8.83,2.87,0,31.1
14-04-2025 03:00,3,0,4,0,0,10.7,1.87,0,25.52
14-04-2025 04:00,4,0,4,0,0,11.77,5.17,0,38.27
14-04-2025 05:00,5,0,4,0,0,14.33,0.99,0,40.68
14-04-2025 06:00,6,0,4,0,0,11.49,2.38,0,53.78
14-04-2025 07:00,7,0,4,0,0,11.23,2.88,1,68.65
14-04-2025 08:00,8,0,4,0,0,16.9,1.91,1,70.78
14-04-2025 09:00,9,0,4,0,0,20.45,4.14,1,67.32
14-04-2025 10:00,10,0,4,0,0,22.62,1.81,0,54.69
14-04-2025 11:00,11,0,4,0,0,23.91,4.03,0,39.21
14-04-2025 12:00,12,0,4,0,0,24.46,2.8,0,31.04
14-04-2025 13:00,13,0,4,0,0,30.01,2.77,0,43.93
14-04-2025 14:00,14,0,4,0,0,30.12,3,0,45.35
14-04-2025 15:00,15,0,4,0,0,30.03,3.42,0,52.18
14-04-2025 16:00,16,0,4,0,0,31.61,5.44,0,66.61
14-04-2025 17:00,17,0,4,0,0,29.41,2.93,0,69.34
14-04-2025 18:00,18,0,4,0,0,25.62,2.18,1,78.16
14-04-2025 19:00,19,0,4,0,0,24.51,4.7,1,91.89
14-04-2025 20:00,20,0,4,0,0,24.22,4.08,1,90.7
14-04-2025 21:00,21,0,4,0,0,22.04,6.44,1,87.73
14-04-2025 22:00,22,0,4,0,0,18.26,4.11,0,74.02
14-04-2025 23:00,23,0,4,0,0,20.06,1.62,0,58.02
15-04-2025 00:00,0,1,4,0,0,14.01,2.47,0,30.46
15-04-2025 01:00,1,1,4,0,0,12.45,2.31,0,28.28
15-04-2025 02:00,2,1,4,0,0,10.05,1.85,0,32.72
15-04-2025 03:00,3,1,4,0,0,10.29,5.78,0,28.34
15-04-2025 04:00,4,1,4,0,0,12.22,3.7,0,33.34
15-04-2025 05:00,5,1,4,0,0,10.62,1.41,0,41.22
15-04-2025 06:00,6,1,4,0,0,8.17,1.95,0,56.27
15-04-2025 07:00,7,1,4,0,0,15.86,4.08,1,63.48
15-04-2025 08:00,8,1,4,0,0,17.48,2.94,1,74.48
15-04-2025 09:00,9,1,4,0,0,17.23,6.02,1,63.53
15-04-2025 10:00,10,1,4,0,0,19.02,4.3,0,57.29
15-04-2025 11:00,11,1,4,0,0,25.32,2.24,0,45.83
15-04-2025 12:00,12,1,4,0,0,25.4,2.07,0,37.28
15-04-2025 13:00,13,1,4,0,0,28.06,3.33,0,44.66
15-04-2025 14:00,14,1,4,0,0,26.58,2.33,0,37.87
15-04-2025 15:00,15,1,4,0,0,28.61,6.58,0,50.84
15-04-2025 16:00,16,1,4,0,0,28.05,2.16,0,49.96
15-04-2025 17:00,17,1,4,0,0,27.12,1.9,0,65.26
15-04-2025 18:00,18,1,4,0,0,28.12,1.6,1,87.56
15-04-2025 19:00,19,1,4,0,0,24.72,1.89,1,88.95
15-04-2025 20:00,20,1,4,0,0,19.53,4.01,1,90.82
15-04-2025 21:00,21,1,4,0,0,19.43,2.83,1,82.49
15-04-2025 22:00,22,1,4,0,0,15.96,3.57,0,67.99
15-04-2025 23:00,23,1,4,0,0,16.88,1.21,0,58.15
16-04-2025 00:00,0,2,4,0,0,14.25,3.04,0,33.71
16-04-2025 01:00,1,2,4,0,0,10.6,2.62,0,31.24
16-04-2025 02:00,2,2,4,0,0,12.42,3.83,0,26.92
16-04-2025 03:00,3,2,4,0,0,9.78,4.62,0,25.93
16-04-2025 04:00,4,2,4,0,0,8.08,5.95,0,42.78
16-04-2025 05:00,5,2,4,0,0,10.09,1.44,0,41.92
16-04-2025 06:00,6,2,4,0,0,10.49,3.39,0,58.23
16-04-2025 07:00,7,2,4,0,0,14.45,4.95,1,62.94
16-04-2025 08:00,8,2,4,0,0,15.57,4.62,1,68.79
16-04-2025 09:00,9,2,4,0,0,20.56,2.38,1,66.14
16-04-2025 10:00,10,2,4,0,0,24.03,2.81,0,51.43
16-04-2025 11:00,11,2,4,0,0,25.8,2.15,0,46.99
16-04-2025 12:00,12,2,4,0,0,24.18,4.66,0,39.69
16-04-2025 13:00,13,2,4,0,0,27.51,3.71,0,42.51
16-04-2025 14:00,14,2,4,0,0,31.42,1.6,0,49.13
16-04-2025 15:00,15,2,4,0,0,29.84,5.18,0,50.31
16-04-2025 16:00,16,2,4,0,0,28.33,4.19,0,58.07
16-04-2025 17:00,17,2,4,0,0,27.99,2.85,0,67.13
16-04-2025 18:00,18,2,4,0,0,25.41,2.01,1,80.41
16-04-2025 19:00,19,2,4,0,0,30.76,4.29,1,105.53
16-04-2025 20:00,20,2,4,0,0,24.02,3.85,1,85.84
16-04-2025 21:00,21,2,4,0,0,19.32,2.67,1,82.51
16-04-2025 22:00,22,2,4,0,0,17.17,5.81,0,74.9
16-04-2025 23:00,23,2,4,0,0,13.01,5.73,0,54.8
17-04-2025 00:00,0,3,4,0,0,14.5,2.21,0,31.2
17-04-2025 01:00,1,3,4,0,0,9.82,4.36,0,30.35
17-04-2025 02:00,2,3,4,0,0,9.78,3.55,0,30.46
17-04-2025 03:00,3,3,4,0,0,12.63,2.04,0,28.85
17-04-2025 04:00,4,3,4,0,0,7.83,3.1,0,33.35
17-04-2025 05:00,5,3,4,0,0,13.59,4.38,0,43.91
17-04-2025 06:00,6,3,4,0,0,12.58,3.88,0,59.45
17-04-2025 07:00,7,3,4,0,0,13.96,2.86,1,66.51
17-04-2025 08:00,8,3,4,0,0,16,3.17,1,75.84
17-04-2025 09:00,9,3,4,0,0,18.86,3.52,1,60.31
17-04-2025 10:00,10,3,4,0,0,18.49,1.64,0,52.94
17-04-2025 11:00,11,3,4,0,0,27.29,1.23,0,53.3
17-04-2025 12:00,12,3,4,0,0,26.39,4.02,0,40.3
17-04-2025 13:00,13,3,4,0,0,24.94,4.28,0,34.67
17-04-2025 14:00,14,3,4,0,0,25.93,3.75,0,36.62
17-04-2025 15:00,15,3,4,0,0,28.77,1.71,0,53.3
17-04-2025 16:00,16,3,4,0,0,28.23,3.89,0,58.31
17-04-2025 17:00,17,3,4,0,0,32.01,4.31,0,75.71
17-04-2025 18:00,18,3,4,0,0,27.05,2.35,1,80.44
17-04-2025 19:00,19,3,4,0,0,27.7,2.8,1,95.12
17-04-2025 20:00,20,3,4,0,0,23.3,5.58,1,88.62
17-04-2025 21:00,21,3,4,0,0,20.32,1.12,1,81
17-04-2025 22:00,22,3,4,0,0,18.73,1.29,0,70.37
17-04-2025 23:00,23,3,4,0,0,13.42,3.11,0,56.76
18-04-2025 00:00,0,4,4,0,0,17.19,4.88,0,30.6
18-04-2025 01:00,1,4,4,0,0,9.17,4.84,0,33.98
18-04-2025 02:00,2,4,4,0,0,8.55,5.56,0,30.15
18-04-2025 03:00,3,4,4,0,0,6.18,4.72,0,32.51
18-04-2025 04:00,4,4,4,0,0,8.14,4.73,0,33.86
18-04-2025 05:00,5,4,4,0,0,10.17,4.43,0,40.55
18-04-2025 06:00,6,4,4,0,0,13.08,4.43,0,48.04
18-04-2025 07:00,7,4,4,0,0,12.46,3.59,1,67.68
18-04-2025 08:00,8,4,4,0,0,16.41,1.18,1,67.34
18-04-2025 09:00,9,4,4,0,0,16.9,2.26,1,71.37
18-04-2025 10:00,10,4,4,0,0,22.58,3.02,0,59.26
18-04-2025 11:00,11,4,4,0,0,25.44,5.29,0,44.46
18-04-2025 12:00,12,4,4,0,0,27.48,2.22,0,41.54
18-04-2025 13:00,13,4,4,0,0,30.67,2.08,0,47.17
18-04-2025 14:00,14,4,4,0,0,28.77,2.66,0,43.02
18-04-2025 15:00,15,4,4,0,0,28.71,1.4,0,52.47
18-04-2025 16:00,16,4,4,0,0,28.83,3.54,0,57.48
18-04-2025 17:00,17,4,4,0,0,30.09,2.04,0,72.9
18-04-2025 18:00,18,4,4,0,0,24.19,6.61,1,68.53
18-04-2025 19:00,19,4,4,0,0,24.4,3.35,1,86.97
18-04-2025 20:00,20,4,4,0,0,23.43,2.48,1,86.82
18-04-2025 21:00,21,4,4,0,0,19.17,3.61,1,85.35
18-04-2025 22:00,22,4,4,0,0,17.14,2.34,0,74.36
18-04-2025 23:00,23,4,4,0,0,13.56,1.87,0,59.2
19-04-2025 00:00,0,5,4,1,0,12.74,3.41,0,19.38
19-04-2025 01:00,1,5,4,1,0,9.65,1.62,0,22.49
19-04-2025 02:00,2,5,4,1,0,12.23,3.05,0,25.74
19-04-2025 03:00,3,5,4,1,0,4.84,1.25,0,25.84
19-04-2025 04:00,4,5,4,1,0,9.14,3.38,0,26.08
19-04-2025 05:00,5,5,4,1,0,10.25,5.04,0,31.28
19-04-2025 06:00,6,5,4,1,0,11.67,3.67,0,41.01
19-04-2025 07:00,7,5,4,1,0,15.3,1.16,1,54.37
19-04-2025 08:00,8,5,4,1,0,21.54,4.49,1,59.52
19-04-2025 09:00,9,5,4,1,0,21.83,2.85,1,54.85
19-04-2025 10:00,10,5,4,1,0,22.91,4.32,0,39.5
19-04-2025 11:00,11,5,4,1,0,22.77,5.16,0,33.8
19-04-2025 12:00,12,5,4,1,0,24.94,4.9,0,29.48
19-04-2025 13:00,13,5,4,1,0,33.94,2.98,0,53.55
19-04-2025 14:00,14,5,4,1,0,31.45,4.4,0,42.8
19-04-2025 15:00,15,5,4,1,0,29.92,1.36,0,40.22
19-04-2025 16:00,16,5,4,1,0,34.01,5.39,0,61.53
19-04-2025 17:00,17,5,4,1,0,28.95,0.74,0,58.63
19-04-2025 18:00,18,5,4,1,0,26.15,0.5,1,59.69
19-04-2025 19:00,19,5,4,1,0,24.83,0.5,1,76.84
19-04-2025 20:00,20,5,4,1,0,20.46,1.83,1,67.13
19-04-2025 21:00,21,5,4,1,0,23.41,3.58,1,69.57
19-04-2025 22:00,22,5,4,1,0,20.07,4.97,0,62.36
19-04-2025 23:00,23,5,4,1,0,15.45,4.52,0,44.42
20-04-2025 00:00,0,6,4,1,0,14.27,4.92,0,21.46
20-04-2025 01:00,1,6,4,1,0,12.6,3.38,0,22.1
20-04-2025 02:00,2,6,4,1,0,13.17,5.44,0,27.55
20-04-2025 03:00,3,6,4,1,0,8.9,1.39,0,31.17
20-04-2025 04:00,4,6,4,1,0,13.06,3.32,0,23.15
20-04-2025 05:00,5,6,4,1,0,8.72,3.06,0,36.82
20-04-2025 06:00,6,6,4,1,0,12.06,2.53,0,38.83
20-04-2025 07:00,7,6,4,1,0,18.4,3.67,1,53.49
20-04-2025 08:00,8,6,4,1,0,19.24,4.12,1,52.41
20-04-2025 09:00,9,6,4,1,0,20.22,4.53,1,53.16
20-04-2025 10:00,10,6,4,1,0,22.77,6,0,43.54
20-04-2025 11:00,11,6,4,1,0,25.25,0.85,0,33.24
20-04-2025 12:00,12,6,4,1,0,27.23,3.51,0,34.65
20-04-2025 13:00,13,6,4,1,0,28.24,2.03,0,35.33
20-04-2025 14:00,14,6,4,1,0,27.38,4.45,0,33.92
20-04-2025 15:00,15,6,4,1,0,28.32,4.39,0,43.45
20-04-2025 16:00,16,6,4,1,0,32.47,3.69,0,60.41
20-04-2025 17:00,17,6,4,1,0,31.93,6.59,0,64.07
20-04-2025 18:00,18,6,4,1,0,27.64,2.17,1,62.78
20-04-2025 19:00,19,6,4,1,0,22.63,5.61,1,66.59
20-04-2025 20:00,20,6,4,1,0,24.18,2.2,1,71.89
20-04-2025 21:00,21,6,4,1,0,18.13,1.48,1,60.51
20-04-2025 22:00,22,6,4,1,0,16.14,5.59,0,56.47
20-04-2025 23:00,23,6,4,1,0,12.57,3.7,0,44.87
21-04-2025 00:00,0,0,4,0,0,12.59,3,0,30.79
21-04-2025 01:00,1,0,4,0,0,11.9,3.26,0,32.24
21-04-2025 02:00,2,0,4,0,0,6,2.75,0,28.23
21-04-2025 03:00,3,0,4,0,0,10.63,1.73,0,29.16
21-04-2025 04:00,4,0,4,0,0,6.56,5.02,0,34.19
21-04-2025 05:00,5,0,4,0,0,14.16,2.58,0,43.69
21-04-2025 06:00,6,0,4,0,0,11.31,4.44,0,50.65
21-04-2025 07:00,7,0,4,0,0,14.48,3.64,1,61.93
21-04-2025 08:00,8,0,4,0,0,16.39,3.3,1,69.24
21-04-2025 09:00,9,0,4,0,0,19.86,4.17,1,61.99
21-04-2025 10:00,10,0,4,0,0,22.15,4.74,0,43.75
21-04-2025 11:00,11,0,4,0,0,23.76,3.67,0,50.22
21-04-2025 12:00,12,0,4,0,0,23.98,1.98,0,38.89
21-04-2025 13:00,13,0,4,0,0,27.39,3.25,0,39.03
21-04-2025 14:00,14,0,4,0,0,29.49,3.69,0,53.53
21-04-2025 15:00,15,0,4,0,0,33.16,0.5,0,62.11
21-04-2025 16:00,16,0,4,0,0,30.88,1.77,0,65.36
21-04-2025 17:00,17,0,4,0,0,26.71,2.29,0,64.82
21-04-2025 18:00,18,0,4,0,0,27.26,4.4,1,78.99
21-04-2025 19:00,19,0,4,0,0,27.3,3.65,1,93.51
21-04-2025 20:00,20,0,4,0,0,18.22,1.67,1,90.98
21-04-2025 21:00,21,0,4,0,0,21.04,5.26,1,89.95
21-04-2025 22:00,22,0,4,0,0,14.26,2.01,0,75.58
21-04-2025 23:00,23,0,4,0,0,11.82,1.5,0,55.56
22-04-2025 00:00,0,1,4,0,0,11.32,2.52,0,29.62
22-04-2025 01:00,1,1,4,0,0,10.79,3.19,0,27.46
22-04-2025 02:00,2,1,4,0,0,10.97,4.14,0,38.37
22-04-2025 03:00,3,1,4,0,0,11.01,4.08,0,30.52
22-04-2025 04:00,4,1,4,0,0,11.58,1.67,0,40.3
22-04-2025 05:00,5,1,4,0,0,10.35,4.11,0,46.1
22-04-2025 06:00,6,1,4,0,0,14.21,5.44,0,53.51
22-04-2025 07:00,7,1,4,0,0,16.24,0.5,1,64.22
22-04-2025 08:00,8,1,4,0,0,16.28,2.96,1,77.41
22-04-2025 09:00,9,1,4,0,0,23.09,1.72,1,66.63
22-04-2025 10:00,10,1,4,0,0,22.14,4.83,0,60.59
22-04-2025 11:00,11,1,4,0,0,26.24,4.1,0,48.15
22-04-2025 12:00,12,1,4,0,0,26.5,2.43,0,45.18
22-04-2025 13:00,13,1,4,0,0,27.27,4.07,0,43.85
22-04-2025 14:00,14,1,4,0,0,27.12,3.16,0,41.12
22-04-2025 15:00,15,1,4,0,0,31.08,3.89,0,58.96
22-04-2025 16:00,16,1,4,0,0,25.66,2.95,0,47.63
22-04-2025 17:00,17,1,4,0,0,32.41,0.5,0,83.37
22-04-2025 18:00,18,1,4,0,0,26.43,2.23,1,78.89
22-04-2025 19:00,19,1,4,0,0,24.48,3.48,1,83.5
22-04-2025 20:00,20,1,4,0,0,19.9,2.34,1,86.33
22-04-2025 21:00,21,1,4,0,0,16.16,3.09,1,89.62
22-04-2025 22:00,22,1,4,0,0,16.98,4.22,0,70.4
22-04-2025 23:00,23,1,4,0,0,16.93,2.33,0,57.71
23-04-2025 00:00,0,2,4,0,0,12.8,3.22,0,24.86
23-04-2025 01:00,1,2,4,0,0,10.4,4.18,0,35.26
23-04-2025 02:00,2,2,4,0,0,9.55,3.9,0,29.45
23-04-2025 03:00,3,2,4,0,0,7.79,5.86,0,33.06
23-04-2025 04:00,4,2,4,0,0,8.03,3.78,0,36.21
23-04-2025 05:00,5,2,4,0,0,12.97,2.74,0,42.65
23-04-2025 06:00,6,2,4,0,0,10.11,3.78,0,55.17
23-04-2025 07:00,7,2,4,0,0,15.94,2.76,1,60.25
23-04-2025 08:00,8,2,4,0,0,20.58,6.87,1,68.16
23-04-2025 09:00,9,2,4,0,0,21.43,5.09,1,66.52
23-04-2025 10:00,10,2,4,0,0,25.55,1.97,0,54.19
23-04-2025 11:00,11,2,4,0,0,24.98,3.77,0,44.49
23-04-2025 12:00,12,2,4,0,0,29.5,4.62,0,46.3
23-04-2025 13:00,13,2,4,0,0,27.94,4.05,0,45.43
23-04-2025 14:00,14,2,4,0,0,25.36,4.04,0,35.69
23-04-2025 15:00,15,2,4,0,0,29.29,7.1,0,53.31
23-04-2025 16:00,16,2,4,0,0,31,2.36,0,62.78
23-04-2025 17:00,17,2,4,0,0,26.74,3.89,0,66.96
23-04-2025 18:00,18,2,4,0,0,28.72,3.41,1,81.31
23-04-2025 19:00,19,2,4,0,0,25.65,4.11,1,88.37
23-04-2025 20:00,20,2,4,0,0,19.84,3.58,1,91.27
23-04-2025 21:00,21,2,4,0,0,17.26,4.94,1,81.44
23-04-2025 22:00,22,2,4,0,0,18.3,5.5,0,74.07
23-04-2025 23:00,23,2,4,0,0,11.91,2.37,0,53.66
24-04-2025 00:00,0,3,4,0,0,11.34,1.21,0,29.43
24-04-2025 01:00,1,3,4,0,0,11.85,4.13,0,27.19
24-04-2025 02:00,2,3,4,0,0,10.53,5.58,0,36.32
24-04-2025 03:00,3,3,4,0,0,6.82,4.89,0,32.34
24-04-2025 04:00,4,3,4,0,0,10.45,2.46,0,34.73
24-04-2025 05:00,5,3,4,0,0,13.24,3.78,0,36.43
24-04-2025 06:00,6,3,4,0,0,14.61,3.12,0,50.12
24-04-2025 07:00,7,3,4,0,0,17.27,6.16,1,69.58
24-04-2025 08:00,8,3,4,0,0,18.43,3.75,1,73.98
24-04-2025 09:00,9,3,4,0,0,21.81,3.49,1,62.39
24-04-2025 10:00,10,3,4,0,0,20.61,4.65,0,54.81
24-04-2025 11:00,11,3,4,0,0,24.34,3.51,0,41.87
24-04-2025 12:00,12,3,4,0,0,26.25,0.8,0,39.92
24-04-2025 13:00,13,3,4,0,0,28.37,4.94,0,49.49
24-04-2025 14:00,14,3,4,0,0,29.74,3.19,0,40.75
24-04-2025 15:00,15,3,4,0,0,29.18,3.06,0,49.69
24-04-2025 16:00,16,3,4,0,0,31.02,3.85,0,61.23
24-04-2025 17:00,17,3,4,0,0,27.92,2.46,0,67.79
24-04-2025 18:00,18,3,4,0,0,30.93,2.5,1,90.76
24-04-2025 19:00,19,3,4,0,0,25,4.52,1,88.33
24-04-2025 20:00,20,3,4,0,0,22.52,5.99,1,93.24
24-04-2025 21:00,21,3,4,0,0,19.29,2.77,1,87.51
24-04-2025 22:00,22,3,4,0,0,16.68,2.81,0,71.11
24-04-2025 23:00,23,3,4,0,0,17.33,4.37,0,59.59
25-04-2025 00:00,0,4,4,0,0,14.99,3.23,0,33.02
25-04-2025 01:00,1,4,4,0,0,10.09,3.54,0,26.5
25-04-2025 02:00,2,4,4,0,0,9.39,2.52,0,30.07
25-04-2025 03:00,3,4,4,0,0,8.76,3.42,0,37.67
25-04-2025 04:00,4,4,4,0,0,6.1,3.53,0,38.52
25-04-2025 05:00,5,4,4,0,0,11.71,4.12,0,40.78
25-04-2025 06:00,6,4,4,0,0,11.74,1.04,0,55.13
25-04-2025 07:00,7,4,4,0,0,14.9,1.88,1,66.88
25-04-2025 08:00,8,4,4,0,0,18.18,4.19,1,70.96
25-04-2025 09:00,9,4,4,0,0,22.19,3.32,1,66.07
25-04-2025 10:00,10,4,4,0,0,22.35,2.83,0,51.03
25-04-2025 11:00,11,4,4,0,0,24.25,4.48,0,40.44
25-04-2025 12:00,12,4,4,0,0,26.22,2.34,0,43.75
25-04-2025 13:00,13,4,4,0,0,33.3,1.75,0,55.71
25-04-2025 14:00,14,4,4,0,0,31.46,3.04,0,53.77
25-04-2025 15:00,15,4,4,0,0,29.01,3.08,0,56.53
25-04-2025 16:00,16,4,4,0,0,31.17,4.42,0,66.37
25-04-2025 17:00,17,4,4,0,0,28.66,2.65,0,70.65
25-04-2025 18:00,18,4,4,0,0,28.7,5.19,1,89.41
25-04-2025 19:00,19,4,4,0,0,25.23,3.88,1,87.6
25-04-2025 20:00,20,4,4,0,0,26.26,2.3,1,93.22
25-04-2025 21:00,21,4,4,0,0,21.22,3.44,1,86.18
25-04-2025 22:00,22,4,4,0,0,16.95,4.14,0,71.47
25-04-2025 23:00,23,4,4,0,0,11.68,3.79,0,57.67
26-04-2025 00:00,0,5,4,1,0,13.84,4.01,0,24.97
26-04-2025 01:00,1,5,4,1,0,13.54,3.06,0,19.93
26-04-2025 02:00,2,5,4,1,0,10.89,2.85,0,21.35
26-04-2025 03:00,3,5,4,1,0,11.05,5.95,0,23.99
26-04-2025 04:00,4,5,4,1,0,9.57,1.91,0,23.24
26-04-2025 05:00,5,5,4,1,0,9.54,3.9,0,31.41
26-04-2025 06:00,6,5,4,1,0,10.2,4.02,0,41.74
26-04-2025 07:00,7,5,4,1,0,13.02,3.43,1,52.66
26-04-2025 08:00,8,5,4,1,0,18.14,5.97,1,54.84
26-04-2025 09:00,9,5,4,1,0,22.89,0.87,1,52.79
26-04-2025 10:00,10,5,4,1,0,24.66,2.05,0,47.85
26-04-2025 11:00,11,5,4,1,0,26.85,2.54,0,43.16
26-04-2025 12:00,12,5,4,1,0,27.69,5.69,0,38.76
26-04-2025 13:00,13,5,4,1,0,29.23,4.56,0,38.32
26-04-2025 14:00,14,5,4,1,0,33.38,5.46,0,48.14
26-04-2025 15:00,15,5,4,1,0,31.05,1.24,0,51.52
26-04-2025 16:00,16,5,4,1,0,28.12,3.81,0,48.59
26-04-2025 17:00,17,5,4,1,0,27.21,5.06,0,51.38
26-04-2025 18:00,18,5,4,1,0,27.93,2.88,1,69.76
26-04-2025 19:00,19,5,4,1,0,23.53,2.93,1,70.34
26-04-2025 20:00,20,5,4,1,0,22.61,2.61,1,74.51
26-04-2025 21:00,21,5,4,1,0,20.3,1.29,1,69.42
26-04-2025 22:00,22,5,4,1,0,16.43,3.17,0,55.62
26-04-2025 23:00,23,5,4,1,0,16.66,7.15,0,49.11
27-04-2025 00:00,0,6,4,1,0,11.56,4,0,26.89
27-04-2025 01:00,1,6,4,1,0,12.72,2.02,0,25.73
27-04-2025 02:00,2,6,4,1,0,8.38,2.67,0,21.13
27-04-2025 03:00,3,6,4,1,0,9.28,4.39,0,29.63
27-04-2025 04:00,4,6,4,1,0,9.54,3.27,0,31.04
27-04-2025 05:00,5,6,4,1,0,12.41,3.3,0,35.74
27-04-2025 06:00,6,6,4,1,0,13.97,1.93,0,43.05
27-04-2025 07:00,7,6,4,1,0,14.7,4.06,1,55.5
27-04-2025 08:00,8,6,4,1,0,14.22,1.86,1,57.7
27-04-2025 09:00,9,6,4,1,0,15.26,3.24,1,56.29
27-04-2025 10:00,10,6,4,1,0,21.59,3.08,0,40.23
27-04-2025 11:00,11,6,4,1,0,21.92,4.76,0,33.29
27-04-2025 12:00,12,6,4,1,0,27.62,4.09,0,37.89
27-04-2025 13:00,13,6,4,1,0,28.19,3.26,0,40.02
27-04-2025 14:00,14,6,4,1,0,30.81,6.26,0,44.02
27-04-2025 15:00,15,6,4,1,0,27.18,3.31,0,34.05
27-04-2025 16:00,16,6,4,1,0,31.01,3.2,0,49.09
27-04-2025 17:00,17,6,4,1,0,26.89,4.27,0,50.99
27-04-2025 18:00,18,6,4,1,0,25.44,5.24,1,63.03
27-04-2025 19:00,19,6,4,1,0,24.45,1.59,1,68.08
27-04-2025 20:00,20,6,4,1,0,22.66,3.75,1,70.53
27-04-2025 21:00,21,6,4,1,0,21.22,3.34,1,69.62
27-04-2025 22:00,22,6,4,1,0,16.8,2.85,0,57.29
27-04-2025 23:00,23,6,4,1,0,18.19,1.85,0,49.31
28-04-2025 00:00,0,0,4,0,0,12.33,3.87,0,30.86
28-04-2025 01:00,1,0,4,0,0,10.51,3.64,0,29.4
28-04-2025 02:00,2,0,4,0,0,9,3.85,0,30.75
28-04-2025 03:00,3,0,4,0,0,10.8,0.5,0,35.16
28-04-2025 04:00,4,0,4,0,0,8.01,1.74,0,35.47
28-04-2025 05:00,5,0,4,0,0,11.35,4.36,0,44.55
28-04-2025 06:00,6,0,4,0,0,9.44,2.19,0,54.51
28-04-2025 07:00,7,0,4,0,0,16.86,3.83,1,66.81
28-04-2025 08:00,8,0,4,0,0,18.67,5.89,1,66.82
28-04-2025 09:00,9,0,4,0,0,20.71,3.81,1,64.56
28-04-2025 10:00,10,0,4,0,0,22.04,3.79,0,60.35
28-04-2025 11:00,11,0,4,0,0,22.86,2.51,0,39.63
28-04-2025 12:00,12,0,4,0,0,24.41,5.91,0,40.97
28-04-2025 13:00,13,0,4,0,0,31.34,5.67,0,51.63
28-04-2025 14:00,14,0,4,0,0,28.29,2.6,0,41.42
28-04-2025 15:00,15,0,4,0,0,31.11,4.64,0,51.23
28-04-2025 16:00,16,0,4,0,0,29.57,1.23,0,57.48
28-04-2025 17:00,17,0,4,0,0,28.86,1.97,0,76.33
28-04-2025 18:00,18,0,4,0,0,25.15,3.45,1,74.83
28-04-2025 19:00,19,0,4,0,0,26.99,3.34,1,91.18
28-04-2025 20:00,20,0,4,0,0,18.26,5.9,1,88.69
28-04-2025 21:00,21,0,4,0,0,19.3,5.61,1,80.62
28-04-2025 22:00,22,0,4,0,0,22.42,2.26,0,73.54
28-04-2025 23:00,23,0,4,0,0,13.66,1.5,0,61.85
29-04-2025 00:00,0,1,4,0,0,13.81,3.18,0,27.06
29-04-2025 01:00,1,1,4,0,0,13.93,5.88,0,29.57
29-04-2025 02:00,2,1,4,0,0,7.29,5.72,0,28.99
29-04-2025 03:00,3,1,4,0,0,9.35,7.9,0,32.81
29-04-2025 04:00,4,1,4,0,0,10.84,4.83,0,29.89
29-04-2025 05:00,5,1,4,0,0,11.98,3.98,0,40.6
29-04-2025 06:00,6,1,4,0,0,14.69,1.45,0,56.99
29-04-2025 07:00,7,1,4,0,0,14.89,4.2,1,67.08
29-04-2025 08:00,8,1,4,0,0,14.63,2.9,1,69.32
29-04-2025 09:00,9,1,4,0,0,22.56,4.64,1,68.74
29-04-2025 10:00,10,1,4,0,0,20.24,2.89,0,52.41
29-04-2025 11:00,11,1,4,0,0,24.09,3.26,0,40.66
29-04-2025 12:00,12,1,4,0,0,28.46,1.55,0,44.47
29-04-2025 13:00,13,1,4,0,0,26.65,5.3,0,37.32
29-04-2025 14:00,14,1,4,0,0,30.43,2.12,0,50.3
29-04-2025 15:00,15,1,4,0,0,32.32,3.61,0,61.29
29-04-2025 16:00,16,1,4,0,0,29.29,4.16,0,57.58
29-04-2025 17:00,17,1,4,0,0,33.39,3.28,0,85.92
29-04-2025 18:00,18,1,4,0,0,26.64,3.18,1,75.16
29-04-2025 19:00,19,1,4,0,0,26.2,4.83,1,88.89
29-04-2025 20:00,20,1,4,0,0,20.83,3.54,1,88.72
29-04-2025 21:00,21,1,4,0,0,20.14,4.34,1,84.31
29-04-2025 22:00,22,1,4,0,0,19.02,7.13,0,68.44
29-04-2025 23:00,23,1,4,0,0,13.85,4.18,0,63.69
30-04-2025 00:00,0,2,4,0,0,13.46,4.9,0,28.57
30-04-2025 01:00,1,2,4,0,0,14.93,1.95,0,28.98
30-04-2025 02:00,2,2,4,0,0,6.48,3.25,0,31.31
30-04-2025 03:00,3,2,4,0,0,8.17,3.15,0,27.86
30-04-2025 04:00,4,2,4,0,0,8.72,5.87,0,38.92
30-04-2025 05:00,5,2,4,0,0,10.25,4.31,0,44.47
30-04-2025 06:00,6,2,4,0,0,13.59,2.26,0,63.31
30-04-2025 07:00,7,2,4,0,0,16.61,2.21,1,65
30-04-2025 08:00,8,2,4,0,0,18.61,4.12,1,70.64
30-04-2025 09:00,9,2,4,0,0,19.56,4.93,1,62.24
30-04-2025 10:00,10,2,4,0,0,21.13,3.92,0,54.22
30-04-2025 11:00,11,2,4,0,0,21.9,4.48,0,42.57
30-04-2025 12:00,12,2,4,0,0,28.8,2.23,0,45.8
30-04-2025 13:00,13,2,4,0,0,29.94,4.91,0,46.81
30-04-2025 14:00,14,2,4,0,0,28.86,2.44,0,48.24
30-04-2025 15:00,15,2,4,0,0,31.62,1.66,0,55.89
30-04-2025 16:00,16,2,4,0,0,29.91,3.94,0,62.3
30-04-2025 17:00,17,2,4,0,0,26.14,5.96,0,60.22
30-04-2025 18:00,18,2,4,0,0,28.69,4.89,1,88.37
30-04-2025 19:00,19,2,4,0,0,25.85,4.39,1,90.08
30-04-2025 20:00,20,2,4,0,0,22.86,0.5,1,91.44
30-04-2025 21:00,21,2,4,0,0,18.96,1.92,1,86.41
30-04-2025 22:00,22,2,4,0,0,16.58,2.72,0,73.25
30-04-2025 23:00,23,2,4,0,0,17.66,2.47,0,59.02
01-05-2025 00:00,0,3,5,0,1,12.73,4.64,0,26.55
01-05-2025 01:00,1,3,5,0,1,11.66,4.69,0,23.42
01-05-2025 02:00,2,3,5,0,1,13.14,2.25,0,24.8
01-05-2025 03:00,3,3,5,0,1,14.24,4.14,0,23.05
01-05-2025 04:00,4,3,5,0,1,11.63,4.52,0,25.88
01-05-2025 05:00,5,3,5,0,1,9.42,5.3,0,33.46
01-05-2025 06:00,6,3,5,0,1,12.93,5.42,0,43.95
01-05-2025 07:00,7,3,5,0,1,15.39,6.22,1,52.52
01-05-2025 08:00,8,3,5,0,1,16.56,5.07,1,50.51
01-05-2025 09:00,9,3,5,0,1,19.13,4.74,1,53.38
01-05-2025 10:00,10,3,5,0,1,24.29,2.38,0,43.67
01-05-2025 11:00,11,3,5,0,1,26.86,2.65,0,39.73
01-05-2025 12:00,12,3,5,0,1,25.75,3.39,0,31.44
01-05-2025 13:00,13,3,5,0,1,32.31,0.5,0,48.16
01-05-2025 14:00,14,3,5,0,1,28.45,4.16,0,32.7
01-05-2025 15:00,15,3,5,0,1,31.17,4.35,0,51.21
01-05-2025 16:00,16,3,5,0,1,29.71,2.13,0,51.47
01-05-2025 17:00,17,3,5,0,1,30.38,3.52,0,62.98
01-05-2025 18:00,18,3,5,0,1,27.92,3.16,1,66.84
01-05-2025 19:00,19,3,5,0,1,25.99,3.46,1,75.58
01-05-2025 20:00,20,3,5,0,1,22.61,2.37,1,70.62
01-05-2025 21:00,21,3,5,0,1,18.56,2.51,1,68.2
01-05-2025 22:00,22,3,5,0,1,16.16,5.39,0,58.3
01-05-2025 23:00,23,3,5,0,1,12.91,4.02,0,46.7
02-05-2025 00:00,0,4,5,0,0,12.56,2.8,0,25.44
02-05-2025 01:00,1,4,5,0,0,7.32,2.36,0,26.88
02-05-2025 02:00,2,4,5,0,0,8.5,3.64,0,31.14
02-05-2025 03:00,3,4,5,0,0,12.69,0.78,0,29.09
02-05-2025 04:00,4,4,5,0,0,9.87,4.59,0,33.42
02-05-2025 05:00,5,4,5,0,0,16.32,4.09,0,44.79
02-05-2025 06:00,6,4,5,0,0,10.68,3.6,0,51.76
02-05-2025 07:00,7,4,5,0,0,15.14,4.67,1,61.81
02-05-2025 08:00,8,4,5,0,0,15.24,4.39,1,65.32
02-05-2025 09:00,9,4,5,0,0,13.98,6.22,1,72.77
02-05-2025 10:00,10,4,5,0,0,27.31,6.92,0,61.75
02-05-2025 11:00,11,4,5,0,0,27.58,4.3,0,51.89
02-05-2025 12:00,12,4,5,0,0,27.14,3.34,0,38.22
02-05-2025 13:00,13,4,5,0,0,26.07,1.01,0,32.73
02-05-2025 14:00,14,4,5,0,0,32.45,3.36,0,56.89
02-05-2025 15:00,15,4,5,0,0,33.78,5.1,0,58.72
02-05-2025 16:00,16,4,5,0,0,24.79,2.54,0,45.02
02-05-2025 17:00,17,4,5,0,0,29.05,3.12,0,70.68
02-05-2025 18:00,18,4,5,0,0,25.38,3.21,1,77.38
02-05-2025 19:00,19,4,5,0,0,24.75,4.13,1,85.74
02-05-2025 20:00,20,4,5,0,0,19.18,3.38,1,92.41
02-05-2025 21:00,21,4,5,0,0,20.97,1.99,1,84.11
02-05-2025 22:00,22,4,5,0,0,20.25,5.16,0,73.03
02-05-2025 23:00,23,4,5,0,0,15.62,4.45,0,56.42
03-05-2025 00:00,0,5,5,1,0,13.35,4.21,0,23.72
03-05-2025 01:00,1,5,5,1,0,6.74,0.5,0,24.86
03-05-2025 02:00,2,5,5,1,0,9.07,1.22,0,22.61
03-05-2025 03:00,3,5,5,1,0,9.99,4.58,0,20.16
03-05-2025 04:00,4,5,5,1,0,10.11,3.34,0,23.19
03-05-2025 05:00,5,5,5,1,0,8.84,3.05,0,34.6
03-05-2025 06:00,6,5,5,1,0,15.6,1.11,0,44.5
03-05-2025 07:00,7,5,5,1,0,13.54,2.48,1,49.23
03-05-2025 08:00,8,5,5,1,0,16.75,5.19,1,57.53
03-05-2025 09:00,9,5,5,1,0,17.56,3.42,1,54.9
03-05-2025 10:00,10,5,5,1,0,22.77,4.09,0,46.46
03-05-2025 11:00,11,5,5,1,0,25.73,4.31,0,37.58
03-05-2025 12:00,12,5,5,1,0,23.72,2.5,0,20.91
03-05-2025 13:00,13,5,5,1,0,30,1.87,0,38.98
03-05-2025 14:00,14,5,5,1,0,29.07,4.65,0,39.45
03-05-2025 15:00,15,5,5,1,0,30.6,0.5,0,43.75
03-05-2025 16:00,16,5,5,1,0,25.71,1.75,0,39.36
03-05-2025 17:00,17,5,5,1,0,29.76,3.34,0,64.46
03-05-2025 18:00,18,5,5,1,0,28.46,3.35,1,67.96
03-05-2025 19:00,19,5,5,1,0,23.73,3.49,1,65.65
03-05-2025 20:00,20,5,5,1,0,20.09,2.11,1,67.58
03-05-2025 21:00,21,5,5,1,0,17.78,4.54,1,67.32
03-05-2025 22:00,22,5,5,1,0,18.42,3.43,0,57.8
03-05-2025 23:00,23,5,5,1,0,15.2,3.93,0,43.89
04-05-2025 00:00,0,6,5,1,0,15.25,3.93,0,21.09
04-05-2025 01:00,1,6,5,1,0,9.61,3.2,0,25.22
04-05-2025 02:00,2,6,5,1,0,12.28,0.57,0,20.21
04-05-2025 03:00,3,6,5,1,0,10.93,4.66,0,25.96
04-05-2025 04:00,4,6,5,1,0,10.32,3.04,0,26.9
04-05-2025 05:00,5,6,5,1,0,14.56,2.45,0,38.56
04-05-2025 06:00,6,6,5,1,0,14,2.54,0,49.79
04-05-2025 07:00,7,6,5,1,0,16.19,4.51,1,47.61
04-05-2025 08:00,8,6,5,1,0,18.45,1.38,1,54.36
04-05-2025 09:00,9,6,5,1,0,21.73,4.1,1,52.84
04-05-2025 10:00,10,6,5,1,0,22.68,5.78,0,42.36
04-05-2025 11:00,11,6,5,1,0,22.96,1.76,0,27.12
04-05-2025 12:00,12,6,5,1,0,28.82,3.75,0,41.86
04-05-2025 13:00,13,6,5,1,0,30.6,2.51,0,38.94
04-05-2025 14:00,14,6,5,1,0,27.08,4.3,0,33.06
04-05-2025 15:00,15,6,5,1,0,31.3,3.46,0,48.72
04-05-2025 16:00,16,6,5,1,0,30.38,2.16,0,48.61
04-05-2025 17:00,17,6,5,1,0,32.69,4.66,0,60.95
04-05-2025 18:00,18,6,5,1,0,28.07,6.19,1,67.86
04-05-2025 19:00,19,6,5,1,0,25.6,3.35,1,73.21
04-05-2025 20:00,20,6,5,1,0,25.33,2.96,1,77
04-05-2025 21:00,21,6,5,1,0,21.04,4.05,1,66.05
04-05-2025 22:00,22,6,5,1,0,19.57,4.33,0,60.45
04-05-2025 23:00,23,6,5,1,0,14.52,3.74,0,42.92
05-05-2025 00:00,0,0,5,0,0,12.21,0.59,0,28.3
05-05-2025 01:00,1,0,5,0,0,12.16,5.56,0,31.29
05-05-2025 02:00,2,0,5,0,0,13.39,3.97,0,23.81
05-05-2025 03:00,3,0,5,0,0,9.22,2.64,0,27.62
05-05-2025 04:00,4,0,5,0,0,9.64,2.5,0,37.41
05-05-2025 05:00,5,0,5,0,0,10.18,0.82,0,43.73
05-05-2025 06:00,6,0,5,0,0,12.26,3.36,0,63.44
05-05-2025 07:00,7,0,5,0,0,15.92,5.25,1,63.5
05-05-2025 08:00,8,0,5,0,0,22.26,2.92,1,69.07
05-05-2025 09:00,9,0,5,0,0,18.38,3.83,1,64.25
05-05-2025 10:00,10,0,5,0,0,21.66,0.73,0,54.23
05-05-2025 11:00,11,0,5,0,0,26.61,2.19,0,46.29
05-05-2025 12:00,12,0,5,0,0,28.21,2.47,0,49.32
05-05-2025 13:00,13,0,5,0,0,27.14,4.71,0,40.01
05-05-2025 14:00,14,0,5,0,0,25.6,4.21,0,36.15
05-05-2025 15:00,15,0,5,0,0,27.55,3.64,0,53.17
05-05-2025 16:00,16,0,5,0,0,31.19,2.86,0,60.95
05-05-2025 17:00,17,0,5,0,0,28.02,0.5,0,66.28
05-05-2025 18:00,18,0,5,0,0,27.51,3.19,1,75.05
05-05-2025 19:00,19,0,5,0,0,25.87,1.63,1,93.87
05-05-2025 20:00,20,0,5,0,0,23.89,2.76,1,83.93
05-05-2025 21:00,21,0,5,0,0,19,4.11,1,81.5
05-05-2025 22:00,22,0,5,0,0,18.22,3.29,0,73.64
05-05-2025 23:00,23,0,5,0,0,14.19,2.86,0,60.35
06-05-2025 00:00,0,1,5,0,0,10.93,1.73,0,27.92
06-05-2025 01:00,1,1,5,0,0,11.53,4.33,0,33.43
06-05-2025 02:00,2,1,5,0,0,12.55,4.56,0,30.54
06-05-2025 03:00,3,1,5,0,0,8.62,5.64,0,39
06-05-2025 04:00,4,1,5,0,0,9.92,5.56,0,37.59
06-05-2025 05:00,5,1,5,0,0,11.26,4.59,0,44.72
06-05-2025 06:00,6,1,5,0,0,14.97,3.49,0,57.53
06-05-2025 07:00,7,1,5,0,0,14.24,2.41,1,66.26
06-05-2025 08:00,8,1,5,0,0,16.04,6.13,1,70.29
06-05-2025 09:00,9,1,5,0,0,22.24,0.98,1,64.32
06-05-2025 10:00,10,1,5,0,0,20.57,4.99,0,56.34
06-05-2025 11:00,11,1,5,0,0,26.4,4.77,0,45.87
06-05-2025 12:00,12,1,5,0,0,27.05,4.94,0,48.83
06-05-2025 13:00,13,1,5,0,0,29.45,2.41,0,42.47
06-05-2025 14:00,14,1,5,0,0,33.16,3.76,0,55.01
06-05-2025 15:00,15,1,5,0,0,29.68,5.15,0,49.43
06-05-2025 16:00,16,1,5,0,0,28.25,5.17,0,51.74
06-05-2025 17:00,17,1,5,0,0,28.41,2.81,0,64.85
06-05-2025 18:00,18,1,5,0,0,27.51,3.02,1,78.72
06-05-2025 19:00,19,1,5,0,0,25.68,4.51,1,92.6
06-05-2025 20:00,20,1,5,0,0,21.44,2.61,1,86.85
06-05-2025 21:00,21,1,5,0,0,23.12,1.48,1,90.69
06-05-2025 22:00,22,1,5,0,0,20.22,2.39,0,75.97
06-05-2025 23:00,23,1,5,0,0,15.56,5.31,0,61.33
07-05-2025 00:00,0,2,5,0,0,10.79,0.63,0,26.7
07-05-2025 01:00,1,2,5,0,0,11.61,2.71,0,23.77
07-05-2025 02:00,2,2,5,0,0,8,5.03,0,33.43
07-05-2025 03:00,3,2,5,0,0,10.98,4.35,0,27.43
07-05-2025 04:00,4,2,5,0,0,9.86,3.86,0,37.86
07-05-2025 05:00,5,2,5,0,0,6.11,4.77,0,43.72
07-05-2025 06:00,6,2,5,0,0,12.22,2.05,0,49.48
07-05-2025 07:00,7,2,5,0,0,18.59,4.26,1,61.14
07-05-2025 08:00,8,2,5,0,0,18.03,3.15,1,72.5
07-05-2025 09:00,9,2,5,0,0,19.81,4.45,1,68.66
07-05-2025 10:00,10,2,5,0,0,21.83,3.79,0,60.2
07-05-2025 11:00,11,2,5,0,0,27.85,2.86,0,46.88
07-05-2025 12:00,12,2,5,0,0,26.68,2.58,0,47.1
07-05-2025 13:00,13,2,5,0,0,28.76,3.19,0,48.97
07-05-2025 14:00,14,2,5,0,0,29.42,3.14,0,44.83
07-05-2025 15:00,15,2,5,0,0,28.11,3.1,0,49.75
07-05-2025 16:00,16,2,5,0,0,29.22,6.35,0,51.51
07-05-2025 17:00,17,2,5,0,0,28.08,3.7,0,65.52
07-05-2025 18:00,18,2,5,0,0,28.16,4.12,1,85.58
07-05-2025 19:00,19,2,5,0,0,23.56,4.21,1,83.27
07-05-2025 20:00,20,2,5,0,0,22.89,3.57,1,90.16
07-05-2025 21:00,21,2,5,0,0,16.36,4.76,1,82.98
07-05-2025 22:00,22,2,5,0,0,19.23,2.98,0,76.03
07-05-2025 23:00,23,2,5,0,0,12.76,4.7,0,62.22
08-05-2025 00:00,0,3,5,0,0,13.66,3.93,0,32.26
08-05-2025 01:00,1,3,5,0,0,12.82,1.74,0,31.75
08-05-2025 02:00,2,3,5,0,0,12.19,3.09,0,30.38
08-05-2025 03:00,3,3,5,0,0,9.41,2.69,0,36.05
08-05-2025 04:00,4,3,5,0,0,6.73,3.78,0,33.81
08-05-2025 05:00,5,3,5,0,0,9.28,2.67,0,38.68
08-05-2025 06:00,6,3,5,0,0,8.93,5.56,0,48.87
08-05-2025 07:00,7,3,5,0,0,12.41,0.5,1,69.16
08-05-2025 08:00,8,3,5,0,0,15.84,3.33,1,69.08
08-05-2025 09:00,9,3,5,0,0,20.39,3.42,1,66.99
08-05-2025 10:00,10,3,5,0,0,26.3,5.7,0,61.28
08-05-2025 11:00,11,3,5,0,0,26.22,4.92,0,48.79
08-05-2025 12:00,12,3,5,0,0,24.68,2.73,0,41.95
08-05-2025 13:00,13,3,5,0,0,31.33,2.9,0,47.44
08-05-2025 14:00,14,3,5,0,0,27.6,1.04,0,47.09
08-05-2025 15:00,15,3,5,0,0,30.19,0.5,0,48.31
08-05-2025 16:00,16,3,5,0,0,26.73,4.61,0,52.66
08-05-2025 17:00,17,3,5,0,0,27.57,1.87,0,65.26
08-05-2025 18:00,18,3,5,0,0,30.66,4.02,1,88.02
08-05-2025 19:00,19,3,5,0,0,27.4,2.85,1,93.92
08-05-2025 20:00,20,3,5,0,0,23.17,3.52,1,89.35
08-05-2025 21:00,21,3,5,0,0,18.85,5.9,1,83.23
08-05-2025 22:00,22,3,5,0,0,20.15,5.85,0,69.48
08-05-2025 23:00,23,3,5,0,0,10.65,5.38,0,58.17
09-05-2025 00:00,0,4,5,0,0,15.92,5.54,0,31.8
09-05-2025 01:00,1,4,5,0,0,8.75,4.03,0,31.37
09-05-2025 02:00,2,4,5,0,0,11.26,3.25,0,34.2
09-05-2025 03:00,3,4,5,0,0,8.99,2.51,0,28.71
09-05-2025 04:00,4,4,5,0,0,9.79,4.3,0,35.17
09-05-2025 05:00,5,4,5,0,0,9.14,3.18,0,47.22
09-05-2025 06:00,6,4,5,0,0,10.64,4.63,0,55.03
09-05-2025 07:00,7,4,5,0,0,15.33,2.16,1,64.32
09-05-2025 08:00,8,4,5,0,0,18.55,2.96,1,68.15
09-05-2025 09:00,9,4,5,0,0,18.54,1.17,1,67.34
09-05-2025 10:00,10,4,5,0,0,19.89,3.58,0,53.8
09-05-2025 11:00,11,4,5,0,0,24.1,2.77,0,41.76
09-05-2025 12:00,12,4,5,0,0,28.68,4.34,0,44.19
09-05-2025 13:00,13,4,5,0,0,26.56,0.87,0,38.88
09-05-2025 14:00,14,4,5,0,0,32.47,4.39,0,44.87
09-05-2025 15:00,15,4,5,0,0,30.63,4.2,0,54.36
09-05-2025 16:00,16,4,5,0,0,32.88,3.08,0,68.15
09-05-2025 17:00,17,4,5,0,0,28.66,5.59,0,67.02
09-05-2025 18:00,18,4,5,0,0,27.18,3.74,1,83.62
09-05-2025 19:00,19,4,5,0,0,26.45,3.36,1,92.15
09-05-2025 20:00,20,4,5,0,0,21.22,2.17,1,87.53
09-05-2025 21:00,21,4,5,0,0,19.3,3.38,1,82.86
09-05-2025 22:00,22,4,5,0,0,18.37,2.83,0,76.62
09-05-2025 23:00,23,4,5,0,0,9.34,0.85,0,60
10-05-2025 00:00,0,5,5,1,0,15.4,1.1,0,22.1
10-05-2025 01:00,1,5,5,1,0,11.42,2.8,0,24.78
10-05-2025 02:00,2,5,5,1,0,9.62,2.66,0,28.95
10-05-2025 03:00,3,5,5,1,0,9.73,4.19,0,24.04
10-05-2025 04:00,4,5,5,1,0,9.25,3.17,0,28.56
10-05-2025 05:00,5,5,5,1,0,9.98,3.64,0,38.62
10-05-2025 06:00,6,5,5,1,0,13.01,2.85,0,43.94
10-05-2025 07:00,7,5,5,1,0,14.95,5.15,1,51.6
10-05-2025 08:00,8,5,5,1,0,20.5,6.35,1,56.24
10-05-2025 09:00,9,5,5,1,0,19.67,5.96,1,48.36
10-05-2025 10:00,10,5,5,1,0,23.02,3.14,0,42.73
10-05-2025 11:00,11,5,5,1,0,25.59,5.13,0,39.06
10-05-2025 12:00,12,5,5,1,0,24.27,0.71,0,26.42
10-05-2025 13:00,13,5,5,1,0,30.36,4.99,0,40.94
10-05-2025 14:00,14,5,5,1,0,29.95,3.34,0,45.92
10-05-2025 15:00,15,5,5,1,0,28.52,2.71,0,41.75
10-05-2025 16:00,16,5,5,1,0,30.95,4.41,0,51.15
10-05-2025 17:00,17,5,5,1,0,27.62,3.72,0,59.88
10-05-2025 18:00,18,5,5,1,0,27.33,1.07,1,60.25
10-05-2025 19:00,19,5,5,1,0,27.98,7.41,1,77.18
10-05-2025 20:00,20,5,5,1,0,19.48,4.96,1,74.19
10-05-2025 21:00,21,5,5,1,0,22.7,6.14,1,74.14
10-05-2025 22:00,22,5,5,1,0,18.15,1.29,0,59.82
10-05-2025 23:00,23,5,5,1,0,15.79,1.74,0,37.92
11-05-2025 00:00,0,6,5,1,0,10.07,3.99,0,25.76
11-05-2025 01:00,1,6,5,1,0,10.63,4.21,0,30.23
11-05-2025 02:00,2,6,5,1,0,9.66,4.25,0,21.51
11-05-2025 03:00,3,6,5,1,0,9.79,2.84,0,29.03
11-05-2025 04:00,4,6,5,1,0,10.74,3.45,0,25.38
11-05-2025 05:00,5,6,5,1,0,10.69,3.16,0,31.32
11-05-2025 06:00,6,6,5,1,0,16.38,2.15,0,37.1
11-05-2025 07:00,7,6,5,1,0,11.99,3.32,1,49.73
11-05-2025 08:00,8,6,5,1,0,17.44,4.78,1,51.74
11-05-2025 09:00,9,6,5,1,0,18.36,5.94,1,53.12
11-05-2025 10:00,10,6,5,1,0,21.44,5.45,0,44.09
11-05-2025 11:00,11,6,5,1,0,26.68,4.17,0,45.89
11-05-2025 12:00,12,6,5,1,0,29,3.03,0,38.84
11-05-2025 13:00,13,6,5,1,0,27.93,1.74,0,33.85
11-05-2025 14:00,14,6,5,1,0,29.09,1.03,0,41.37
11-05-2025 15:00,15,6,5,1,0,27.58,5.57,0,39.24
11-05-2025 16:00,16,6,5,1,0,29.1,3.2,0,49.36
11-05-2025 17:00,17,6,5,1,0,30.15,1.72,0,58.9
11-05-2025 18:00,18,6,5,1,0,27.03,5.19,1,61.87
11-05-2025 19:00,19,6,5,1,0,27.46,4.9,1,78.54
11-05-2025 20:00,20,6,5,1,0,22.88,2.08,1,71.13
11-05-2025 21:00,21,6,5,1,0,19.01,1.42,1,67.69
11-05-2025 22:00,22,6,5,1,0,14.78,3.83,0,54.77
11-05-2025 23:00,23,6,5,1,0,17.04,3.52,0,49.82
12-05-2025 00:00,0,0,5,0,0,12.72,4.37,0,34.2
12-05-2025 01:00,1,0,5,0,0,12.97,3.62,0,32.03
12-05-2025 02:00,2,0,5,0,0,12.33,4.22,0,32.78
12-05-2025 03:00,3,0,5,0,0,10.67,4.34,0,34.35
12-05-2025 04:00,4,0,5,0,0,10.39,2.9,0,36.24
12-05-2025 05:00,5,0,5,0,0,9.22,3.32,0,41.8
12-05-2025 06:00,6,0,5,0,0,12.11,3.67,0,54.05
12-05-2025 07:00,7,0,5,0,0,15.34,1.58,1,57.34
12-05-2025 08:00,8,0,5,0,0,21.88,6.07,1,62.41
12-05-2025 09:00,9,0,5,0,0,20.1,3.88,1,65.28
12-05-2025 10:00,10,0,5,0,0,21.92,2.42,0,53.59
12-05-2025 11:00,11,0,5,0,0,22.18,5.2,0,42.6
12-05-2025 12:00,12,0,5,0,0,25.3,5.13,0,39.73
12-05-2025 13:00,13,0,5,0,0,28.51,3.85,0,42.94
12-05-2025 14:00,14,0,5,0,0,27.07,3.1,0,40.97
12-05-2025 15:00,15,0,5,0,0,34.85,2.29,0,65.44
12-05-2025 16:00,16,0,5,0,0,29.47,5.03,0,61.69
12-05-2025 17:00,17,0,5,0,0,27.78,4.65,0,70.86
12-05-2025 18:00,18,0,5,0,0,32.67,2.03,1,92.72
12-05-2025 19:00,19,0,5,0,0,25.52,3.09,1,93.94
12-05-2025 20:00,20,0,5,0,0,20.93,3.95,1,87.78
12-05-2025 21:00,21,0,5,0,0,20.37,7.04,1,85.71
12-05-2025 22:00,22,0,5,0,0,16.42,3.26,0,74.97
12-05-2025 23:00,23,0,5,0,0,12.8,3.86,0,60.77
13-05-2025 00:00,0,1,5,0,0,13.92,1.99,0,30.39
13-05-2025 01:00,1,1,5,0,0,11.44,6.04,0,26.41
13-05-2025 02:00,2,1,5,0,0,12.57,0.99,0,31.32
13-05-2025 03:00,3,1,5,0,0,12.04,3.4,0,26.73
13-05-2025 04:00,4,1,5,0,0,6.9,3.24,0,33.62
13-05-2025 05:00,5,1,5,0,0,12.8,1.59,0,43.99
13-05-2025 06:00,6,1,5,0,0,15.79,4.08,0,53.57
13-05-2025 07:00,7,1,5,0,0,11.91,3.62,1,61.68
13-05-2025 08:00,8,1,5,0,0,17.02,3.51,1,67.46
13-05-2025 09:00,9,1,5,0,0,17.65,5.4,1,63.79
13-05-2025 10:00,10,1,5,0,0,20.72,3.4,0,48.04
13-05-2025 11:00,11,1,5,0,0,24.39,3.52,0,41.86
13-05-2025 12:00,12,1,5,0,0,25.92,2.87,0,38.05
13-05-2025 13:00,13,1,5,0,0,25.75,3.96,0,36.03
13-05-2025 14:00,14,1,5,0,0,28.38,2.73,0,43.31
13-05-2025 15:00,15,1,5,0,0,31.69,4.86,0,57.22
13-05-2025 16:00,16,1,5,0,0,28.91,3.75,0,57.39
13-05-2025 17:00,17,1,5,0,0,30.03,2.85,0,73.67
13-05-2025 18:00,18,1,5,0,0,27.04,2.25,1,84.73
13-05-2025 19:00,19,1,5,0,0,25.61,2.74,1,87.01
13-05-2025 20:00,20,1,5,0,0,22.55,3.23,1,96.95
13-05-2025 21:00,21,1,5,0,0,16.91,5.28,1,82.73
13-05-2025 22:00,22,1,5,0,0,17.86,3.05,0,69.71
13-05-2025 23:00,23,1,5,0,0,14.11,6.16,0,53.1
14-05-2025 00:00,0,2,5,0,0,13.73,4.06,0,33.5
14-05-2025 01:00,1,2,5,0,0,12.46,0.71,0,31.57
14-05-2025 02:00,2,2,5,0,0,11.09,4.26,0,27.46
14-05-2025 03:00,3,2,5,0,0,11.54,5.89,0,28.88
14-05-2025 04:00,4,2,5,0,0,12.74,2.33,0,34.65
14-05-2025 05:00,5,2,5,0,0,10.11,3.32,0,45.67
14-05-2025 06:00,6,2,5,0,0,18.73,5.57,0,52.48
14-05-2025 07:00,7,2,5,0,0,15.65,2.02,1,68.93
14-05-2025 08:00,8,2,5,0,0,20.21,5.05,1,69.92
14-05-2025 09:00,9,2,5,0,0,20.45,1.57,1,61.26
14-05-2025 10:00,10,2,5,0,0,20.48,3.66,0,51.53
14-05-2025 11:00,11,2,5,0,0,24.97,2.71,0,44.71
14-05-2025 12:00,12,2,5,0,0,28.69,2.17,0,46.65
14-05-2025 13:00,13,2,5,0,0,28.97,2.46,0,44.73
14-05-2025 14:00,14,2,5,0,0,30.35,2.77,0,50.23
14-05-2025 15:00,15,2,5,0,0,31.14,1.02,0,49.79
14-05-2025 16:00,16,2,5,0,0,28.48,1.9,0,60.1
14-05-2025 17:00,17,2,5,0,0,26.95,3.92,0,67.41
14-05-2025 18:00,18,2,5,0,0,27.23,5.6,1,89.01
14-05-2025 19:00,19,2,5,0,0,25.46,1.79,1,88.95
14-05-2025 20:00,20,2,5,0,0,20.77,7.57,1,89.78
14-05-2025 21:00,21,2,5,0,0,21.52,1.85,1,85.6
14-05-2025 22:00,22,2,5,0,0,17.51,1.9,0,72.66
14-05-2025 23:00,23,2,5,0,0,14.97,1.72,0,54.33
15-05-2025 00:00,0,3,5,0,0,14.13,2.2,0,30.54
15-05-2025 01:00,1,3,5,0,0,11.48,8.56,0,31.47
15-05-2025 02:00,2,3,5,0,0,11.31,2.64,0,30.73
15-05-2025 03:00,3,3,5,0,0,10.63,3.53,0,38.43
15-05-2025 04:00,4,3,5,0,0,10.7,3.52,0,33.12
15-05-2025 05:00,5,3,5,0,0,13.96,1.5,0,47.45
15-05-2025 06:00,6,3,5,0,0,12.18,2.46,0,54.29
15-05-2025 07:00,7,3,5,0,0,12.45,5.43,1,62.17
15-05-2025 08:00,8,3,5,0,0,18.26,2.94,1,72.43
15-05-2025 09:00,9,3,5,0,0,24.76,7,1,61.5
15-05-2025 10:00,10,3,5,0,0,22.95,2.39,0,53.95
15-05-2025 11:00,11,3,5,0,0,26.38,4.02,0,53.3
15-05-2025 12:00,12,3,5,0,0,25.75,5.29,0,38.18
15-05-2025 13:00,13,3,5,0,0,28.19,3.83,0,49.11
15-05-2025 14:00,14,3,5,0,0,28.17,2.97,0,46.58
15-05-2025 15:00,15,3,5,0,0,26.36,2.41,0,42.17
15-05-2025 16:00,16,3,5,0,0,28.46,4.07,0,62.83
15-05-2025 17:00,17,3,5,0,0,30.65,1.28,0,71.96
15-05-2025 18:00,18,3,5,0,0,25.41,2.23,1,74.72
15-05-2025 19:00,19,3,5,0,0,24.3,3,1,91.88
15-05-2025 20:00,20,3,5,0,0,23.58,5.04,1,88.64
15-05-2025 21:00,21,3,5,0,0,17.91,1.89,1,87.83
15-05-2025 22:00,22,3,5,0,0,15.88,1.82,0,70.85
15-05-2025 23:00,23,3,5,0,0,16.5,4.31,0,60.28
16-05-2025 00:00,0,4,5,0,0,8.3,3.33,0,28.58
16-05-2025 01:00,1,4,5,0,0,13.34,2.06,0,30.14
16-05-2025 02:00,2,4,5,0,0,11.07,0.99,0,31.93
16-05-2025 03:00,3,4,5,0,0,16.18,2.09,0,30.1
16-05-2025 04:00,4,4,5,0,0,13.95,1.94,0,41.9
16-05-2025 05:00,5,4,5,0,0,11.92,6.02,0,42.41
16-05-2025 06:00,6,4,5,0,0,15.15,1,0,53.17
16-05-2025 07:00,7,4,5,0,0,18.25,1.35,1,62.77
16-05-2025 08:00,8,4,5,0,0,16.77,0.5,1,69.81
16-05-2025 09:00,9,4,5,0,0,21.27,1.25,1,60.36
16-05-2025 10:00,10,4,5,0,0,25.63,4.23,0,55.78
16-05-2025 11:00,11,4,5,0,0,25.4,2.31,0,43.51
16-05-2025 12:00,12,4,5,0,0,27.52,1.67,0,43.62
16-05-2025 13:00,13,4,5,0,0,33.46,2.32,0,56.77
16-05-2025 14:00,14,4,5,0,0,33.59,1.28,0,57.71
16-05-2025 15:00,15,4,5,0,0,30.5,3.52,0,53.67
16-05-2025 16:00,16,4,5,0,0,30.15,0.99,0,62.12
16-05-2025 17:00,17,4,5,0,0,31.43,1.28,0,72.3
16-05-2025 18:00,18,4,5,0,0,28.19,2.04,1,81.45
16-05-2025 19:00,19,4,5,0,0,24.4,3.92,1,81.31
16-05-2025 20:00,20,4,5,0,0,25.14,4.07,1,92.36
16-05-2025 21:00,21,4,5,0,0,15.47,3.49,1,84.05
16-05-2025 22:00,22,4,5,0,0,14.46,4.63,0,72.25
16-05-2025 23:00,23,4,5,0,0,16.02,4.33,0,62.31
17-05-2025 00:00,0,5,5,1,0,16.58,2.8,0,25.6
17-05-2025 01:00,1,5,5,1,0,12.27,3.21,0,28.25
17-05-2025 02:00,2,5,5,1,0,12.61,3.82,0,21.72
17-05-2025 03:00,3,5,5,1,0,13.87,1.9,0,26.83
17-05-2025 04:00,4,5,5,1,0,10.03,5.4,0,23.5
17-05-2025 05:00,5,5,5,1,0,12.53,3.65,0,35.34
17-05-2025 06:00,6,5,5,1,0,13.16,3.23,0,45.47
17-05-2025 07:00,7,5,5,1,0,15.26,5.99,1,47.83
17-05-2025 08:00,8,5,5,1,0,15.48,6.65,1,58.33
17-05-2025 09:00,9,5,5,1,0,16.11,3.75,1,53.18
17-05-2025 10:00,10,5,5,1,0,22.3,6.45,0,43.78
17-05-2025 11:00,11,5,5,1,0,31.93,2.16,0,52.04
17-05-2025 12:00,12,5,5,1,0,28.9,2.28,0,39.25
17-05-2025 13:00,13,5,5,1,0,29.71,2.81,0,41.8
17-05-2025 14:00,14,5,5,1,0,26.65,3.31,0,39.6
17-05-2025 15:00,15,5,5,1,0,28.38,1.96,0,41.67
17-05-2025 16:00,16,5,5,1,0,28.82,2.56,0,43.64
17-05-2025 17:00,17,5,5,1,0,28.96,4.38,0,58.9
17-05-2025 18:00,18,5,5,1,0,24.7,7.94,1,62.89
17-05-2025 19:00,19,5,5,1,0,25.8,1.49,1,73.09
17-05-2025 20:00,20,5,5,1,0,22.14,6.22,1,73.57
17-05-2025 21:00,21,5,5,1,0,21.92,0.5,1,70.57
17-05-2025 22:00,22,5,5,1,0,18.63,2.79,0,50.67
17-05-2025 23:00,23,5,5,1,0,16.37,3.9,0,46.96
18-05-2025 00:00,0,6,5,1,0,13.3,1.73,0,21.73
18-05-2025 01:00,1,6,5,1,0,9,7.39,0,22.8
18-05-2025 02:00,2,6,5,1,0,10.92,4.28,0,28.98
18-05-2025 03:00,3,6,5,1,0,11.83,0.5,0,24.7
18-05-2025 04:00,4,6,5,1,0,12.76,4.99,0,24.15
18-05-2025 05:00,5,6,5,1,0,9.81,4,0,32.43
18-05-2025 06:00,6,6,5,1,0,14.8,1.92,0,43.84
18-05-2025 07:00,7,6,5,1,0,15.26,4.87,1,55.24
18-05-2025 08:00,8,6,5,1,0,19.54,3.99,1,56.12
18-05-2025 09:00,9,6,5,1,0,20.98,2.74,1,52.76
18-05-2025 10:00,10,6,5,1,0,21.96,5.55,0,44.55
18-05-2025 11:00,11,6,5,1,0,26.33,4.23,0,43.29
18-05-2025 12:00,12,6,5,1,0,27.04,0.5,0,35.75
18-05-2025 13:00,13,6,5,1,0,31.27,2.89,0,49.63
18-05-2025 14:00,14,6,5,1,0,27.47,4.62,0,32.45
18-05-2025 15:00,15,6,5,1,0,30.32,5.11,0,45.56
18-05-2025 16:00,16,6,5,1,0,30.38,1.21,0,53.66
18-05-2025 17:00,17,6,5,1,0,28.28,2.01,0,59.58
18-05-2025 18:00,18,6,5,1,0,26.88,6.18,1,62.11
18-05-2025 19:00,19,6,5,1,0,24.23,4.04,1,74.77
18-05-2025 20:00,20,6,5,1,0,21.34,2.25,1,71.96
18-05-2025 21:00,21,6,5,1,0,22.67,5.3,1,66.31
18-05-2025 22:00,22,6,5,1,0,15.48,3.26,0,54.3
18-05-2025 23:00,23,6,5,1,0,14.1,1.37,0,46.31
19-05-2025 00:00,0,0,5,0,0,12.22,5.16,0,31.82
19-05-2025 01:00,1,0,5,0,0,12.58,2.69,0,29.02
19-05-2025 02:00,2,0,5,0,0,9.21,2.83,0,31.42
19-05-2025 03:00,3,0,5,0,0,10.86,1.89,0,32.55
19-05-2025 04:00,4,0,5,0,0,9.59,5.72,0,31.83
19-05-2025 05:00,5,0,5,0,0,13.1,4.11,0,42.34
19-05-2025 06:00,6,0,5,0,0,11.27,7.07,0,50.13
19-05-2025 07:00,7,0,5,0,0,12.87,2.83,1,62.33
19-05-2025 08:00,8,0,5,0,0,16.74,2.49,1,70.73
19-05-2025 09:00,9,0,5,0,0,22.82,1.73,1,71.5
19-05-2025 10:00,10,0,5,0,0,21.74,3.98,0,56.99
19-05-2025 11:00,11,0,5,0,0,25.67,4.5,0,48.99
19-05-2025 12:00,12,0,5,0,0,28.11,3.19,0,48.37
19-05-2025 13:00,13,0,5,0,0,31.42,4.66,0,49.54
19-05-2025 14:00,14,0,5,0,0,29.18,1.86,0,42.08
19-05-2025 15:00,15,0,5,0,0,29.99,0.5,0,58.58
19-05-2025 16:00,16,0,5,0,0,30,5.16,0,68.11
19-05-2025 17:00,17,0,5,0,0,24.15,2.99,0,59.14
19-05-2025 18:00,18,0,5,0,0,29.28,3.75,1,87.89
19-05-2025 19:00,19,0,5,0,0,22.1,7.05,1,88.13
19-05-2025 20:00,20,0,5,0,0,21.71,6.11,1,92.7
19-05-2025 21:00,21,0,5,0,0,19.35,3.93,1,86.22
19-05-2025 22:00,22,0,5,0,0,17.81,1.24,0,71.72
19-05-2025 23:00,23,0,5,0,0,15.68,5.1,0,54.36
20-05-2025 00:00,0,1,5,0,0,13.12,3.11,0,27.73
20-05-2025 01:00,1,1,5,0,0,10.97,3.42,0,31.04
20-05-2025 02:00,2,1,5,0,0,9.56,3.98,0,26.62
20-05-2025 03:00,3,1,5,0,0,11.48,3.1,0,33.86
20-05-2025 04:00,4,1,5,0,0,11.36,1.08,0,33.45
20-05-2025 05:00,5,1,5,0,0,13.82,2.75,0,40.39
20-05-2025 06:00,6,1,5,0,0,13.41,4.49,0,58.25
20-05-2025 07:00,7,1,5,0,0,13.94,3.8,1,66.22
20-05-2025 08:00,8,1,5,0,0,19.22,1.77,1,70.97
20-05-2025 09:00,9,1,5,0,0,20.55,0.99,1,63.22
20-05-2025 10:00,10,1,5,0,0,25.77,5.65,0,58.96
20-05-2025 11:00,11,1,5,0,0,22.7,4.24,0,44.77
20-05-2025 12:00,12,1,5,0,0,24.24,3.1,0,33.08
20-05-2025 13:00,13,1,5,0,0,23.73,5.17,0,29.63
20-05-2025 14:00,14,1,5,0,0,30.97,3.04,0,48.73
20-05-2025 15:00,15,1,5,0,0,29.66,3.77,0,53.03
20-05-2025 16:00,16,1,5,0,0,34.09,5.32,0,72.13
20-05-2025 17:00,17,1,5,0,0,29.18,2,0,72.38
20-05-2025 18:00,18,1,5,0,0,29.56,2.4,1,86.32
20-05-2025 19:00,19,1,5,0,0,27.65,3.61,1,96.07
20-05-2025 20:00,20,1,5,0,0,24.36,2.06,1,90.85
20-05-2025 21:00,21,1,5,0,0,20.33,2.85,1,88.52
20-05-2025 22:00,22,1,5,0,0,16.51,1.78,0,75.2
20-05-2025 23:00,23,1,5,0,0,18.65,4.52,0,58.17
21-05-2025 00:00,0,2,5,0,0,13.18,4.93,0,23.38
21-05-2025 01:00,1,2,5,0,0,10.43,5.45,0,26.35
21-05-2025 02:00,2,2,5,0,0,9.2,4.95,0,29.77
21-05-2025 03:00,3,2,5,0,0,10.84,1.75,0,35.91
21-05-2025 04:00,4,2,5,0,0,13.27,1.72,0,38.26
21-05-2025 05:00,5,2,5,0,0,9.44,3.45,0,44.07
21-05-2025 06:00,6,2,5,0,0,10.91,3.29,0,58.73
21-05-2025 07:00,7,2,5,0,0,18.23,4.16,1,65.46
21-05-2025 08:00,8,2,5,0,0,18.49,2.82,1,72.25
21-05-2025 09:00,9,2,5,0,0,19.13,4.02,1,63.79
21-05-2025 10:00,10,2,5,0,0,22.25,2.76,0,54.85
21-05-2025 11:00,11,2,5,0,0,24.69,5.16,0,46.24
21-05-2025 12:00,12,2,5,0,0,27.2,0.91,0,41.29
21-05-2025 13:00,13,2,5,0,0,30.08,2.39,0,47.99
21-05-2025 14:00,14,2,5,0,0,27.5,2.51,0,41.81
21-05-2025 15:00,15,2,5,0,0,30.03,2.49,0,50.64
21-05-2025 16:00,16,2,5,0,0,31.29,5.68,0,67.97
21-05-2025 17:00,17,2,5,0,0,29.79,2.45,0,69.48
21-05-2025 18:00,18,2,5,0,0,27.18,5.22,1,85.73
21-05-2025 19:00,19,2,5,0,0,24.23,3.74,1,85.95
21-05-2025 20:00,20,2,5,0,0,21.74,2.42,1,92.44
21-05-2025 21:00,21,2,5,0,0,20.16,1.76,1,85.28
21-05-2025 22:00,22,2,5,0,0,17.62,4.06,0,67.81
21-05-2025 23:00,23,2,5,0,0,13.98,3.93,0,55
22-05-2025 00:00,0,3,5,0,0,13.87,3.98,0,29.66
22-05-2025 01:00,1,3,5,0,0,8.77,1.98,0,37.83
22-05-2025 02:00,2,3,5,0,0,10.9,4.17,0,30.66
22-05-2025 03:00,3,3,5,0,0,10.19,3.09,0,29.85
22-05-2025 04:00,4,3,5,0,0,14.24,2.55,0,40.02
22-05-2025 05:00,5,3,5,0,0,7.55,5.03,0,39.9
22-05-2025 06:00,6,3,5,0,0,14.42,4.62,0,55.36
22-05-2025 07:00,7,3,5,0,0,17.26,1.57,1,64.05
22-05-2025 08:00,8,3,5,0,0,17.45,3.24,1,72.84
22-05-2025 09:00,9,3,5,0,0,20.98,2.52,1,67.32
22-05-2025 10:00,10,3,5,0,0,24.53,1.55,0,53.05
22-05-2025 11:00,11,3,5,0,0,24.34,3.85,0,50.66
22-05-2025 12:00,12,3,5,0,0,28.74,2.75,0,53.68
22-05-2025 13:00,13,3,5,0,0,24.87,3.78,0,32.83
22-05-2025 14:00,14,3,5,0,0,29.17,3.74,0,48
22-05-2025 15:00,15,3,5,0,0,30.85,0.85,0,55.32
22-05-2025 16:00,16,3,5,0,0,27.28,3.94,0,57.6
22-05-2025 17:00,17,3,5,0,0,24.65,4.3,0,58.43
22-05-2025 18:00,18,3,5,0,0,26.34,3.06,1,82.2
22-05-2025 19:00,19,3,5,0,0,24.67,4.05,1,83.06
22-05-2025 20:00,20,3,5,0,0,21.05,2.8,1,85.48
22-05-2025 21:00,21,3,5,0,0,20.67,0.76,1,84.66
22-05-2025 22:00,22,3,5,0,0,17.07,2.42,0,74.12
22-05-2025 23:00,23,3,5,0,0,16.31,4.61,0,59.88
23-05-2025 00:00,0,4,5,0,0,12.69,4.24,0,29.33
23-05-2025 01:00,1,4,5,0,0,11.48,0.5,0,30.45
23-05-2025 02:00,2,4,5,0,0,9.95,2.33,0,29.91
23-05-2025 03:00,3,4,5,0,0,11.55,0.5,0,34.02
23-05-2025 04:00,4,4,5,0,0,10.98,4.23,0,40.34
23-05-2025 05:00,5,4,5,0,0,9.08,1.91,0,38.97
23-05-2025 06:00,6,4,5,0,0,12.54,2.78,0,53.2
23-05-2025 07:00,7,4,5,0,0,11.81,4.1,1,65.02
23-05-2025 08:00,8,4,5,0,0,21.19,2.91,1,70.12
23-05-2025 09:00,9,4,5,0,0,18.75,4,1,69.81
23-05-2025 10:00,10,4,5,0,0,22.43,2.46,0,53.83
23-05-2025 11:00,11,4,5,0,0,24.72,3.45,0,43.44
23-05-2025 12:00,12,4,5,0,0,24.79,3.57,0,36.28
23-05-2025 13:00,13,4,5,0,0,25.68,0.5,0,35.2
23-05-2025 14:00,14,4,5,0,0,27.84,0.5,0,44.39
23-05-2025 15:00,15,4,5,0,0,29.55,2.35,0,49.75
23-05-2025 16:00,16,4,5,0,0,28.45,5.35,0,58.75
23-05-2025 17:00,17,4,5,0,0,28.05,3.45,0,68.56
23-05-2025 18:00,18,4,5,0,0,26.4,0.6,1,82.4
23-05-2025 19:00,19,4,5,0,0,24.09,5.48,1,85.13
23-05-2025 20:00,20,4,5,0,0,22.88,1.3,1,90.39
23-05-2025 21:00,21,4,5,0,0,19.14,2.42,1,86.43
23-05-2025 22:00,22,4,5,0,0,17.16,1.53,0,69.77
23-05-2025 23:00,23,4,5,0,0,15.21,5.25,0,60.39
24-05-2025 00:00,0,5,5,1,0,14.43,4.19,0,24.83
24-05-2025 01:00,1,5,5,1,0,7.74,3.66,0,24.84
24-05-2025 02:00,2,5,5,1,0,7.74,3.39,0,13.96
24-05-2025 03:00,3,5,5,1,0,8.7,2.93,0,27.4
24-05-2025 04:00,4,5,5,1,0,12.81,3.23,0,25.85
24-05-2025 05:00,5,5,5,1,0,14.72,2.61,0,35.19
24-05-2025 06:00,6,5,5,1,0,12.77,1.6,0,41.4
24-05-2025 07:00,7,5,5,1,0,14.67,3.45,1,48.11
24-05-2025 08:00,8,5,5,1,0,14.97,3.31,1,50.54
24-05-2025 09:00,9,5,5,1,0,18.08,1.86,1,48.75
24-05-2025 10:00,10,5,5,1,0,22.13,1.82,0,43.43
24-05-2025 11:00,11,5,5,1,0,27.5,2.84,0,39.86
24-05-2025 12:00,12,5,5,1,0,28.93,3.88,0,40.65
24-05-2025 13:00,13,5,5,1,0,27.86,4.98,0,38.57
24-05-2025 14:00,14,5,5,1,0,27.99,3,0,35.79
24-05-2025 15:00,15,5,5,1,0,27.69,1.17,0,39.02
24-05-2025 16:00,16,5,5,1,0,28.31,3.05,0,46.82
24-05-2025 17:00,17,5,5,1,0,29.32,1.76,0,59.45
24-05-2025 18:00,18,5,5,1,0,25.19,4.71,1,63
24-05-2025 19:00,19,5,5,1,0,25.07,4.78,1,68.12
24-05-2025 20:00,20,5,5,1,0,23.38,3.74,1,68.17
24-05-2025 21:00,21,5,5,1,0,23.29,1,1,64.52
24-05-2025 22:00,22,5,5,1,0,16.66,2.9,0,52.47
24-05-2025 23:00,23,5,5,1,0,15.8,4.84,0,46.17
25-05-2025 00:00,0,6,5,1,0,12.16,5.87,0,19.54
25-05-2025 01:00,1,6,5,1,0,10.21,4.23,0,25.25
25-05-2025 02:00,2,6,5,1,0,11.81,4.71,0,24.47
25-05-2025 03:00,3,6,5,1,0,8.33,4.48,0,21.54
25-05-2025 04:00,4,6,5,1,0,11.85,5.56,0,25.37
25-05-2025 05:00,5,6,5,1,0,10.63,3.61,0,36.6
25-05-2025 06:00,6,6,5,1,0,11.71,3.12,0,46.38
25-05-2025 07:00,7,6,5,1,0,14.96,5.75,1,49.85
25-05-2025 08:00,8,6,5,1,0,18.7,5.66,1,56.86
25-05-2025 09:00,9,6,5,1,0,20.75,3.67,1,49.94
25-05-2025 10:00,10,6,5,1,0,24.03,4.84,0,47.98
25-05-2025 11:00,11,6,5,1,0,25.97,2.54,0,36.6
25-05-2025 12:00,12,6,5,1,0,27.6,4.09,0,38.28
25-05-2025 13:00,13,6,5,1,0,28.51,3.61,0,38.87
25-05-2025 14:00,14,6,5,1,0,30.69,2.87,0,41.6
25-05-2025 15:00,15,6,5,1,0,28.17,3.29,0,35.63
25-05-2025 16:00,16,6,5,1,0,29.85,0.5,0,48.6
25-05-2025 17:00,17,6,5,1,0,29.71,5.38,0,62.5
25-05-2025 18:00,18,6,5,1,0,26.76,1.8,1,65.44
25-05-2025 19:00,19,6,5,1,0,25.03,4.52,1,69.39
25-05-2025 20:00,20,6,5,1,0,22.2,4.28,1,68.13
25-05-2025 21:00,21,6,5,1,0,23.22,3.06,1,66.63
25-05-2025 22:00,22,6,5,1,0,16.86,5.31,0,53.81
25-05-2025 23:00,23,6,5,1,0,11.87,2.87,0,46.73
26-05-2025 00:00,0,0,5,0,0,16.16,5.02,0,31.65
26-05-2025 01:00,1,0,5,0,0,12.63,2.35,0,29.96
26-05-2025 02:00,2,0,5,0,0,9.21,4.04,0,38.42
26-05-2025 03:00,3,0,5,0,0,9.78,0.68,0,35.85
26-05-2025 04:00,4,0,5,0,0,7.34,1.76,0,39.38
26-05-2025 05:00,5,0,5,0,0,13.08,2.06,0,39.99
26-05-2025 06:00,6,0,5,0,0,11.95,1.36,0,53.9
26-05-2025 07:00,7,0,5,0,0,13.69,1.32,1,67.79
26-05-2025 08:00,8,0,5,0,0,15.72,5.76,1,70.63
26-05-2025 09:00,9,0,5,0,0,20.85,3.2,1,65.4
26-05-2025 10:00,10,0,5,0,0,23.11,5.45,0,60.56
26-05-2025 11:00,11,0,5,0,0,26.37,5.36,0,45.62
26-05-2025 12:00,12,0,5,0,0,27.97,3.03,0,46.89
26-05-2025 13:00,13,0,5,0,0,31.31,3.86,0,46.53
26-05-2025 14:00,14,0,5,0,0,29.37,4.99,0,47.46
26-05-2025 15:00,15,0,5,0,0,31.77,6.1,0,56.4
26-05-2025 16:00,16,0,5,0,0,33.55,4.73,0,67.17
26-05-2025 17:00,17,0,5,0,0,25.55,1.65,0,55.34
26-05-2025 18:00,18,0,5,0,0,26.77,3.49,1,80.37
26-05-2025 19:00,19,0,5,0,0,24.43,3.2,1,90.18
26-05-2025 20:00,20,0,5,0,0,21.82,2.31,1,90.58
26-05-2025 21:00,21,0,5,0,0,20.55,4.71,1,83.38
26-05-2025 22:00,22,0,5,0,0,17.77,4.66,0,69.84
26-05-2025 23:00,23,0,5,0,0,16.22,1.68,0,58.04
27-05-2025 00:00,0,1,5,0,0,14.79,1.14,0,35.3
27-05-2025 01:00,1,1,5,0,0,15.02,1.69,0,29.33
27-05-2025 02:00,2,1,5,0,0,10.63,7.09,0,30.82
27-05-2025 03:00,3,1,5,0,0,13.36,2.91,0,27.37
27-05-2025 04:00,4,1,5,0,0,8.84,2.37,0,37.12
27-05-2025 05:00,5,1,5,0,0,12.02,1.22,0,46.58
27-05-2025 06:00,6,1,5,0,0,12.16,3.3,0,56.65
27-05-2025 07:00,7,1,5,0,0,15.23,2.83,1,67.1
27-05-2025 08:00,8,1,5,0,0,21.53,4.59,1,71.42
27-05-2025 09:00,9,1,5,0,0,17.09,1.63,1,65.96
27-05-2025 10:00,10,1,5,0,0,22.63,1.99,0,53.72
27-05-2025 11:00,11,1,5,0,0,25.4,6.88,0,48.47
27-05-2025 12:00,12,1,5,0,0,29.02,3.25,0,45.74
27-05-2025 13:00,13,1,5,0,0,33.1,2.32,0,56.85
27-05-2025 14:00,14,1,5,0,0,29.08,4.48,0,47.21
27-05-2025 15:00,15,1,5,0,0,28.77,3.24,0,57.12
27-05-2025 16:00,16,1,5,0,0,32.86,2.98,0,70.57
27-05-2025 17:00,17,1,5,0,0,30.72,1.82,0,68.62
27-05-2025 18:00,18,1,5,0,0,26.68,3.37,1,84.15
27-05-2025 19:00,19,1,5,0,0,22.21,1.3,1,86.65
27-05-2025 20:00,20,1,5,0,0,26.93,1.66,1,98.57
27-05-2025 21:00,21,1,5,0,0,23.1,3.74,1,83.71
27-05-2025 22:00,22,1,5,0,0,14.53,1.98,0,67.54
27-05-2025 23:00,23,1,5,0,0,20.89,1.99,0,57.79
28-05-2025 00:00,0,2,5,0,0,14.05,5.47,0,29.47
28-05-2025 01:00,1,2,5,0,0,11.05,0.61,0,31.75
28-05-2025 02:00,2,2,5,0,0,9.8,5.27,0,30.64
28-05-2025 03:00,3,2,5,0,0,7.28,4.58,0,27.31
28-05-2025 04:00,4,2,5,0,0,12.43,6.18,0,36.49
28-05-2025 05:00,5,2,5,0,0,12.85,5.79,0,42.87
28-05-2025 06:00,6,2,5,0,0,11.26,3.81,0,52.16
28-05-2025 07:00,7,2,5,0,0,12.62,2.04,1,69.17
28-05-2025 08:00,8,2,5,0,0,14.97,5.06,1,69.42
28-05-2025 09:00,9,2,5,0,0,21,5.49,1,68.05
28-05-2025 10:00,10,2,5,0,0,20.97,2.46,0,52.84
28-05-2025 11:00,11,2,5,0,0,25.19,1.17,0,47
28-05-2025 12:00,12,2,5,0,0,29.38,4.07,0,50.77
28-05-2025 13:00,13,2,5,0,0,29.16,3.14,0,41.73
28-05-2025 14:00,14,2,5,0,0,29.53,2.15,0,48.26
28-05-2025 15:00,15,2,5,0,0,27.61,2.85,0,46.56
28-05-2025 16:00,16,2,5,0,0,30.16,4.89,0,56.88
28-05-2025 17:00,17,2,5,0,0,31.1,4.47,0,78.34
28-05-2025 18:00,18,2,5,0,0,27.79,3.18,1,83.56
28-05-2025 19:00,19,2,5,0,0,27.29,4.82,1,95.94
28-05-2025 20:00,20,2,5,0,0,21.35,0.54,1,95.4
28-05-2025 21:00,21,2,5,0,0,23.57,4.1,1,83.24
28-05-2025 22:00,22,2,5,0,0,20.85,1.5,0,74.85
28-05-2025 23:00,23,2,5,0,0,16.92,1.46,0,61.88
29-05-2025 00:00,0,3,5,0,0,12.36,3.84,0,34.52
29-05-2025 01:00,1,3,5,0,0,11.63,3.42,0,25.73
29-05-2025 02:00,2,3,5,0,0,8.27,3.54,0,30.36
29-05-2025 03:00,3,3,5,0,0,10.86,2.91,0,32.88
29-05-2025 04:00,4,3,5,0,0,9.36,3.87,0,34.7
29-05-2025 05:00,5,3,5,0,0,12.81,6.77,0,43.35
29-05-2025 06:00,6,3,5,0,0,14.95,1.54,0,53.25
29-05-2025 07:00,7,3,5,0,0,17.17,4.59,1,69.65
29-05-2025 08:00,8,3,5,0,0,15.97,3.28,1,71.05
29-05-2025 09:00,9,3,5,0,0,20.09,2.71,1,69.86
29-05-2025 10:00,10,3,5,0,0,23.79,4.23,0,52.87
29-05-2025 11:00,11,3,5,0,0,24.98,2.42,0,43.75
29-05-2025 12:00,12,3,5,0,0,26.59,2.76,0,39.54
29-05-2025 13:00,13,3,5,0,0,29.07,4.87,0,48.72
29-05-2025 14:00,14,3,5,0,0,30.82,0.68,0,48.85
29-05-2025 15:00,15,3,5,0,0,29.69,3.38,0,47.92
29-05-2025 16:00,16,3,5,0,0,26.04,0.5,0,49.8
29-05-2025 17:00,17,3,5,0,0,30.17,3.19,0,77.89
29-05-2025 18:00,18,3,5,0,0,29.77,4.43,1,83.68
29-05-2025 19:00,19,3,5,0,0,25.96,6.92,1,87.41
29-05-2025 20:00,20,3,5,0,0,20.73,3.68,1,88.69
29-05-2025 21:00,21,3,5,0,0,18.39,3.39,1,88.13
29-05-2025 22:00,22,3,5,0,0,18.2,3.01,0,71.82
29-05-2025 23:00,23,3,5,0,0,18.54,6.3,0,60.33
30-05-2025 00:00,0,4,5,0,0,13.22,5.03,0,34.38
30-05-2025 01:00,1,4,5,0,0,13.49,1.47,0,31.99
30-05-2025 02:00,2,4,5,0,0,15.39,4.07,0,29.33
30-05-2025 03:00,3,4,5,0,0,14.54,3.33,0,33.37
30-05-2025 04:00,4,4,5,0,0,10.61,6.91,0,33.88
30-05-2025 05:00,5,4,5,0,0,13.6,3.64,0,39.3
30-05-2025 06:00,6,4,5,0,0,12.06,2.66,0,56.5
30-05-2025 07:00,7,4,5,0,0,13.64,2.86,1,68.69
30-05-2025 08:00,8,4,5,0,0,16.2,3.65,1,68.38
30-05-2025 09:00,9,4,5,0,0,20.86,3.56,1,59.84
30-05-2025 10:00,10,4,5,0,0,23.6,2.93,0,51.35
30-05-2025 11:00,11,4,5,0,0,22.6,2.83,0,39.1
30-05-2025 12:00,12,4,5,0,0,27.12,2.37,0,42.15
30-05-2025 13:00,13,4,5,0,0,31.12,4.56,0,52.01
30-05-2025 14:00,14,4,5,0,0,28.72,1.68,0,38.65
30-05-2025 15:00,15,4,5,0,0,32.34,2.49,0,62.04
30-05-2025 16:00,16,4,5,0,0,28.21,4.26,0,49.95
30-05-2025 17:00,17,4,5,0,0,28.96,6.17,0,65.98
30-05-2025 18:00,18,4,5,0,0,23.96,0.81,1,71.51
30-05-2025 19:00,19,4,5,0,0,27.43,3.96,1,91.55
30-05-2025 20:00,20,4,5,0,0,22.58,3.04,1,91.13
30-05-2025 21:00,21,4,5,0,0,18.08,0.5,1,85.88
30-05-2025 22:00,22,4,5,0,0,18.55,3.98,0,71.55
30-05-2025 23:00,23,4,5,0,0,15.99,1.66,0,54.72
31-05-2025 00:00,0,5,5,1,0,14.91,4.56,0,25.51
31-05-2025 01:00,1,5,5,1,0,7.2,5.53,0,26.58
31-05-2025 02:00,2,5,5,1,0,12.53,4.14,0,23.98
31-05-2025 03:00,3,5,5,1,0,10.27,1.46,0,28.49
31-05-2025 04:00,4,5,5,1,0,9.32,4.66,0,26.13
31-05-2025 05:00,5,5,5,1,0,11.31,4.04,0,34.09
31-05-2025 06:00,6,5,5,1,0,15.45,4.05,0,43.72
31-05-2025 07:00,7,5,5,1,0,14.27,3.31,1,53.12
31-05-2025 08:00,8,5,5,1,0,17.91,3.99,1,55.3
31-05-2025 09:00,9,5,5,1,0,21.14,3.09,1,53.05
31-05-2025 10:00,10,5,5,1,0,24.01,5.31,0,43.78
31-05-2025 11:00,11,5,5,1,0,24.1,1.84,0,35.33
31-05-2025 12:00,12,5,5,1,0,23.89,4.63,0,32.46
31-05-2025 13:00,13,5,5,1,0,28.01,5.92,0,32.86
31-05-2025 14:00,14,5,5,1,0,32.58,4.34,0,44.75
31-05-2025 15:00,15,5,5,1,0,32.6,3.52,0,50.16
31-05-2025 16:00,16,5,5,1,0,27.66,2.21,0,41.84
31-05-2025 17:00,17,5,5,1,0,30.48,2.6,0,61.2
31-05-2025 18:00,18,5,5,1,0,25.01,2.42,1,57.21
31-05-2025 19:00,19,5,5,1,0,23.38,2.07,1,69.59
31-05-2025 20:00,20,5,5,1,0,23.01,2.1,1,72.4
31-05-2025 21:00,21,5,5,1,0,22.23,4.26,1,73.33
31-05-2025 22:00,22,5,5,1,0,15.58,5.14,0,58.11
31-05-2025 23:00,23,5,5,1,0,14.07,2.89,0,45.88
01-06-2025 00:00,0,6,6,1,0,14.25,3.29,0,28.77
01-06-2025 01:00,1,6,6,1,0,9.55,4.64,0,26
01-06-2025 02:00,2,6,6,1,0,10.65,4.04,0,27.83
01-06-2025 03:00,3,6,6,1,0,12.8,1.14,0,25.14
01-06-2025 04:00,4,6,6,1,0,10.38,4.17,0,28.47
01-06-2025 05:00,5,6,6,1,0,9.66,3.46,0,39.98
01-06-2025 06:00,6,6,6,1,0,14.72,5.12,0,45.19
01-06-2025 07:00,7,6,6,1,0,16.84,5.1,1,49.83
01-06-2025 08:00,8,6,6,1,0,17.66,3.53,1,54.21
01-06-2025 09:00,9,6,6,1,0,21.8,3.73,1,46.98
01-06-2025 10:00,10,6,6,1,0,23.79,2.91,0,49.38
01-06-2025 11:00,11,6,6,1,0,23.15,3.44,0,31.56
01-06-2025 12:00,12,6,6,1,0,28.84,2.58,0,43.78
01-06-2025 13:00,13,6,6,1,0,28.79,3.55,0,38.51
01-06-2025 14:00,14,6,6,1,0,26.62,0.93,0,33.24
01-06-2025 15:00,15,6,6,1,0,29.41,4.62,0,45.4
01-06-2025 16:00,16,6,6,1,0,29.66,5.23,0,51.28
01-06-2025 17:00,17,6,6,1,0,26.54,2.67,0,57.74
01-06-2025 18:00,18,6,6,1,0,24.63,0.5,1,62.62
01-06-2025 19:00,19,6,6,1,0,29.24,6.55,1,81.21
01-06-2025 20:00,20,6,6,1,0,20.86,0.85,1,72.72
01-06-2025 21:00,21,6,6,1,0,21.19,4.17,1,64.61
01-06-2025 22:00,22,6,6,1,0,17.31,2.31,0,61.05
01-06-2025 23:00,23,6,6,1,0,16.07,4.95,0,50.56
02-06-2025 00:00,0,0,6,0,0,15.99,4.06,0,28.72
02-06-2025 01:00,1,0,6,0,0,10.54,5.95,0,34.15
02-06-2025 02:00,2,0,6,0,0,11.39,1.67,0,31.67
02-06-2025 03:00,3,0,6,0,0,10.18,2.5,0,34.72
02-06-2025 04:00,4,0,6,0,0,9.94,1.49,0,35.45
02-06-2025 05:00,5,0,6,0,0,9.66,5.6,0,42.03
02-06-2025 06:00,6,0,6,0,0,15.93,5.72,0,54.99
02-06-2025 07:00,7,0,6,0,0,14.38,1.91,1,64.53
02-06-2025 08:00,8,0,6,0,0,16.69,3.71,1,69.69
02-06-2025 09:00,9,0,6,0,0,18.37,4.69,1,66.13
02-06-2025 10:00,10,0,6,0,0,25.17,2.07,0,56.96
02-06-2025 11:00,11,0,6,0,0,23.85,4.81,0,43.13
02-06-2025 12:00,12,0,6,0,0,27.89,0.7,0,45.75
02-06-2025 13:00,13,0,6,0,0,27.63,3.38,0,40.5
02-06-2025 14:00,14,0,6,0,0,29.17,2.57,0,38.01
02-06-2025 15:00,15,0,6,0,0,29.56,4.45,0,50.93
02-06-2025 16:00,16,0,6,0,0,29.02,3.69,0,58.49
02-06-2025 17:00,17,0,6,0,0,29.69,4.88,0,73.39
02-06-2025 18:00,18,0,6,0,0,24.63,3,1,76.15
02-06-2025 19:00,19,0,6,0,0,27.82,3.6,1,92.45
02-06-2025 20:00,20,0,6,0,0,23.67,2.63,1,93.46
02-06-2025 21:00,21,0,6,0,0,22.98,2.93,1,89.82
02-06-2025 22:00,22,0,6,0,0,16.28,3.08,0,71.72
02-06-2025 23:00,23,0,6,0,0,11.21,3.71,0,56.63
03-06-2025 00:00,0,1,6,0,0,13.39,3.07,0,27.15
03-06-2025 01:00,1,1,6,0,0,10.74,3.45,0,28.21
03-06-2025 02:00,2,1,6,0,0,7.87,4.71,0,28.84
03-06-2025 03:00,3,1,6,0,0,10.34,3.79,0,27.72
03-06-2025 04:00,4,1,6,0,0,9.51,2.07,0,36.58
03-06-2025 05:00,5,1,6,0,0,11.28,4.52,0,40.86
03-06-2025 06:00,6,1,6,0,0,10.56,5.16,0,49.59
03-06-2025 07:00,7,1,6,0,0,11.74,2.93,1,65.46
03-06-2025 08:00,8,1,6,0,0,18.63,5.06,1,72.87
03-06-2025 09:00,9,1,6,0,0,20.4,2.62,1,62.11
03-06-2025 10:00,10,1,6,0,0,20.66,4.82,0,50.98
03-06-2025 11:00,11,1,6,0,0,23.41,2.56,0,43.72
03-06-2025 12:00,12,1,6,0,0,29.99,2.4,0,51.27
03-06-2025 13:00,13,1,6,0,0,25.35,5.41,0,38.18
03-06-2025 14:00,14,1,6,0,0,29.89,4.77,0,44.81
03-06-2025 15:00,15,1,6,0,0,32.39,6.09,0,57.87
03-06-2025 16:00,16,1,6,0,0,30.34,5.54,0,64.6
03-06-2025 17:00,17,1,6,0,0,27.53,2.35,0,67.9
03-06-2025 18:00,18,1,6,0,0,26.81,3.01,1,80.05
03-06-2025 19:00,19,1,6,0,0,23.57,2.87,1,91.54
03-06-2025 20:00,20,1,6,0,0,21.65,5.47,1,89.18
03-06-2025 21:00,21,1,6,0,0,21.1,3.42,1,88.59
03-06-2025 22:00,22,1,6,0,0,17.92,2.9,0,73.71
03-06-2025 23:00,23,1,6,0,0,13.34,3.49,0,57.55
04-06-2025 00:00,0,2,6,0,0,14.39,4.79,0,34.18
04-06-2025 01:00,1,2,6,0,0,12.83,6.36,0,32.86
04-06-2025 02:00,2,2,6,0,0,11.44,3.28,0,33.89
04-06-2025 03:00,3,2,6,0,0,9.23,2.43,0,31.53
04-06-2025 04:00,4,2,6,0,0,10.94,5.92,0,30.38
04-06-2025 05:00,5,2,6,0,0,15.24,2.82,0,45.62
04-06-2025 06:00,6,2,6,0,0,13.72,3.15,0,53.06
04-06-2025 07:00,7,2,6,0,0,14.48,4.29,1,66.05
04-06-2025 08:00,8,2,6,0,0,18.64,1.77,1,69.1
04-06-2025 09:00,9,2,6,0,0,19.57,4.34,1,66.1
04-06-2025 10:00,10,2,6,0,0,24.47,4.25,0,58.86
04-06-2025 11:00,11,2,6,0,0,23.29,4.26,0,45.51
04-06-2025 12:00,12,2,6,0,0,29.46,2.29,0,48.84
04-06-2025 13:00,13,2,6,0,0,28.27,6.57,0,41.17
04-06-2025 14:00,14,2,6,0,0,32.55,3,0,55.12
04-06-2025 15:00,15,2,6,0,0,34.69,4.88,0,67.99
04-06-2025 16:00,16,2,6,0,0,30.6,4.01,0,61.67
04-06-2025 17:00,17,2,6,0,0,31.26,0.5,0,75.31
04-06-2025 18:00,18,2,6,0,0,25.83,2.92,1,74.94
04-06-2025 19:00,19,2,6,0,0,25.17,3.07,1,88.34
04-06-2025 20:00,20,2,6,0,0,25.37,3.25,1,92.73
04-06-2025 21:00,21,2,6,0,0,16.73,4.23,1,87.2
04-06-2025 22:00,22,2,6,0,0,20.53,5.38,0,80.44
04-06-2025 23:00,23,2,6,0,0,16.08,2.29,0,62.32
05-06-2025 00:00,0,3,6,0,0,10.58,3.83,0,26.36
05-06-2025 01:00,1,3,6,0,0,12.26,2.81,0,30.64
05-06-2025 02:00,2,3,6,0,0,13.34,3.84,0,34.5
05-06-2025 03:00,3,3,6,0,0,10.42,0.54,0,27.56
05-06-2025 04:00,4,3,6,0,0,10.03,5.97,0,36.83
05-06-2025 05:00,5,3,6,0,0,11.01,3.72,0,43.87
05-06-2025 06:00,6,3,6,0,0,14.15,3.63,0,57.89
05-06-2025 07:00,7,3,6,0,0,15.07,2.49,1,64.2
05-06-2025 08:00,8,3,6,0,0,13.63,5.22,1,72.09
05-06-2025 09:00,9,3,6,0,0,19.99,5.75,1,64.4
05-06-2025 10:00,10,3,6,0,0,22.2,5.59,0,52.93
05-06-2025 11:00,11,3,6,0,0,25.3,4.5,0,46.21
05-06-2025 12:00,12,3,6,0,0,27.27,3.55,0,39.48
05-06-2025 13:00,13,3,6,0,0,27.23,3.81,0,36
05-06-2025 14:00,14,3,6,0,0,27.54,1.31,0,44.29
05-06-2025 15:00,15,3,6,0,0,30.33,7.22,0,64.99
05-06-2025 16:00,16,3,6,0,0,28.69,2.94,0,60.93
05-06-2025 17:00,17,3,6,0,0,33.19,5.75,0,80.39
05-06-2025 18:00,18,3,6,0,0,30.22,1.51,1,88.05
05-06-2025 19:00,19,3,6,0,0,23.66,3.78,1,85.47
05-06-2025 20:00,20,3,6,0,0,19.82,1.59,1,89.73
05-06-2025 21:00,21,3,6,0,0,18.44,4.19,1,88.05
05-06-2025 22:00,22,3,6,0,0,15.36,2.54,0,72.13
05-06-2025 23:00,23,3,6,0,0,9.05,2.26,0,55.17
06-06-2025 00:00,0,4,6,0,0,12.46,5.51,0,32.36
06-06-2025 01:00,1,4,6,0,0,11.47,2.38,0,34.93
06-06-2025 02:00,2,4,6,0,0,10.15,1.71,0,31.16
06-06-2025 03:00,3,4,6,0,0,12.42,2.22,0,32.25
06-06-2025 04:00,4,4,6,0,0,8.31,3.06,0,37.16
06-06-2025 05:00,5,4,6,0,0,12.27,3.68,0,44.33
06-06-2025 06:00,6,4,6,0,0,12.93,2.35,0,51.47
06-06-2025 07:00,7,4,6,0,0,15.57,2.51,1,64.8
06-06-2025 08:00,8,4,6,0,0,15.6,3.79,1,70.01
06-06-2025 09:00,9,4,6,0,0,19.78,4.04,1,69.59
06-06-2025 10:00,10,4,6,0,0,23.35,2.38,0,58.87
06-06-2025 11:00,11,4,6,0,0,24.84,2.11,0,46.36
06-06-2025 12:00,12,4,6,0,0,29.45,4,0,48.68
06-06-2025 13:00,13,4,6,0,0,29.46,3.53,0,45.63
06-06-2025 14:00,14,4,6,0,0,27.73,5.44,0,44.27
06-06-2025 15:00,15,4,6,0,0,27.76,3.17,0,51.25
06-06-2025 16:00,16,4,6,0,0,29.27,3.42,0,58.9
06-06-2025 17:00,17,4,6,0,0,27.99,3.53,0,67.52
06-06-2025 18:00,18,4,6,0,0,28.28,3.24,1,82.17
06-06-2025 19:00,19,4,6,0,0,25.25,4.11,1,92.71
06-06-2025 20:00,20,4,6,0,0,23.92,2.75,1,90.33
06-06-2025 21:00,21,4,6,0,0,19.23,2.28,1,89.08
06-06-2025 22:00,22,4,6,0,0,19.17,1.79,0,74.3
06-06-2025 23:00,23,4,6,0,0,18.18,1.51,0,62.83
07-06-2025 00:00,0,5,6,1,0,12.03,1.45,0,21.98
07-06-2025 01:00,1,5,6,1,0,8.52,4.65,0,22.91
07-06-2025 02:00,2,5,6,1,0,10.63,3.27,0,26.07
07-06-2025 03:00,3,5,6,1,0,12.02,4.53,0,28.7
07-06-2025 04:00,4,5,6,1,0,13.81,6.25,0,34.54
07-06-2025 05:00,5,5,6,1,0,9.94,7.36,0,35.01
07-06-2025 06:00,6,5,6,1,0,12.87,1.59,0,44.62
07-06-2025 07:00,7,5,6,1,0,14,4.61,1,49.37
07-06-2025 08:00,8,5,6,1,0,16.64,4.39,1,56.13
07-06-2025 09:00,9,5,6,1,0,17.68,2.34,1,51.42
07-06-2025 10:00,10,5,6,1,0,22.98,4.4,0,39.54
07-06-2025 11:00,11,5,6,1,0,21.72,1.93,0,34.03
07-06-2025 12:00,12,5,6,1,0,27.99,4.74,0,33.85
07-06-2025 13:00,13,5,6,1,0,30.23,0.98,0,41.05
07-06-2025 14:00,14,5,6,1,0,29.9,5.33,0,47.07
07-06-2025 15:00,15,5,6,1,0,31.76,3.3,0,44.03
07-06-2025 16:00,16,5,6,1,0,31.84,1.78,0,61.6
07-06-2025 17:00,17,5,6,1,0,28.05,1.55,0,59.23
07-06-2025 18:00,18,5,6,1,0,24,2.21,1,60.75
07-06-2025 19:00,19,5,6,1,0,27.67,4.61,1,75.42
07-06-2025 20:00,20,5,6,1,0,22.2,5.31,1,75.5
07-06-2025 21:00,21,5,6,1,0,20.46,3.05,1,65.62
07-06-2025 22:00,22,5,6,1,0,16.59,1.1,0,56.12
07-06-2025 23:00,23,5,6,1,0,14,2.09,0,47.23
08-06-2025 00:00,0,6,6,1,0,13.25,1.63,0,19.6
08-06-2025 01:00,1,6,6,1,0,11.48,2.84,0,19.92
08-06-2025 02:00,2,6,6,1,0,10.12,3.51,0,22.99
08-06-2025 03:00,3,6,6,1,0,7.92,1.39,0,28.93
08-06-2025 04:00,4,6,6,1,0,10.62,2.24,0,29.86
08-06-2025 05:00,5,6,6,1,0,10.6,3.56,0,30.39
08-06-2025 06:00,6,6,6,1,0,13.65,1.58,0,42.29
08-06-2025 07:00,7,6,6,1,0,13.71,5.39,1,54.03
08-06-2025 08:00,8,6,6,1,0,19.65,2.5,1,56.72
08-06-2025 09:00,9,6,6,1,0,16.51,2.82,1,52.76
08-06-2025 10:00,10,6,6,1,0,20.57,5.53,0,38.93
08-06-2025 11:00,11,6,6,1,0,22.93,2.12,0,36.52
08-06-2025 12:00,12,6,6,1,0,20.86,1.97,0,27.23
08-06-2025 13:00,13,6,6,1,0,28.1,3.04,0,30.83
08-06-2025 14:00,14,6,6,1,0,26.67,4.91,0,38.84
08-06-2025 15:00,15,6,6,1,0,32.34,4.52,0,48.76
08-06-2025 16:00,16,6,6,1,0,24.97,3.68,0,40.4
08-06-2025 17:00,17,6,6,1,0,28.01,2.4,0,58.62
08-06-2025 18:00,18,6,6,1,0,26.55,3.81,1,67.98
08-06-2025 19:00,19,6,6,1,0,25.6,5.17,1,73.94
08-06-2025 20:00,20,6,6,1,0,20.5,2.16,1,73.19
08-06-2025 21:00,21,6,6,1,0,18.53,3.69,1,62.84
08-06-2025 22:00,22,6,6,1,0,20.46,2.34,0,61.22
08-06-2025 23:00,23,6,6,1,0,16.41,2.61,0,48.97
09-06-2025 00:00,0,0,6,0,0,13.61,3.26,0,29.33
09-06-2025 01:00,1,0,6,0,0,15.45,5.4,0,30.04
09-06-2025 02:00,2,0,6,0,0,9.8,2.75,0,29.92
09-06-2025 03:00,3,0,6,0,0,9.11,0.59,0,32.81
09-06-2025 04:00,4,0,6,0,0,9.9,2.9,0,36.49
09-06-2025 05:00,5,0,6,0,0,12.8,2.9,0,39.3
09-06-2025 06:00,6,0,6,0,0,14.15,2.82,0,55.05
09-06-2025 07:00,7,0,6,0,0,14.12,3.4,1,67.97
09-06-2025 08:00,8,0,6,0,0,17.02,1.13,1,69.39
09-06-2025 09:00,9,0,6,0,0,19.74,3.7,1,73.03
09-06-2025 10:00,10,0,6,0,0,20.42,5.28,0,59.28
09-06-2025 11:00,11,0,6,0,0,24.35,4.67,0,43.7
09-06-2025 12:00,12,0,6,0,0,25.6,1.94,0,39.79
09-06-2025 13:00,13,0,6,0,0,29.94,3.02,0,48.18
09-06-2025 14:00,14,0,6,0,0,32.99,5.92,0,48.42
09-06-2025 15:00,15,0,6,0,0,26.73,7.34,0,44.68
09-06-2025 16:00,16,0,6,0,0,24.92,3.83,0,53.86
09-06-2025 17:00,17,0,6,0,0,28.52,4.22,0,73.19
09-06-2025 18:00,18,0,6,0,0,30.75,2.35,1,92.65
09-06-2025 19:00,19,0,6,0,0,26.68,2.83,1,93.92
09-06-2025 20:00,20,0,6,0,0,25.25,1.78,1,94.31
09-06-2025 21:00,21,0,6,0,0,22.05,4.26,1,84.85
09-06-2025 22:00,22,0,6,0,0,15.71,5.16,0,70.01
09-06-2025 23:00,23,0,6,0,0,16.17,6.41,0,56.81
10-06-2025 00:00,0,1,6,0,0,14.88,1.7,0,27.86
10-06-2025 01:00,1,1,6,0,0,8.47,3.46,0,30.73
10-06-2025 02:00,2,1,6,0,0,14.11,5.36,0,30.32
10-06-2025 03:00,3,1,6,0,0,9.43,2.55,0,33.48
10-06-2025 04:00,4,1,6,0,0,10.09,4.03,0,34.56
10-06-2025 05:00,5,1,6,0,0,14.52,1.02,0,46.32
10-06-2025 06:00,6,1,6,0,0,10.81,3.97,0,58.44
10-06-2025 07:00,7,1,6,0,0,15.8,2.73,1,65.09
10-06-2025 08:00,8,1,6,0,0,15.47,4.85,1,67.74
10-06-2025 09:00,9,1,6,0,0,21.2,3.11,1,68.13
10-06-2025 10:00,10,1,6,0,0,24.77,2.96,0,60.22
10-06-2025 11:00,11,1,6,0,0,26.08,2.88,0,51.35
10-06-2025 12:00,12,1,6,0,0,27.43,5.26,0,42.91
10-06-2025 13:00,13,1,6,0,0,32.19,0.5,0,58.54
10-06-2025 14:00,14,1,6,0,0,34.03,2.94,0,60.69
10-06-2025 15:00,15,1,6,0,0,28.63,0.5,0,50.94
10-06-2025 16:00,16,1,6,0,0,30.66,3.81,0,63.73
10-06-2025 17:00,17,1,6,0,0,26.36,5.09,0,62.55
10-06-2025 18:00,18,1,6,0,0,26.07,3.63,1,76.08
10-06-2025 19:00,19,1,6,0,0,26.18,0.73,1,89.52
10-06-2025 20:00,20,1,6,0,0,19.85,2.54,1,94.43
10-06-2025 21:00,21,1,6,0,0,21.22,4.76,1,85.48
10-06-2025 22:00,22,1,6,0,0,16.1,3.87,0,73.69
10-06-2025 23:00,23,1,6,0,0,15.35,2.75,0,64.88
11-06-2025 00:00,0,2,6,0,0,12.9,3.83,0,29.86
11-06-2025 01:00,1,2,6,0,0,12.29,3.34,0,26.15
11-06-2025 02:00,2,2,6,0,0,10.16,1.17,0,30.13
11-06-2025 03:00,3,2,6,0,0,9.42,2.69,0,29.58
11-06-2025 04:00,4,2,6,0,0,12.38,4.19,0,32.47
11-06-2025 05:00,5,2,6,0,0,11.17,2.47,0,41.92
11-06-2025 06:00,6,2,6,0,0,11.71,4.89,0,53.7
11-06-2025 07:00,7,2,6,0,0,17.57,2.48,1,66.17
11-06-2025 08:00,8,2,6,0,0,18.73,3.22,1,69.87
11-06-2025 09:00,9,2,6,0,0,22.39,4.51,1,63.59
11-06-2025 10:00,10,2,6,0,0,21.98,4.93,0,53.83
11-06-2025 11:00,11,2,6,0,0,27.31,3.89,0,53.49
11-06-2025 12:00,12,2,6,0,0,25.4,3.44,0,35.2
11-06-2025 13:00,13,2,6,0,0,32.06,4.23,0,50.93
11-06-2025 14:00,14,2,6,0,0,33.75,5.17,0,60.73
11-06-2025 15:00,15,2,6,0,0,32.97,3.53,0,55.93
11-06-2025 16:00,16,2,6,0,0,28.44,0.5,0,59.18
11-06-2025 17:00,17,2,6,0,0,30.22,0.5,0,71.98
11-06-2025 18:00,18,2,6,0,0,26.2,3.23,1,76.91
11-06-2025 19:00,19,2,6,0,0,25.44,3.07,1,91.99
11-06-2025 20:00,20,2,6,0,0,21.73,2.09,1,90.16
11-06-2025 21:00,21,2,6,0,0,20.32,4.06,1,83.89
11-06-2025 22:00,22,2,6,0,0,13.04,3.46,0,74.01
11-06-2025 23:00,23,2,6,0,0,16.63,2.09,0,53.71
12-06-2025 00:00,0,3,6,0,0,11.5,5.01,0,28.96
12-06-2025 01:00,1,3,6,0,0,10.41,4.61,0,35.46
12-06-2025 02:00,2,3,6,0,0,12.74,2.96,0,34.9
12-06-2025 03:00,3,3,6,0,0,12.09,3.23,0,30.19
12-06-2025 04:00,4,3,6,0,0,10.23,5.81,0,39.18
12-06-2025 05:00,5,3,6,0,0,11.7,2.79,0,43.54
12-06-2025 06:00,6,3,6,0,0,14.69,3.45,0,51.14
12-06-2025 07:00,7,3,6,0,0,12.84,2.42,1,64.11
12-06-2025 08:00,8,3,6,0,0,16.14,5.38,1,71.5
12-06-2025 09:00,9,3,6,0,0,18.78,6.71,1,63.2
12-06-2025 10:00,10,3,6,0,0,24.15,3.15,0,48.47
12-06-2025 11:00,11,3,6,0,0,23.56,3.14,0,41.53
12-06-2025 12:00,12,3,6,0,0,24.03,4.99,0,32.94
12-06-2025 13:00,13,3,6,0,0,26.3,2.9,0,36.02
12-06-2025 14:00,14,3,6,0,0,28.45,2.37,0,44.57
12-06-2025 15:00,15,3,6,0,0,28.93,4.5,0,49.86
12-06-2025 16:00,16,3,6,0,0,29.46,5.77,0,63.88
12-06-2025 17:00,17,3,6,0,0,26.97,3.75,0,65.77
12-06-2025 18:00,18,3,6,0,0,28.57,2.98,1,87.62
12-06-2025 19:00,19,3,6,0,0,29.97,1.87,1,97.8
12-06-2025 20:00,20,3,6,0,0,20.76,5.72,1,88.88
12-06-2025 21:00,21,3,6,0,0,19.58,3.35,1,79.9
12-06-2025 22:00,22,3,6,0,0,20.15,1.96,0,77.47
12-06-2025 23:00,23,3,6,0,0,14.3,1.58,0,59.91
13-06-2025 00:00,0,4,6,0,0,11.41,4.3,0,32.46
13-06-2025 01:00,1,4,6,0,0,7.2,5.01,0,24.66
13-06-2025 02:00,2,4,6,0,0,14.97,2.17,0,30.88
13-06-2025 03:00,3,4,6,0,0,10.7,3.56,0,30.24
13-06-2025 04:00,4,4,6,0,0,12.94,2.33,0,36.09
13-06-2025 05:00,5,4,6,0,0,10.81,2.44,0,42.07
13-06-2025 06:00,6,4,6,0,0,12.03,1.07,0,54.7
13-06-2025 07:00,7,4,6,0,0,17.46,1.99,1,62.38
13-06-2025 08:00,8,4,6,0,0,17.38,3.07,1,70.36
13-06-2025 09:00,9,4,6,0,0,17.89,6.94,1,63.87
13-06-2025 10:00,10,4,6,0,0,21.03,1.23,0,53.66
13-06-2025 11:00,11,4,6,0,0,23.27,4.34,0,43.98
13-06-2025 12:00,12,4,6,0,0,29.71,3.8,0,52.11
13-06-2025 13:00,13,4,6,0,0,32.13,2.66,0,46.96
13-06-2025 14:00,14,4,6,0,0,31.41,2.87,0,50.7
13-06-2025 15:00,15,4,6,0,0,26.46,7.45,0,40.84
13-06-2025 16:00,16,4,6,0,0,30.65,2.34,0,61.92
13-06-2025 17:00,17,4,6,0,0,27.66,4.05,0,64.44
13-06-2025 18:00,18,4,6,0,0,26.84,2.17,1,81.16
13-06-2025 19:00,19,4,6,0,0,22.34,2.62,1,82.17
13-06-2025 20:00,20,4,6,0,0,25.36,5.59,1,91.04
13-06-2025 21:00,21,4,6,0,0,18.45,4.08,1,82.64
13-06-2025 22:00,22,4,6,0,0,16.15,3.41,0,66.37
13-06-2025 23:00,23,4,6,0,0,15.5,1.62,0,63.1
14-06-2025 00:00,0,5,6,1,0,13.68,0.59,0,24.62
14-06-2025 01:00,1,5,6,1,0,6.87,2.37,0,26.85
14-06-2025 02:00,2,5,6,1,0,12.73,3.09,0,23.49
14-06-2025 03:00,3,5,6,1,0,10.03,2.06,0,26.02
14-06-2025 04:00,4,5,6,1,0,9.11,1.9,0,31.93
14-06-2025 05:00,5,5,6,1,0,10.46,1.33,0,29.55
14-06-2025 06:00,6,5,6,1,0,11.74,2.67,0,44.82
14-06-2025 07:00,7,5,6,1,0,15.77,5.33,1,50.31
14-06-2025 08:00,8,5,6,1,0,17.34,5.83,1,56.49
14-06-2025 09:00,9,5,6,1,0,21.57,3.79,1,51.07
14-06-2025 10:00,10,5,6,1,0,17.9,2.5,0,41.32
14-06-2025 11:00,11,5,6,1,0,21.1,2.8,0,33.24
14-06-2025 12:00,12,5,6,1,0,25.13,3.54,0,33.05
14-06-2025 13:00,13,5,6,1,0,29.6,1.48,0,36.23
14-06-2025 14:00,14,5,6,1,0,28.87,2.92,0,37.53
14-06-2025 15:00,15,5,6,1,0,26.25,2.79,0,29.93
14-06-2025 16:00,16,5,6,1,0,32.17,3.71,0,53.47
14-06-2025 17:00,17,5,6,1,0,29.44,3.47,0,60.3
14-06-2025 18:00,18,5,6,1,0,25.77,3.59,1,59.14
14-06-2025 19:00,19,5,6,1,0,27.13,4.49,1,73.99
14-06-2025 20:00,20,5,6,1,0,22.56,5.41,1,68.07
14-06-2025 21:00,21,5,6,1,0,18.55,5.44,1,66.38
14-06-2025 22:00,22,5,6,1,0,18.65,2.72,0,56.48
14-06-2025 23:00,23,5,6,1,0,15.08,2.96,0,51.11
15-06-2025 00:00,0,6,6,1,0,12.75,3.2,0,21.02
15-06-2025 01:00,1,6,6,1,0,13.38,3.84,0,26.49
15-06-2025 02:00,2,6,6,1,0,12.4,3.87,0,20.8
15-06-2025 03:00,3,6,6,1,0,7.49,3.43,0,21.06
15-06-2025 04:00,4,6,6,1,0,12.6,4.04,0,33.94
15-06-2025 05:00,5,6,6,1,0,9.35,3.72,0,34.84
15-06-2025 06:00,6,6,6,1,0,14.64,4.83,0,42.4
15-06-2025 07:00,7,6,6,1,0,13.89,4.08,1,51.24
15-06-2025 08:00,8,6,6,1,0,15.33,4.8,1,58.62
15-06-2025 09:00,9,6,6,1,0,20.68,0.75,1,44.74
15-06-2025 10:00,10,6,6,1,0,25.35,2,0,45.73
15-06-2025 11:00,11,6,6,1,0,26.97,2.13,0,39.36
15-06-2025 12:00,12,6,6,1,0,26.18,4.42,0,35.6
15-06-2025 13:00,13,6,6,1,0,28.19,2.39,0,38.06
15-06-2025 14:00,14,6,6,1,0,26.43,5.11,0,29.12
15-06-2025 15:00,15,6,6,1,0,33.48,2.75,0,53.26
15-06-2025 16:00,16,6,6,1,0,31.01,3.59,0,48.76
15-06-2025 17:00,17,6,6,1,0,28.71,0.66,0,58.69
15-06-2025 18:00,18,6,6,1,0,25.08,3.82,1,61.87
15-06-2025 19:00,19,6,6,1,0,25.93,4.35,1,71.14
15-06-2025 20:00,20,6,6,1,0,17.45,2.37,1,70.3
15-06-2025 21:00,21,6,6,1,0,21.69,2.68,1,63.61
15-06-2025 22:00,22,6,6,1,0,15.41,3.64,0,54.63
15-06-2025 23:00,23,6,6,1,0,13.39,3.02,0,43.54
16-06-2025 00:00,0,0,6,0,0,10.65,2.81,0,32.02
16-06-2025 01:00,1,0,6,0,0,12.41,4.16,0,30.35
16-06-2025 02:00,2,0,6,0,0,10.33,2.55,0,32.24
16-06-2025 03:00,3,0,6,0,0,13.02,2.13,0,34.24
16-06-2025 04:00,4,0,6,0,0,9.39,2.91,0,42.57
16-06-2025 05:00,5,0,6,0,0,9.26,1.66,0,42.45
16-06-2025 06:00,6,0,6,0,0,16.16,3.38,0,56.28
16-06-2025 07:00,7,0,6,0,0,16.22,5.73,1,65.84
16-06-2025 08:00,8,0,6,0,0,18.21,2.38,1,71.17
16-06-2025 09:00,9,0,6,0,0,20.99,6.84,1,62.9
16-06-2025 10:00,10,0,6,0,0,19.38,3.93,0,54.83
16-06-2025 11:00,11,0,6,0,0,25.3,6.46,0,48.71
16-06-2025 12:00,12,0,6,0,0,29.88,2.88,0,49.23
16-06-2025 13:00,13,0,6,0,0,27.67,7.02,0,39.95
16-06-2025 14:00,14,0,6,0,0,31,0.5,0,50.17
16-06-2025 15:00,15,0,6,0,0,31.16,1.22,0,54.83
16-06-2025 16:00,16,0,6,0,0,30.25,4.06,0,55.71
16-06-2025 17:00,17,0,6,0,0,29.54,5.86,0,71.79
16-06-2025 18:00,18,0,6,0,0,22.77,2.21,1,72.5
16-06-2025 19:00,19,0,6,0,0,22.58,4.24,1,79.6
16-06-2025 20:00,20,0,6,0,0,18.77,2.21,1,93.32
16-06-2025 21:00,21,0,6,0,0,21.46,2.7,1,88.36
16-06-2025 22:00,22,0,6,0,0,14.82,3.47,0,70.4
16-06-2025 23:00,23,0,6,0,0,15.86,3.55,0,62.39
17-06-2025 00:00,0,1,6,0,0,19.11,3.18,0,26.58
17-06-2025 01:00,1,1,6,0,0,11.13,4.94,0,33.62
17-06-2025 02:00,2,1,6,0,0,9.59,5,0,32.43
17-06-2025 03:00,3,1,6,0,0,10.79,8.2,0,31.35
17-06-2025 04:00,4,1,6,0,0,8.33,3.52,0,36.03
17-06-2025 05:00,5,1,6,0,0,12.56,6.8,0,48.62
17-06-2025 06:00,6,1,6,0,0,10.78,3.23,0,57.55
17-06-2025 07:00,7,1,6,0,0,15.81,2.98,1,69.57
17-06-2025 08:00,8,1,6,0,0,19.17,4.83,1,71.03
17-06-2025 09:00,9,1,6,0,0,19.35,4.11,1,67.08
17-06-2025 10:00,10,1,6,0,0,24.79,0.5,0,58.8
17-06-2025 11:00,11,1,6,0,0,23.01,3.54,0,40.37
17-06-2025 12:00,12,1,6,0,0,27.79,3.32,0,42.41
17-06-2025 13:00,13,1,6,0,0,23.68,3.84,0,31.79
17-06-2025 14:00,14,1,6,0,0,31.93,4.22,0,52.25
17-06-2025 15:00,15,1,6,0,0,31.21,3.07,0,57.23
17-06-2025 16:00,16,1,6,0,0,31.02,5.97,0,62.8
17-06-2025 17:00,17,1,6,0,0,28.23,2.5,0,69.2
17-06-2025 18:00,18,1,6,0,0,27.82,2.42,1,79.78
17-06-2025 19:00,19,1,6,0,0,29.01,2.66,1,96.93
17-06-2025 20:00,20,1,6,0,0,22.14,6.71,1,89.73
17-06-2025 21:00,21,1,6,0,0,21.09,2.41,1,88.51
17-06-2025 22:00,22,1,6,0,0,17.07,2.55,0,73.94
17-06-2025 23:00,23,1,6,0,0,12.14,5.91,0,57.81
18-06-2025 00:00,0,2,6,0,0,11.28,2.66,0,32.76
18-06-2025 01:00,1,2,6,0,0,11.12,2.07,0,31.9
18-06-2025 02:00,2,2,6,0,0,11.27,3.53,0,33.57
18-06-2025 03:00,3,2,6,0,0,7.44,2.76,0,34.86
18-06-2025 04:00,4,2,6,0,0,10.49,1.29,0,36.51
18-06-2025 05:00,5,2,6,0,0,12.86,4.03,0,38.73
18-06-2025 06:00,6,2,6,0,0,13.23,3.19,0,52.55
18-06-2025 07:00,7,2,6,0,0,15.79,4.98,1,66.72
18-06-2025 08:00,8,2,6,0,0,16.12,4.06,1,74.64
18-06-2025 09:00,9,2,6,0,0,21.58,2.76,1,70.42
18-06-2025 10:00,10,2,6,0,0,22.89,4.16,0,50.66
18-06-2025 11:00,11,2,6,0,0,20.8,3.09,0,40.47
18-06-2025 12:00,12,2,6,0,0,29.4,4.72,0,46.41
18-06-2025 13:00,13,2,6,0,0,30.85,3.98,0,49.6
18-06-2025 14:00,14,2,6,0,0,27.07,2.75,0,41.96
18-06-2025 15:00,15,2,6,0,0,29.75,1.04,0,53.29
18-06-2025 16:00,16,2,6,0,0,28.87,2.25,0,59.79
18-06-2025 17:00,17,2,6,0,0,28.71,6.12,0,72.67
18-06-2025 18:00,18,2,6,0,0,29.94,2.62,1,89.53
18-06-2025 19:00,19,2,6,0,0,20.66,3.04,1,86.39
18-06-2025 20:00,20,2,6,0,0,21.79,1.46,1,90.15
18-06-2025 21:00,21,2,6,0,0,19.79,5.24,1,85.06
18-06-2025 22:00,22,2,6,0,0,15.42,4.23,0,70.83
18-06-2025 23:00,23,2,6,0,0,15.23,3.91,0,56.19
19-06-2025 00:00,0,3,6,0,0,11.9,3.36,0,29.77
19-06-2025 01:00,1,3,6,0,0,9.53,2.8,0,39.12
19-06-2025 02:00,2,3,6,0,0,14.88,3.32,0,31.88
19-06-2025 03:00,3,3,6,0,0,9.27,2.23,0,41.13
19-06-2025 04:00,4,3,6,0,0,8.35,1.97,0,37.44
19-06-2025 05:00,5,3,6,0,0,11.59,3.47,0,44.62
19-06-2025 06:00,6,3,6,0,0,14.39,4.34,0,50.55
19-06-2025 07:00,7,3,6,0,0,14.37,2.03,1,67.41
19-06-2025 08:00,8,3,6,0,0,14.75,3.88,1,70.8
19-06-2025 09:00,9,3,6,0,0,21.21,6.4,1,64.97
19-06-2025 10:00,10,3,6,0,0,24.94,2.79,0,55
19-06-2025 11:00,11,3,6,0,0,24.82,4.94,0,50.25
19-06-2025 12:00,12,3,6,0,0,24.52,4.88,0,37.07
19-06-2025 13:00,13,3,6,0,0,30.25,1.13,0,50.36
19-06-2025 14:00,14,3,6,0,0,27.15,3.95,0,41.7
19-06-2025 15:00,15,3,6,0,0,32,2.81,0,56.45
19-06-2025 16:00,16,3,6,0,0,32.28,4.25,0,62.44
19-06-2025 17:00,17,3,6,0,0,28.17,1.11,0,67.81
19-06-2025 18:00,18,3,6,0,0,25.97,1.97,1,80.51
19-06-2025 19:00,19,3,6,0,0,25.37,4.58,1,84.66
19-06-2025 20:00,20,3,6,0,0,22.13,4.99,1,89.61
19-06-2025 21:00,21,3,6,0,0,19.82,3.17,1,85.2
19-06-2025 22:00,22,3,6,0,0,19.72,4.49,0,70.28
19-06-2025 23:00,23,3,6,0,0,18.05,2.1,0,58.76
20-06-2025 00:00,0,4,6,0,0,15.41,4.95,0,27.83
20-06-2025 01:00,1,4,6,0,0,12.58,3.16,0,30.89
20-06-2025 02:00,2,4,6,0,0,7.41,3.04,0,26.28
20-06-2025 03:00,3,4,6,0,0,11.34,3.92,0,35.07
20-06-2025 04:00,4,4,6,0,0,8.08,3.61,0,32.7
20-06-2025 05:00,5,4,6,0,0,16.69,4.36,0,43.27
20-06-2025 06:00,6,4,6,0,0,13.61,0.5,0,57.29
20-06-2025 07:00,7,4,6,0,0,17.46,1.57,1,69.5
20-06-2025 08:00,8,4,6,0,0,18.98,5.88,1,70.5
20-06-2025 09:00,9,4,6,0,0,20.41,5.3,1,63.31
20-06-2025 10:00,10,4,6,0,0,21.64,4.27,0,53.74
20-06-2025 11:00,11,4,6,0,0,25.64,4.69,0,44.14
20-06-2025 12:00,12,4,6,0,0,29.52,2.41,0,47.14
20-06-2025 13:00,13,4,6,0,0,27.54,4.76,0,40.95
20-06-2025 14:00,14,4,6,0,0,27.3,3.13,0,42.48
20-06-2025 15:00,15,4,6,0,0,32.21,4.03,0,58.14
20-06-2025 16:00,16,4,6,0,0,29.25,5.76,0,57.13
20-06-2025 17:00,17,4,6,0,0,26.58,2.2,0,64.42
20-06-2025 18:00,18,4,6,0,0,27.64,5.93,1,75.99
20-06-2025 19:00,19,4,6,0,0,23.22,1.66,1,85.93
20-06-2025 20:00,20,4,6,0,0,22.53,3.44,1,91.41
20-06-2025 21:00,21,4,6,0,0,18.27,1.59,1,87.53
20-06-2025 22:00,22,4,6,0,0,17.96,1.44,0,70.44
20-06-2025 23:00,23,4,6,0,0,17.52,5.54,0,52.66
21-06-2025 00:00,0,5,6,1,0,10.16,4.6,0,31.35
21-06-2025 01:00,1,5,6,1,0,13.63,1.57,0,25.2
21-06-2025 02:00,2,5,6,1,0,9.71,3.34,0,21.62
21-06-2025 03:00,3,5,6,1,0,6.71,4.63,0,23.17
21-06-2025 04:00,4,5,6,1,0,13.92,5.97,0,33.43
21-06-2025 05:00,5,5,6,1,0,14.48,3.03,0,31.38
21-06-2025 06:00,6,5,6,1,0,12.33,1.3,0,44.65
21-06-2025 07:00,7,5,6,1,0,17.86,6.04,1,50.14
21-06-2025 08:00,8,5,6,1,0,14.36,5.95,1,54.67
21-06-2025 09:00,9,5,6,1,0,20.44,0.5,1,53.29
21-06-2025 10:00,10,5,6,1,0,21.41,1.14,0,42.86
21-06-2025 11:00,11,5,6,1,0,23.51,4.48,0,32.84
21-06-2025 12:00,12,5,6,1,0,28.55,3.18,0,43.83
21-06-2025 13:00,13,5,6,1,0,23.56,4.83,0,27.98
21-06-2025 14:00,14,5,6,1,0,26.87,2.47,0,34.99
21-06-2025 15:00,15,5,6,1,0,31.62,2.06,0,52.1
21-06-2025 16:00,16,5,6,1,0,28.38,3.03,0,51.54
21-06-2025 17:00,17,5,6,1,0,27.6,4.35,0,54.49
21-06-2025 18:00,18,5,6,1,0,26.2,4.9,1,62.83
21-06-2025 19:00,19,5,6,1,0,26.48,3.29,1,79.56
21-06-2025 20:00,20,5,6,1,0,23.19,4.01,1,75.18
21-06-2025 21:00,21,5,6,1,0,20.17,5.29,1,67.35
21-06-2025 22:00,22,5,6,1,0,15.14,3.81,0,57.88
21-06-2025 23:00,23,5,6,1,0,10.17,1.78,0,48.08
22-06-2025 00:00,0,6,6,1,0,14.98,3.02,0,25.31
22-06-2025 01:00,1,6,6,1,0,12.65,0.53,0,24.53
22-06-2025 02:00,2,6,6,1,0,11.16,3.27,0,17.57
22-06-2025 03:00,3,6,6,1,0,9.5,2.73,0,20.98
22-06-2025 04:00,4,6,6,1,0,11.84,3.86,0,22.67
22-06-2025 05:00,5,6,6,1,0,14.29,2.85,0,38.9
22-06-2025 06:00,6,6,6,1,0,14.7,5.16,0,46.48
22-06-2025 07:00,7,6,6,1,0,13.29,3.4,1,53.07
22-06-2025 08:00,8,6,6,1,0,13.55,5.17,1,54.91
22-06-2025 09:00,9,6,6,1,0,25.17,1.18,1,54.39
22-06-2025 10:00,10,6,6,1,0,22.46,5.38,0,44.6
22-06-2025 11:00,11,6,6,1,0,23.99,3.71,0,31.99
22-06-2025 12:00,12,6,6,1,0,25.86,2.58,0,33.6
22-06-2025 13:00,13,6,6,1,0,31.12,5.36,0,46.31
22-06-2025 14:00,14,6,6,1,0,31.06,4.39,0,45.19
22-06-2025 15:00,15,6,6,1,0,29.14,1.76,0,39.26
22-06-2025 16:00,16,6,6,1,0,29.07,4.77,0,42.76
22-06-2025 17:00,17,6,6,1,0,26.96,3.95,0,49.39
22-06-2025 18:00,18,6,6,1,0,25.7,2.64,1,67.12
22-06-2025 19:00,19,6,6,1,0,23.47,3.46,1,72.04
22-06-2025 20:00,20,6,6,1,0,21.21,5.91,1,74.87
22-06-2025 21:00,21,6,6,1,0,18.71,3.53,1,64.63
22-06-2025 22:00,22,6,6,1,0,19.44,2.07,0,58.8
22-06-2025 23:00,23,6,6,1,0,14.29,1.27,0,50.7
23-06-2025 00:00,0,0,6,0,0,15.02,4.04,0,30.63
23-06-2025 01:00,1,0,6,0,0,10.27,2.87,0,31.94
23-06-2025 02:00,2,0,6,0,0,8.77,4.93,0,25.88
23-06-2025 03:00,3,0,6,0,0,9.44,2.5,0,29.52
23-06-2025 04:00,4,0,6,0,0,10.03,4.62,0,34.93
23-06-2025 05:00,5,0,6,0,0,11.21,4.08,0,47.23
23-06-2025 06:00,6,0,6,0,0,14.87,3.89,0,55.5
23-06-2025 07:00,7,0,6,0,0,12.13,3.16,1,65.43
23-06-2025 08:00,8,0,6,0,0,16.42,1.34,1,66.95
23-06-2025 09:00,9,0,6,0,0,18.9,4.74,1,66.15
23-06-2025 10:00,10,0,6,0,0,20.93,3.15,0,52.38
23-06-2025 11:00,11,0,6,0,0,26.34,2.48,0,52.41
23-06-2025 12:00,12,0,6,0,0,25.56,2.18,0,36.23
23-06-2025 13:00,13,0,6,0,0,28.65,5.02,0,45.84
23-06-2025 14:00,14,0,6,0,0,28.75,2.27,0,39.57
23-06-2025 15:00,15,0,6,0,0,31.09,2.66,0,52.53
23-06-2025 16:00,16,0,6,0,0,31.03,5.78,0,66.27
23-06-2025 17:00,17,0,6,0,0,31.32,2.78,0,77.48
23-06-2025 18:00,18,0,6,0,0,27.41,5.28,1,79.72
23-06-2025 19:00,19,0,6,0,0,23.51,3.72,1,86.24
23-06-2025 20:00,20,0,6,0,0,25.17,2.45,1,93.11
23-06-2025 21:00,21,0,6,0,0,20.64,4.13,1,84.72
23-06-2025 22:00,22,0,6,0,0,16.36,5.82,0,74.38
23-06-2025 23:00,23,0,6,0,0,15.41,3.72,0,53.09
24-06-2025 00:00,0,1,6,0,0,11.5,1.83,0,24.03
24-06-2025 01:00,1,1,6,0,0,12.14,1.65,0,33.61
24-06-2025 02:00,2,1,6,0,0,12.16,3.56,0,28.88
24-06-2025 03:00,3,1,6,0,0,8.61,3.03,0,31.05
24-06-2025 04:00,4,1,6,0,0,14.51,3.23,0,36.67
24-06-2025 05:00,5,1,6,0,0,11.38,2.47,0,43.32
24-06-2025 06:00,6,1,6,0,0,14.69,3.07,0,52.6
24-06-2025 07:00,7,1,6,0,0,17.46,0.5,1,61.1
24-06-2025 08:00,8,1,6,0,0,19.47,3.01,1,74.61
24-06-2025 09:00,9,1,6,0,0,16.06,4.28,1,67.07
24-06-2025 10:00,10,1,6,0,0,24.41,1.69,0,50.77
24-06-2025 11:00,11,1,6,0,0,28.18,7.4,0,51.4
24-06-2025 12:00,12,1,6,0,0,29.69,2.66,0,47.86
24-06-2025 13:00,13,1,6,0,0,28.1,3.68,0,46.57
24-06-2025 14:00,14,1,6,0,0,30.64,2.65,0,53.58
24-06-2025 15:00,15,1,6,0,0,28.29,4.54,0,48.44
24-06-2025 16:00,16,1,6,0,0,28.16,4.68,0,53.11
24-06-2025 17:00,17,1,6,0,0,24.91,1.59,0,62.1
24-06-2025 18:00,18,1,6,0,0,29.99,2.67,1,88.19
24-06-2025 19:00,19,1,6,0,0,27.22,5.22,1,90.45
24-06-2025 20:00,20,1,6,0,0,21.22,7.05,1,90.05
24-06-2025 21:00,21,1,6,0,0,22.21,1.76,1,88.99
24-06-2025 22:00,22,1,6,0,0,21.26,6,0,74.45
24-06-2025 23:00,23,1,6,0,0,16.65,7.26,0,59.19
25-06-2025 00:00,0,2,6,0,0,14.38,2.7,0,28.39
25-06-2025 01:00,1,2,6,0,0,9.86,3.83,0,24.83
25-06-2025 02:00,2,2,6,0,0,12.24,7.2,0,30.43
25-06-2025 03:00,3,2,6,0,0,11.67,4.06,0,36.04
25-06-2025 04:00,4,2,6,0,0,9.42,5.9,0,35.13
25-06-2025 05:00,5,2,6,0,0,11.89,5,0,40.08
25-06-2025 06:00,6,2,6,0,0,16.08,5.4,0,53.71
25-06-2025 07:00,7,2,6,0,0,16.75,5.17,1,63.32
25-06-2025 08:00,8,2,6,0,0,19.27,5.19,1,66.93
25-06-2025 09:00,9,2,6,0,0,20.82,4.7,1,61.67
25-06-2025 10:00,10,2,6,0,0,23.12,1.86,0,53.38
25-06-2025 11:00,11,2,6,0,0,24.65,3.77,0,45.73
25-06-2025 12:00,12,2,6,0,0,24.22,1.49,0,37.76
25-06-2025 13:00,13,2,6,0,0,29.46,2.74,0,42.54
25-06-2025 14:00,14,2,6,0,0,31.7,3.43,0,52.94
25-06-2025 15:00,15,2,6,0,0,28.77,3.54,0,55.06
25-06-2025 16:00,16,2,6,0,0,29.74,4,0,60.65
25-06-2025 17:00,17,2,6,0,0,27.87,2.55,0,72.87
25-06-2025 18:00,18,2,6,0,0,28.24,2.58,1,84.93
25-06-2025 19:00,19,2,6,0,0,24.97,1.58,1,80.65
25-06-2025 20:00,20,2,6,0,0,23.44,4.99,1,92.08
25-06-2025 21:00,21,2,6,0,0,20.23,2.81,1,86.18
25-06-2025 22:00,22,2,6,0,0,17.54,3.48,0,73.09
25-06-2025 23:00,23,2,6,0,0,18.44,3.57,0,59.01
26-06-2025 00:00,0,3,6,0,0,11.62,2.8,0,31.34
26-06-2025 01:00,1,3,6,0,0,8.41,5.87,0,32.23
26-06-2025 02:00,2,3,6,0,0,8.75,2.97,0,25.67
26-06-2025 03:00,3,3,6,0,0,8.83,5.24,0,32.85
26-06-2025 04:00,4,3,6,0,0,12.11,2.72,0,41.07
26-06-2025 05:00,5,3,6,0,0,10.56,3.16,0,43.32
26-06-2025 06:00,6,3,6,0,0,13.61,5.31,0,52.81
26-06-2025 07:00,7,3,6,0,0,15.48,5.23,1,62.97
26-06-2025 08:00,8,3,6,0,0,15.41,4.05,1,70.74
26-06-2025 09:00,9,3,6,0,0,18.84,4.14,1,65.28
26-06-2025 10:00,10,3,6,0,0,20.5,4.11,0,54.93
26-06-2025 11:00,11,3,6,0,0,24.69,2.55,0,54.5
26-06-2025 12:00,12,3,6,0,0,26.56,3,0,42.7
26-06-2025 13:00,13,3,6,0,0,29.03,1.72,0,43.44
26-06-2025 14:00,14,3,6,0,0,31.12,0.92,0,49.88
26-06-2025 15:00,15,3,6,0,0,27.52,2.84,0,47.71
26-06-2025 16:00,16,3,6,0,0,32.13,5.85,0,63.46
26-06-2025 17:00,17,3,6,0,0,28.49,5,0,64.34
26-06-2025 18:00,18,3,6,0,0,23.84,0.79,1,73.52
26-06-2025 19:00,19,3,6,0,0,27.35,6.51,1,97.59
26-06-2025 20:00,20,3,6,0,0,23.34,3.82,1,91.98
26-06-2025 21:00,21,3,6,0,0,20.65,2.88,1,86.34
26-06-2025 22:00,22,3,6,0,0,13.6,5.54,0,72.6
26-06-2025 23:00,23,3,6,0,0,16.77,3.05,0,57.95
27-06-2025 00:00,0,4,6,0,0,12.23,7,0,33.96
27-06-2025 01:00,1,4,6,0,0,11.29,4.56,0,26.27
27-06-2025 02:00,2,4,6,0,0,8.05,4.32,0,26.44
27-06-2025 03:00,3,4,6,0,0,10.79,2.65,0,33
27-06-2025 04:00,4,4,6,0,0,9.1,3.38,0,36.94
27-06-2025 05:00,5,4,6,0,0,10.8,2.45,0,41.8
27-06-2025 06:00,6,4,6,0,0,13.25,2.91,0,55.75
27-06-2025 07:00,7,4,6,0,0,16.17,5.58,1,63.71
27-06-2025 08:00,8,4,6,0,0,13.86,2.84,1,71.58
27-06-2025 09:00,9,4,6,0,0,19.37,4.77,1,67.53
27-06-2025 10:00,10,4,6,0,0,24.95,3.93,0,52.51
27-06-2025 11:00,11,4,6,0,0,26.63,2.04,0,54.53
27-06-2025 12:00,12,4,6,0,0,24.12,4.5,0,36.2
27-06-2025 13:00,13,4,6,0,0,34.24,2.79,0,59.76
27-06-2025 14:00,14,4,6,0,0,29.92,2.6,0,49.71
27-06-2025 15:00,15,4,6,0,0,29.23,1.66,0,55.77
27-06-2025 16:00,16,4,6,0,0,29.08,2.4,0,59.04
27-06-2025 17:00,17,4,6,0,0,28.58,1.98,0,72.36
27-06-2025 18:00,18,4,6,0,0,30.77,4.73,1,93.28
27-06-2025 19:00,19,4,6,0,0,25.23,3.91,1,88.24
27-06-2025 20:00,20,4,6,0,0,23.88,4,1,91.58
27-06-2025 21:00,21,4,6,0,0,23.77,4.99,1,86.35
27-06-2025 22:00,22,4,6,0,0,19.5,2.83,0,74.24
27-06-2025 23:00,23,4,6,0,0,14.79,3.62,0,56.88
28-06-2025 00:00,0,5,6,1,0,16.65,1.75,0,24.73
28-06-2025 01:00,1,5,6,1,0,12.88,1.26,0,19.98
28-06-2025 02:00,2,5,6,1,0,9.05,1.85,0,25.68
28-06-2025 03:00,3,5,6,1,0,10.54,4.15,0,30.14
28-06-2025 04:00,4,5,6,1,0,12.08,4.3,0,30.42
28-06-2025 05:00,5,5,6,1,0,10.98,4.17,0,36.23
28-06-2025 06:00,6,5,6,1,0,13.53,3.31,0,41.74
28-06-2025 07:00,7,5,6,1,0,16.33,3.53,1,50.38
28-06-2025 08:00,8,5,6,1,0,13.03,0.79,1,57.75
28-06-2025 09:00,9,5,6,1,0,22.48,3.03,1,56.55
28-06-2025 10:00,10,5,6,1,0,23.12,3.51,0,41.53
28-06-2025 11:00,11,5,6,1,0,27.11,5.98,0,47.05
28-06-2025 12:00,12,5,6,1,0,25.75,4.05,0,33.03
28-06-2025 13:00,13,5,6,1,0,27.45,8.06,0,43.47
28-06-2025 14:00,14,5,6,1,0,30.54,3.37,0,45.7
28-06-2025 15:00,15,5,6,1,0,29.34,4.41,0,43.61
28-06-2025 16:00,16,5,6,1,0,30.86,3.03,0,53.21
28-06-2025 17:00,17,5,6,1,0,25.51,2.41,0,52.46
28-06-2025 18:00,18,5,6,1,0,28.08,2.06,1,66.6
28-06-2025 19:00,19,5,6,1,0,23.56,1.46,1,67.39
28-06-2025 20:00,20,5,6,1,0,20.92,0.5,1,73.12
28-06-2025 21:00,21,5,6,1,0,20.52,5.06,1,68.12
28-06-2025 22:00,22,5,6,1,0,19.3,2.98,0,60.91
28-06-2025 23:00,23,5,6,1,0,16.85,2.87,0,46.24
29-06-2025 00:00,0,6,6,1,0,10.54,3.94,0,23.94
29-06-2025 01:00,1,6,6,1,0,9.62,5.28,0,25.44
29-06-2025 02:00,2,6,6,1,0,7.73,3.97,0,28.22
29-06-2025 03:00,3,6,6,1,0,9.38,3.28,0,26.73
29-06-2025 04:00,4,6,6,1,0,12.23,1.43,0,24.17
29-06-2025 05:00,5,6,6,1,0,10.66,3.43,0,31.75
29-06-2025 06:00,6,6,6,1,0,8.8,3.22,0,41.39
29-06-2025 07:00,7,6,6,1,0,16.12,5.02,1,51.32
29-06-2025 08:00,8,6,6,1,0,17.74,3.69,1,56.07
29-06-2025 09:00,9,6,6,1,0,22.39,3.58,1,47.26
29-06-2025 10:00,10,6,6,1,0,17.69,0.82,0,44.65
29-06-2025 11:00,11,6,6,1,0,20.42,4.88,0,34.78
29-06-2025 12:00,12,6,6,1,0,26.04,4.6,0,36.15
29-06-2025 13:00,13,6,6,1,0,33.28,5.9,0,54.12
29-06-2025 14:00,14,6,6,1,0,27.27,3.31,0,35.9
29-06-2025 15:00,15,6,6,1,0,27.44,2.16,0,38.32
29-06-2025 16:00,16,6,6,1,0,28.24,3.85,0,47.48
29-06-2025 17:00,17,6,6,1,0,30.57,4.27,0,66.26
29-06-2025 18:00,18,6,6,1,0,27.56,1.22,1,64.04
29-06-2025 19:00,19,6,6,1,0,22.9,6.76,1,67.15
29-06-2025 20:00,20,6,6,1,0,22.55,1.22,1,71.84
29-06-2025 21:00,21,6,6,1,0,20.96,0.86,1,64.44
29-06-2025 22:00,22,6,6,1,0,15.28,6.41,0,55.55
29-06-2025 23:00,23,6,6,1,0,15.48,6.45,0,47.6
30-06-2025 00:00,0,0,6,0,0,14.16,2.25,0,33.73
30-06-2025 01:00,1,0,6,0,0,11.62,3,0,30.86
30-06-2025 02:00,2,0,6,0,0,14.28,1.19,0,29.22
30-06-2025 03:00,3,0,6,0,0,13.8,4.18,0,32.11
30-06-2025 04:00,4,0,6,0,0,11.05,5.11,0,39.77
30-06-2025 05:00,5,0,6,0,0,11.56,3.64,0,44
30-06-2025 06:00,6,0,6,0,0,14.53,0.72,0,55.14
30-06-2025 07:00,7,0,6,0,0,11.71,4.94,1,57.87
30-06-2025 08:00,8,0,6,0,0,16.93,3.92,1,69.45
30-06-2025 09:00,9,0,6,0,0,22.58,1.93,1,67.42
30-06-2025 10:00,10,0,6,0,0,22.09,4.36,0,57.04
30-06-2025 11:00,11,0,6,0,0,26.23,4.04,0,51.23
30-06-2025 12:00,12,0,6,0,0,29.44,1.16,0,51.59
30-06-2025 13:00,13,0,6,0,0,27.04,3.86,0,41.49
30-06-2025 14:00,14,0,6,0,0,28.67,1.79,0,44.53
30-06-2025 15:00,15,0,6,0,0,32.01,4.06,0,57.13
30-06-2025 16:00,16,0,6,0,0,29.26,5.17,0,61.96
30-06-2025 17:00,17,0,6,0,0,32.82,4.17,0,84.2
30-06-2025 18:00,18,0,6,0,0,24.84,2.7,1,69.75
30-06-2025 19:00,19,0,6,0,0,24.1,3.86,1,88.69
30-06-2025 20:00,20,0,6,0,0,21.38,4.96,1,90.68
30-06-2025 21:00,21,0,6,0,0,19.7,4.94,1,82.75
30-06-2025 22:00,22,0,6,0,0,12.71,4.76,0,71.25
30-06-2025 23:00,23,0,6,0,0,15.68,0.87,0,58.92
01-07-2025 00:00,0,1,7,0,0,10.2,3.28,0,31.42
01-07-2025 01:00,1,1,7,0,0,12.72,3.73,0,31.86
01-07-2025 02:00,2,1,7,0,0,10.42,2.76,0,29.2
01-07-2025 03:00,3,1,7,0,0,7.18,1.23,0,30.68
01-07-2025 04:00,4,1,7,0,0,11.32,2.17,0,34.37
01-07-2025 05:00,5,1,7,0,0,9.81,4.3,0,43.88
01-07-2025 06:00,6,1,7,0,0,13.04,3.59,0,48.28
01-07-2025 07:00,7,1,7,0,0,9.89,2.48,1,67.79
01-07-2025 08:00,8,1,7,0,0,19.72,3.41,1,68.94
01-07-2025 09:00,9,1,7,0,0,22.94,4.37,1,58.89
01-07-2025 10:00,10,1,7,0,0,24.66,5.26,0,59.93
01-07-2025 11:00,11,1,7,0,0,27.12,1.86,0,45.43
01-07-2025 12:00,12,1,7,0,0,27.08,3.03,0,41.87
01-07-2025 13:00,13,1,7,0,0,25.87,3.66,0,38.77
01-07-2025 14:00,14,1,7,0,0,28.13,1.68,0,43.21
01-07-2025 15:00,15,1,7,0,0,35.42,2.7,0,70.92
01-07-2025 16:00,16,1,7,0,0,31.04,3.06,0,63.77
01-07-2025 17:00,17,1,7,0,0,26.6,3.11,0,64.72
01-07-2025 18:00,18,1,7,0,0,24.2,4.33,1,75.07
01-07-2025 19:00,19,1,7,0,0,25.85,3.24,1,91.18
01-07-2025 20:00,20,1,7,0,0,22.07,3.11,1,88.55
01-07-2025 21:00,21,1,7,0,0,19.29,3.01,1,82.66
01-07-2025 22:00,22,1,7,0,0,14.5,5.36,0,79.66
01-07-2025 23:00,23,1,7,0,0,14.64,4.66,0,54.38
02-07-2025 00:00,0,2,7,0,0,13.73,2.86,0,30.8
02-07-2025 01:00,1,2,7,0,0,7.24,6.14,0,26.67
02-07-2025 02:00,2,2,7,0,0,9.32,3.64,0,30.04
02-07-2025 03:00,3,2,7,0,0,10.36,4.44,0,28.51
02-07-2025 04:00,4,2,7,0,0,10.21,4.05,0,36.46
02-07-2025 05:00,5,2,7,0,0,8.1,1.31,0,47.77
02-07-2025 06:00,6,2,7,0,0,9.59,4.74,0,48.51
02-07-2025 07:00,7,2,7,0,0,13.66,3,1,67.43
02-07-2025 08:00,8,2,7,0,0,18.36,4.47,1,69.39
02-07-2025 09:00,9,2,7,0,0,26.5,3.54,1,65.49
02-07-2025 10:00,10,2,7,0,0,20.97,1.48,0,57.25
02-07-2025 11:00,11,2,7,0,0,21.21,3.37,0,43.59
02-07-2025 12:00,12,2,7,0,0,24.6,5.16,0,33.59
02-07-2025 13:00,13,2,7,0,0,29.79,3.84,0,46.52
02-07-2025 14:00,14,2,7,0,0,25.19,5.05,0,33.18
02-07-2025 15:00,15,2,7,0,0,29.6,5.02,0,48.12
02-07-2025 16:00,16,2,7,0,0,30.54,2.65,0,62.84
02-07-2025 17:00,17,2,7,0,0,28.44,1.15,0,66.73
02-07-2025 18:00,18,2,7,0,0,25.6,0.5,1,74.56
02-07-2025 19:00,19,2,7,0,0,26.57,2.94,1,93.81
02-07-2025 20:00,20,2,7,0,0,22.33,2.62,1,87.12
02-07-2025 21:00,21,2,7,0,0,23.19,4.72,1,85.93
02-07-2025 22:00,22,2,7,0,0,20.39,3.02,0,69.03
02-07-2025 23:00,23,2,7,0,0,14.99,3.22,0,61.13
03-07-2025 00:00,0,3,7,0,0,12.88,5.69,0,26.96
03-07-2025 01:00,1,3,7,0,0,14.16,6.1,0,29.78
03-07-2025 02:00,2,3,7,0,0,11.36,3.67,0,25.52
03-07-2025 03:00,3,3,7,0,0,7.24,1.1,0,32.22
03-07-2025 04:00,4,3,7,0,0,15.99,4.36,0,36.2
03-07-2025 05:00,5,3,7,0,0,14.55,3.04,0,42.45
03-07-2025 06:00,6,3,7,0,0,13.37,4.09,0,55.91
03-07-2025 07:00,7,3,7,0,0,15.28,4.21,1,64.32
03-07-2025 08:00,8,3,7,0,0,17.23,7.49,1,65.64
03-07-2025 09:00,9,3,7,0,0,19.5,1.44,1,70.04
03-07-2025 10:00,10,3,7,0,0,22.3,3.92,0,54.62
03-07-2025 11:00,11,3,7,0,0,25.64,3.89,0,46.19
03-07-2025 12:00,12,3,7,0,0,26.43,0.55,0,40.01
03-07-2025 13:00,13,3,7,0,0,28.79,0.78,0,44.69
03-07-2025 14:00,14,3,7,0,0,28.55,6.3,0,40.56
03-07-2025 15:00,15,3,7,0,0,31.25,4.88,0,64.06
03-07-2025 16:00,16,3,7,0,0,32.15,4.95,0,65.02
03-07-2025 17:00,17,3,7,0,0,31.51,4.41,0,78.22
03-07-2025 18:00,18,3,7,0,0,27.84,2.44,1,82.04
03-07-2025 19:00,19,3,7,0,0,26.05,2.15,1,91.9
03-07-2025 20:00,20,3,7,0,0,26.03,3.54,1,95.23
03-07-2025 21:00,21,3,7,0,0,21.54,1.01,1,86.4
03-07-2025 22:00,22,3,7,0,0,16.61,3.17,0,75.5
03-07-2025 23:00,23,3,7,0,0,14.25,3.96,0,59.92
04-07-2025 00:00,0,4,7,0,0,11.32,3.01,0,33.39
04-07-2025 01:00,1,4,7,0,0,8.89,2.52,0,31.84
04-07-2025 02:00,2,4,7,0,0,9.64,4.44,0,30.55
04-07-2025 03:00,3,4,7,0,0,12.47,2.85,0,31.92
04-07-2025 04:00,4,4,7,0,0,11.03,2.32,0,36.82
04-07-2025 05:00,5,4,7,0,0,11.59,4.43,0,39.48
04-07-2025 06:00,6,4,7,0,0,13.79,1.72,0,55.71
04-07-2025 07:00,7,4,7,0,0,16.72,3.54,1,64.35
04-07-2025 08:00,8,4,7,0,0,17.12,1.05,1,61.77
04-07-2025 09:00,9,4,7,0,0,19.99,3.39,1,60.62
04-07-2025 10:00,10,4,7,0,0,24.34,3.47,0,56.33
04-07-2025 11:00,11,4,7,0,0,23.25,3.38,0,45.03
04-07-2025 12:00,12,4,7,0,0,27.16,6.42,0,50.38
04-07-2025 13:00,13,4,7,0,0,26.93,5.53,0,43.42
04-07-2025 14:00,14,4,7,0,0,34.42,4.95,0,62.11
04-07-2025 15:00,15,4,7,0,0,27.79,4.56,0,49.26
04-07-2025 16:00,16,4,7,0,0,30.93,1.97,0,61.35
04-07-2025 17:00,17,4,7,0,0,25.13,0.83,0,68.12
04-07-2025 18:00,18,4,7,0,0,27.59,3.96,1,79.22
04-07-2025 19:00,19,4,7,0,0,26.2,4.21,1,88.2
04-07-2025 20:00,20,4,7,0,0,24.53,3.81,1,86.25
04-07-2025 21:00,21,4,7,0,0,15.73,3.42,1,86.58
04-07-2025 22:00,22,4,7,0,0,17.35,3.88,0,79.46
04-07-2025 23:00,23,4,7,0,0,11,3.58,0,57.99
05-07-2025 00:00,0,5,7,1,0,12.05,4.88,0,21.26
05-07-2025 01:00,1,5,7,1,0,9.44,0.5,0,22.22
05-07-2025 02:00,2,5,7,1,0,15.18,4.69,0,24.25
05-07-2025 03:00,3,5,7,1,0,9.31,2.28,0,24.72
05-07-2025 04:00,4,5,7,1,0,11.44,3.1,0,26.38
05-07-2025 05:00,5,5,7,1,0,9.35,1.91,0,38.6
05-07-2025 06:00,6,5,7,1,0,11.53,3.44,0,48.84
05-07-2025 07:00,7,5,7,1,0,13.85,2.8,1,49.54
05-07-2025 08:00,8,5,7,1,0,12.95,4.05,1,55.22
05-07-2025 09:00,9,5,7,1,0,18.55,4.47,1,50.46
05-07-2025 10:00,10,5,7,1,0,19.69,5.2,0,47.28
05-07-2025 11:00,11,5,7,1,0,25.05,5.71,0,33.4
05-07-2025 12:00,12,5,7,1,0,27.78,2.19,0,34.33
05-07-2025 13:00,13,5,7,1,0,29.72,3.39,0,41.96
05-07-2025 14:00,14,5,7,1,0,31.42,6.12,0,49.46
05-07-2025 15:00,15,5,7,1,0,29.97,3.7,0,45.07
05-07-2025 16:00,16,5,7,1,0,28.51,4.25,0,48.98
05-07-2025 17:00,17,5,7,1,0,30.44,3.35,0,64.93
05-07-2025 18:00,18,5,7,1,0,26.89,3.81,1,64.63
05-07-2025 19:00,19,5,7,1,0,25.66,0.64,1,77.86
05-07-2025 20:00,20,5,7,1,0,22.52,0.5,1,69.75
05-07-2025 21:00,21,5,7,1,0,20.84,0.5,1,65.49
05-07-2025 22:00,22,5,7,1,0,14.37,4.02,0,56.46
05-07-2025 23:00,23,5,7,1,0,13.32,3.67,0,44.98
06-07-2025 00:00,0,6,7,1,0,11.69,1.61,0,30.43
06-07-2025 01:00,1,6,7,1,0,7.85,4.12,0,24.42
06-07-2025 02:00,2,6,7,1,0,10.74,2.31,0,23.81
06-07-2025 03:00,3,6,7,1,0,7.93,4.93,0,21.44
06-07-2025 04:00,4,6,7,1,0,13.52,4.44,0,26.36
06-07-2025 05:00,5,6,7,1,0,15.63,5.47,0,30.63
06-07-2025 06:00,6,6,7,1,0,16.19,3.47,0,40.2
06-07-2025 07:00,7,6,7,1,0,15.09,1.19,1,49.37
06-07-2025 08:00,8,6,7,1,0,17.27,1.77,1,59.39
06-07-2025 09:00,9,6,7,1,0,19.59,3.95,1,50.81
06-07-2025 10:00,10,6,7,1,0,21.37,5.69,0,45.5
06-07-2025 11:00,11,6,7,1,0,23.88,1.51,0,37.15
06-07-2025 12:00,12,6,7,1,0,27.51,2.97,0,31.97
06-07-2025 13:00,13,6,7,1,0,29.59,0.5,0,36.97
06-07-2025 14:00,14,6,7,1,0,27.72,2.94,0,34.93
06-07-2025 15:00,15,6,7,1,0,28.19,1.02,0,45.22
06-07-2025 16:00,16,6,7,1,0,25.14,3.42,0,44.28
06-07-2025 17:00,17,6,7,1,0,25.99,2.57,0,52.37
06-07-2025 18:00,18,6,7,1,0,25.09,2.55,1,61.93
06-07-2025 19:00,19,6,7,1,0,26.15,2.86,1,76.26
06-07-2025 20:00,20,6,7,1,0,20.07,4.39,1,69.94
06-07-2025 21:00,21,6,7,1,0,19.77,5.6,1,68.32
06-07-2025 22:00,22,6,7,1,0,14.93,5.54,0,59.25
06-07-2025 23:00,23,6,7,1,0,11.88,2.46,0,51.69
07-07-2025 00:00,0,0,7,0,0,11.42,4.29,0,24.81
07-07-2025 01:00,1,0,7,0,0,9.91,2.49,0,26.56
07-07-2025 02:00,2,0,7,0,0,11.02,4.4,0,30.01
07-07-2025 03:00,3,0,7,0,0,7.54,2.94,0,34.89
07-07-2025 04:00,4,0,7,0,0,8.17,5.41,0,36.36
07-07-2025 05:00,5,0,7,0,0,9.3,4.23,0,37.07
07-07-2025 06:00,6,0,7,0,0,16.03,2.93,0,50.02
07-07-2025 07:00,7,0,7,0,0,13.59,2.89,1,65.72
07-07-2025 08:00,8,0,7,0,0,18.74,3.2,1,66.4
07-07-2025 09:00,9,0,7,0,0,20.83,2.29,1,67.43
07-07-2025 10:00,10,0,7,0,0,23.87,2.34,0,59.15
07-07-2025 11:00,11,0,7,0,0,23.31,3.73,0,47.34
07-07-2025 12:00,12,0,7,0,0,28.25,0.68,0,43.52
07-07-2025 13:00,13,0,7,0,0,26.74,2.02,0,36.81
07-07-2025 14:00,14,0,7,0,0,28.76,3.77,0,46.69
07-07-2025 15:00,15,0,7,0,0,31.13,1.99,0,56.01
07-07-2025 16:00,16,0,7,0,0,29.36,2.12,0,62.23
07-07-2025 17:00,17,0,7,0,0,29.86,5.49,0,72.55
07-07-2025 18:00,18,0,7,0,0,27.69,5.11,1,83.91
07-07-2025 19:00,19,0,7,0,0,24.8,1.34,1,86.25
07-07-2025 20:00,20,0,7,0,0,24.4,6.44,1,89.78
07-07-2025 21:00,21,0,7,0,0,20.73,5.14,1,88.09
07-07-2025 22:00,22,0,7,0,0,16.68,5.93,0,73.97
07-07-2025 23:00,23,0,7,0,0,13.09,6.46,0,56.26
08-07-2025 00:00,0,1,7,0,0,13.68,5.24,0,29.29
08-07-2025 01:00,1,1,7,0,0,10.44,5.09,0,30.39
08-07-2025 02:00,2,1,7,0,0,7.36,5.95,0,32.29
08-07-2025 03:00,3,1,7,0,0,11.02,3.54,0,29.63
08-07-2025 04:00,4,1,7,0,0,10.3,3.01,0,35.18
08-07-2025 05:00,5,1,7,0,0,12.71,1.96,0,42.29
08-07-2025 06:00,6,1,7,0,0,11.32,2.33,0,56.48
08-07-2025 07:00,7,1,7,0,0,18.88,1.99,1,69.24
08-07-2025 08:00,8,1,7,0,0,18.19,2.39,1,74.31
08-07-2025 09:00,9,1,7,0,0,19.11,4.24,1,64.71
08-07-2025 10:00,10,1,7,0,0,21.51,3.23,0,56.78
08-07-2025 11:00,11,1,7,0,0,24.47,3.22,0,51.59
08-07-2025 12:00,12,1,7,0,0,27.19,2.21,0,47.41
08-07-2025 13:00,13,1,7,0,0,31.32,3.88,0,46.65
08-07-2025 14:00,14,1,7,0,0,30.6,2.69,0,54.46
08-07-2025 15:00,15,1,7,0,0,31.07,4.7,0,56.45
08-07-2025 16:00,16,1,7,0,0,28.8,2.36,0,59.9
08-07-2025 17:00,17,1,7,0,0,28.38,1.87,0,67.72
08-07-2025 18:00,18,1,7,0,0,30.08,6,1,87.32
08-07-2025 19:00,19,1,7,0,0,27.22,4.44,1,92.74
08-07-2025 20:00,20,1,7,0,0,26.03,1.82,1,95.77
08-07-2025 21:00,21,1,7,0,0,22.49,1.56,1,85.38
08-07-2025 22:00,22,1,7,0,0,16.18,1.52,0,69.96
08-07-2025 23:00,23,1,7,0,0,14.69,3.29,0,65.16
09-07-2025 00:00,0,2,7,0,0,15.73,5.96,0,31.1
09-07-2025 01:00,1,2,7,0,0,8.81,2.42,0,33.09
09-07-2025 02:00,2,2,7,0,0,11.53,2.17,0,33.2
09-07-2025 03:00,3,2,7,0,0,9.06,3.01,0,34.54
09-07-2025 04:00,4,2,7,0,0,9.69,5.44,0,35.69
09-07-2025 05:00,5,2,7,0,0,8.39,2.27,0,48.31
09-07-2025 06:00,6,2,7,0,0,13.95,4.35,0,59.47
09-07-2025 07:00,7,2,7,0,0,18.04,2.25,1,70.57
09-07-2025 08:00,8,2,7,0,0,13.95,0.5,1,73.21
09-07-2025 09:00,9,2,7,0,0,22.75,4.5,1,63.51
09-07-2025 10:00,10,2,7,0,0,24.21,4.28,0,59.88
09-07-2025 11:00,11,2,7,0,0,23.21,3.08,0,44.13
09-07-2025 12:00,12,2,7,0,0,25.25,6.07,0,38.36
09-07-2025 13:00,13,2,7,0,0,32.52,3.46,0,55.46
09-07-2025 14:00,14,2,7,0,0,26.49,3.46,0,40.21
09-07-2025 15:00,15,2,7,0,0,27.81,4.81,0,44.84
09-07-2025 16:00,16,2,7,0,0,26.73,2.88,0,47.65
09-07-2025 17:00,17,2,7,0,0,30.7,4.96,0,74
09-07-2025 18:00,18,2,7,0,0,27.63,2.49,1,80.34
09-07-2025 19:00,19,2,7,0,0,23.27,3.72,1,86.78
09-07-2025 20:00,20,2,7,0,0,23.26,2.85,1,86.85
09-07-2025 21:00,21,2,7,0,0,20.4,1.78,1,87.89
09-07-2025 22:00,22,2,7,0,0,15.35,4.32,0,73.81
09-07-2025 23:00,23,2,7,0,0,13.98,2.3,0,62.87
10-07-2025 00:00,0,3,7,0,0,14.09,2,0,34.08
10-07-2025 01:00,1,3,7,0,0,10.55,3.45,0,33.12
10-07-2025 02:00,2,3,7,0,0,10.16,3.66,0,31.55
10-07-2025 03:00,3,3,7,0,0,4.75,0.5,0,28.03
10-07-2025 04:00,4,3,7,0,0,8.48,3.13,0,34.61
10-07-2025 05:00,5,3,7,0,0,13.9,3.45,0,41.16
10-07-2025 06:00,6,3,7,0,0,13.37,3.71,0,57.25
10-07-2025 07:00,7,3,7,0,0,19.56,2.38,1,66.32
10-07-2025 08:00,8,3,7,0,0,17.59,3.45,1,69.91
10-07-2025 09:00,9,3,7,0,0,18.79,4.31,1,59.95
10-07-2025 10:00,10,3,7,0,0,22.46,3.33,0,55.9
10-07-2025 11:00,11,3,7,0,0,24.67,2.52,0,41.11
10-07-2025 12:00,12,3,7,0,0,26.57,2.5,0,44.84
10-07-2025 13:00,13,3,7,0,0,25.53,4.24,0,37.03
10-07-2025 14:00,14,3,7,0,0,31.68,1.93,0,55.84
10-07-2025 15:00,15,3,7,0,0,28.46,6.08,0,49.06
10-07-2025 16:00,16,3,7,0,0,29.49,4.06,0,53.61
10-07-2025 17:00,17,3,7,0,0,27.07,1.94,0,67.25
10-07-2025 18:00,18,3,7,0,0,28.08,3.81,1,81.21
10-07-2025 19:00,19,3,7,0,0,27.57,5.03,1,95.76
10-07-2025 20:00,20,3,7,0,0,24.49,2.7,1,91.93
10-07-2025 21:00,21,3,7,0,0,21.82,5.39,1,80.97
10-07-2025 22:00,22,3,7,0,0,17.27,3.94,0,69.1
10-07-2025 23:00,23,3,7,0,0,13.65,4.64,0,57.34
11-07-2025 00:00,0,4,7,0,0,15.58,1.7,0,31.22
11-07-2025 01:00,1,4,7,0,0,9.16,1.89,0,24.55
11-07-2025 02:00,2,4,7,0,0,9.87,1.29,0,25.97
11-07-2025 03:00,3,4,7,0,0,11.54,2.87,0,36.38
11-07-2025 04:00,4,4,7,0,0,6.9,3.33,0,34.19
11-07-2025 05:00,5,4,7,0,0,11.54,6.55,0,45.04
11-07-2025 06:00,6,4,7,0,0,13.47,4.37,0,51.01
11-07-2025 07:00,7,4,7,0,0,18.24,2.86,1,61.27
11-07-2025 08:00,8,4,7,0,0,17.25,2.84,1,69.67
11-07-2025 09:00,9,4,7,0,0,20.43,6.11,1,67.35
11-07-2025 10:00,10,4,7,0,0,21.05,2.44,0,50.06
11-07-2025 11:00,11,4,7,0,0,24.4,4.23,0,43.78
11-07-2025 12:00,12,4,7,0,0,24.17,4.07,0,37.4
11-07-2025 13:00,13,4,7,0,0,28.4,4.67,0,43.89
11-07-2025 14:00,14,4,7,0,0,31.13,4.87,0,56.82
11-07-2025 15:00,15,4,7,0,0,28.42,2.77,0,45.99
11-07-2025 16:00,16,4,7,0,0,29.91,5.27,0,59.96
11-07-2025 17:00,17,4,7,0,0,28.57,6.09,0,65.41
11-07-2025 18:00,18,4,7,0,0,30.2,5.05,1,87.44
11-07-2025 19:00,19,4,7,0,0,24.6,1.66,1,88.23
11-07-2025 20:00,20,4,7,0,0,20.13,3.84,1,95.1
11-07-2025 21:00,21,4,7,0,0,21.81,3.32,1,86.24
11-07-2025 22:00,22,4,7,0,0,16.39,4.72,0,73.79
11-07-2025 23:00,23,4,7,0,0,18.38,4.35,0,59.44
12-07-2025 00:00,0,5,7,1,0,11.87,1.98,0,23.52
12-07-2025 01:00,1,5,7,1,0,10.49,5.89,0,19.8
12-07-2025 02:00,2,5,7,1,0,12.98,5,0,25.7
12-07-2025 03:00,3,5,7,1,0,9.34,4.7,0,27.24
12-07-2025 04:00,4,5,7,1,0,12.13,2.85,0,30.36
12-07-2025 05:00,5,5,7,1,0,11.65,2.73,0,30.19
12-07-2025 06:00,6,5,7,1,0,10.39,3.33,0,44.72
12-07-2025 07:00,7,5,7,1,0,13.31,0.5,1,54.67
12-07-2025 08:00,8,5,7,1,0,14.52,1.64,1,59.36
12-07-2025 09:00,9,5,7,1,0,16.63,3.49,1,49.41
12-07-2025 10:00,10,5,7,1,0,22.31,7.34,0,41.02
12-07-2025 11:00,11,5,7,1,0,23.16,2.73,0,30.31
12-07-2025 12:00,12,5,7,1,0,27.35,3.74,0,37.26
12-07-2025 13:00,13,5,7,1,0,27.77,2.26,0,34.26
12-07-2025 14:00,14,5,7,1,0,29.74,4.03,0,40.56
12-07-2025 15:00,15,5,7,1,0,28.18,3.15,0,32.5
12-07-2025 16:00,16,5,7,1,0,29.81,1.86,0,49.77
12-07-2025 17:00,17,5,7,1,0,26.44,2.78,0,48.65
12-07-2025 18:00,18,5,7,1,0,29.09,2.18,1,70.92
12-07-2025 19:00,19,5,7,1,0,28.42,2.55,1,79.3
12-07-2025 20:00,20,5,7,1,0,20.52,2.41,1,70.35
12-07-2025 21:00,21,5,7,1,0,16.22,5.11,1,65.87
12-07-2025 22:00,22,5,7,1,0,15.35,6.5,0,61.18
12-07-2025 23:00,23,5,7,1,0,14.52,4.99,0,44.27
13-07-2025 00:00,0,6,7,1,0,14.17,3.25,0,23.8
13-07-2025 01:00,1,6,7,1,0,14.14,3.09,0,25.22
13-07-2025 02:00,2,6,7,1,0,11.81,3.8,0,19.67
13-07-2025 03:00,3,6,7,1,0,7.9,5.46,0,24.02
13-07-2025 04:00,4,6,7,1,0,8.12,0.5,0,29.71
13-07-2025 05:00,5,6,7,1,0,14.74,4.27,0,34.16
13-07-2025 06:00,6,6,7,1,0,9.58,2.48,0,38.37
13-07-2025 07:00,7,6,7,1,0,15.62,4.23,1,55.29
13-07-2025 08:00,8,6,7,1,0,18.77,4.65,1,59.38
13-07-2025 09:00,9,6,7,1,0,20.33,2.24,1,50.87
13-07-2025 10:00,10,6,7,1,0,22.76,4.22,0,42.74
13-07-2025 11:00,11,6,7,1,0,19.64,2.35,0,32.75
13-07-2025 12:00,12,6,7,1,0,25.31,3.28,0,34.32
13-07-2025 13:00,13,6,7,1,0,31.05,4.21,0,45.02
13-07-2025 14:00,14,6,7,1,0,26.56,2.64,0,36.01
13-07-2025 15:00,15,6,7,1,0,25.04,1.78,0,43.59
13-07-2025 16:00,16,6,7,1,0,27.1,2.73,0,43.22
13-07-2025 17:00,17,6,7,1,0,30.65,3.39,0,63.18
13-07-2025 18:00,18,6,7,1,0,27.88,2.95,1,66.54
13-07-2025 19:00,19,6,7,1,0,23.17,2.71,1,73.7
13-07-2025 20:00,20,6,7,1,0,25.62,3.77,1,74.32
13-07-2025 21:00,21,6,7,1,0,20.53,3.26,1,67.23
13-07-2025 22:00,22,6,7,1,0,18.58,3.98,0,58.46
13-07-2025 23:00,23,6,7,1,0,17.4,1.77,0,48.72
14-07-2025 00:00,0,0,7,0,0,11.56,2.41,0,26.86
14-07-2025 01:00,1,0,7,0,0,10.18,3.66,0,30
14-07-2025 02:00,2,0,7,0,0,9.53,4.9,0,30.08
14-07-2025 03:00,3,0,7,0,0,12.58,5.26,0,33.59
14-07-2025 04:00,4,0,7,0,0,7.7,2.36,0,33.93
14-07-2025 05:00,5,0,7,0,0,11.09,3.82,0,43.46
14-07-2025 06:00,6,0,7,0,0,13.14,0.73,0,52.29
14-07-2025 07:00,7,0,7,0,0,11.17,3.19,1,67.52
14-07-2025 08:00,8,0,7,0,0,17.74,6.75,1,69.2
14-07-2025 09:00,9,0,7,0,0,21.9,2.82,1,63.64
14-07-2025 10:00,10,0,7,0,0,25.93,4.56,0,58.77
14-07-2025 11:00,11,0,7,0,0,25.19,3.88,0,43.48
14-07-2025 12:00,12,0,7,0,0,32.07,4.6,0,56.36
14-07-2025 13:00,13,0,7,0,0,30.1,2.67,0,43.03
14-07-2025 14:00,14,0,7,0,0,30.51,1.48,0,47.22
14-07-2025 15:00,15,0,7,0,0,30.29,4.92,0,48.75
14-07-2025 16:00,16,0,7,0,0,26.55,5.17,0,46.98
14-07-2025 17:00,17,0,7,0,0,29.01,2.28,0,71.37
14-07-2025 18:00,18,0,7,0,0,33.47,1.99,1,95.89
14-07-2025 19:00,19,0,7,0,0,30.07,3.09,1,97.5
14-07-2025 20:00,20,0,7,0,0,19.96,2.46,1,89.05
14-07-2025 21:00,21,0,7,0,0,18.15,3.08,1,85.09
14-07-2025 22:00,22,0,7,0,0,18.42,2.22,0,72.6
14-07-2025 23:00,23,0,7,0,0,16.35,2.84,0,59.74
15-07-2025 00:00,0,1,7,0,0,11.18,3.41,0,27.18
15-07-2025 01:00,1,1,7,0,0,10.36,2.59,0,27.65
15-07-2025 02:00,2,1,7,0,0,14.37,2.35,0,28.02
15-07-2025 03:00,3,1,7,0,0,9.71,2.61,0,27.66
15-07-2025 04:00,4,1,7,0,0,8.74,3.36,0,34.36
15-07-2025 05:00,5,1,7,0,0,11.09,0.69,0,42.17
15-07-2025 06:00,6,1,7,0,0,12.94,5.65,0,54.85
15-07-2025 07:00,7,1,7,0,0,12.61,3.71,1,68.25
15-07-2025 08:00,8,1,7,0,0,13.8,3.71,1,69.7
15-07-2025 09:00,9,1,7,0,0,17.84,1.92,1,68.73
15-07-2025 10:00,10,1,7,0,0,22.09,3.45,0,57.61
15-07-2025 11:00,11,1,7,0,0,26.66,1.77,0,52.87
15-07-2025 12:00,12,1,7,0,0,27.73,6.01,0,42.87
15-07-2025 13:00,13,1,7,0,0,30.13,2.95,0,47.47
15-07-2025 14:00,14,1,7,0,0,28.9,4.37,0,45.46
15-07-2025 15:00,15,1,7,0,0,29.35,3.58,0,52.46
15-07-2025 16:00,16,1,7,0,0,31.48,0.5,0,65.83
15-07-2025 17:00,17,1,7,0,0,26.81,1.52,0,61.27
15-07-2025 18:00,18,1,7,0,0,28.92,2.55,1,86.27
15-07-2025 19:00,19,1,7,0,0,22.77,4.4,1,83.34
15-07-2025 20:00,20,1,7,0,0,26.46,4.26,1,94.2
15-07-2025 21:00,21,1,7,0,0,21.24,1.54,1,84.89
15-07-2025 22:00,22,1,7,0,0,17.52,4.6,0,75
15-07-2025 23:00,23,1,7,0,0,15.2,3.02,0,63.12
16-07-2025 00:00,0,2,7,0,0,11.44,3.09,0,35.59
16-07-2025 01:00,1,2,7,0,0,11.18,3.49,0,31.18
16-07-2025 02:00,2,2,7,0,0,7.73,3.94,0,27.95
16-07-2025 03:00,3,2,7,0,0,7.87,2.94,0,29.27
16-07-2025 04:00,4,2,7,0,0,11.2,4.27,0,28.26
16-07-2025 05:00,5,2,7,0,0,9.56,3.42,0,43.8
16-07-2025 06:00,6,2,7,0,0,11.85,2.82,0,54.76
16-07-2025 07:00,7,2,7,0,0,14.4,1.41,1,64.29
16-07-2025 08:00,8,2,7,0,0,15.94,4.48,1,68.45
16-07-2025 09:00,9,2,7,0,0,15.54,2.71,1,66.13
16-07-2025 10:00,10,2,7,0,0,23.26,2.33,0,47.14
16-07-2025 11:00,11,2,7,0,0,24.62,1,0,44.41
16-07-2025 12:00,12,2,7,0,0,28.19,0.5,0,50.08
16-07-2025 13:00,13,2,7,0,0,28.67,3.71,0,48.77
16-07-2025 14:00,14,2,7,0,0,27.85,3.25,0,47.29
16-07-2025 15:00,15,2,7,0,0,26.29,4.53,0,44.42
16-07-2025 16:00,16,2,7,0,0,28.01,2.88,0,59.54
16-07-2025 17:00,17,2,7,0,0,31.02,2.93,0,76.91
16-07-2025 18:00,18,2,7,0,0,30.45,6.52,1,87.54
16-07-2025 19:00,19,2,7,0,0,24.89,3.05,1,97.66
16-07-2025 20:00,20,2,7,0,0,19.98,6.03,1,90.09
16-07-2025 21:00,21,2,7,0,0,18.06,5.04,1,87.09
16-07-2025 22:00,22,2,7,0,0,16.26,2.98,0,71.56
16-07-2025 23:00,23,2,7,0,0,16.41,4.33,0,59.81
17-07-2025 00:00,0,3,7,0,0,10.32,1.99,0,30.42
17-07-2025 01:00,1,3,7,0,0,15.44,0.71,0,27.96
17-07-2025 02:00,2,3,7,0,0,9.84,2.61,0,31.97
17-07-2025 03:00,3,3,7,0,0,10.98,4.19,0,26.98
17-07-2025 04:00,4,3,7,0,0,11.48,4.44,0,35.79
17-07-2025 05:00,5,3,7,0,0,10.84,2.76,0,41.27
17-07-2025 06:00,6,3,7,0,0,14.26,2.39,0,48.68
17-07-2025 07:00,7,3,7,0,0,14.29,1.99,1,67.79
17-07-2025 08:00,8,3,7,0,0,18.24,6.37,1,67.73
17-07-2025 09:00,9,3,7,0,0,22.71,5.16,1,61.38
17-07-2025 10:00,10,3,7,0,0,23.45,3.25,0,54.48
17-07-2025 11:00,11,3,7,0,0,24.71,1.98,0,43.77
17-07-2025 12:00,12,3,7,0,0,26,3.98,0,37.53
17-07-2025 13:00,13,3,7,0,0,28.49,4.11,0,41.17
17-07-2025 14:00,14,3,7,0,0,29.13,3.64,0,44.76
17-07-2025 15:00,15,3,7,0,0,28.34,3.23,0,45.09
17-07-2025 16:00,16,3,7,0,0,26.39,3.59,0,50.56
17-07-2025 17:00,17,3,7,0,0,27.02,3.85,0,62.78
17-07-2025 18:00,18,3,7,0,0,25.64,4.68,1,79.07
17-07-2025 19:00,19,3,7,0,0,28.59,0.5,1,92.02
17-07-2025 20:00,20,3,7,0,0,20.9,2.34,1,89.38
17-07-2025 21:00,21,3,7,0,0,19.1,2.91,1,83.08
17-07-2025 22:00,22,3,7,0,0,16.96,4.37,0,79.19
17-07-2025 23:00,23,3,7,0,0,12.96,2.55,0,56.03
18-07-2025 00:00,0,4,7,0,0,14.93,5.54,0,31.65
18-07-2025 01:00,1,4,7,0,0,13.73,4.43,0,29.28
18-07-2025 02:00,2,4,7,0,0,12.91,4.88,0,30.5
18-07-2025 03:00,3,4,7,0,0,10.27,4.33,0,28.88
18-07-2025 04:00,4,4,7,0,0,9.94,3.19,0,39.68
18-07-2025 05:00,5,4,7,0,0,9.12,4.16,0,43.77
18-07-2025 06:00,6,4,7,0,0,14.68,2.23,0,53.7
18-07-2025 07:00,7,4,7,0,0,12.88,6.29,1,64.02
18-07-2025 08:00,8,4,7,0,0,17.57,3.6,1,67.44
18-07-2025 09:00,9,4,7,0,0,18.95,3.02,1,66.81
18-07-2025 10:00,10,4,7,0,0,23.23,5.04,0,50.17
18-07-2025 11:00,11,4,7,0,0,27.94,4.68,0,51.73
18-07-2025 12:00,12,4,7,0,0,24.06,3.83,0,40.86
18-07-2025 13:00,13,4,7,0,0,31.28,2.71,0,56.11
18-07-2025 14:00,14,4,7,0,0,28.16,4.23,0,42.36
18-07-2025 15:00,15,4,7,0,0,31,3.55,0,55.47
18-07-2025 16:00,16,4,7,0,0,30.23,3.44,0,59.7
18-07-2025 17:00,17,4,7,0,0,25.22,7.92,0,59.05
18-07-2025 18:00,18,4,7,0,0,25.14,0.5,1,73.56
18-07-2025 19:00,19,4,7,0,0,26.81,2.81,1,93.51
18-07-2025 20:00,20,4,7,0,0,20.65,1.32,1,89.43
18-07-2025 21:00,21,4,7,0,0,23.35,5.3,1,86.27
18-07-2025 22:00,22,4,7,0,0,13.89,6.94,0,73.42
18-07-2025 23:00,23,4,7,0,0,13.58,0.5,0,58.48
19-07-2025 00:00,0,5,7,1,0,15.78,3.37,0,25.79
19-07-2025 01:00,1,5,7,1,0,9.84,4.37,0,21.69
19-07-2025 02:00,2,5,7,1,0,11.08,3.9,0,27.03
19-07-2025 03:00,3,5,7,1,0,10.11,4.07,0,23.19
19-07-2025 04:00,4,5,7,1,0,11.84,5.47,0,34.78
19-07-2025 05:00,5,5,7,1,0,11.95,3.04,0,44.64
19-07-2025 06:00,6,5,7,1,0,12.3,4.03,0,45.35
19-07-2025 07:00,7,5,7,1,0,14.04,2.37,1,49.94
19-07-2025 08:00,8,5,7,1,0,16.74,4.21,1,56.78
19-07-2025 09:00,9,5,7,1,0,19.6,5.56,1,53.93
19-07-2025 10:00,10,5,7,1,0,24.89,2.76,0,44.42
19-07-2025 11:00,11,5,7,1,0,25.88,4.92,0,36.59
19-07-2025 12:00,12,5,7,1,0,24.55,2.62,0,36.58
19-07-2025 13:00,13,5,7,1,0,26.55,2.52,0,30.75
19-07-2025 14:00,14,5,7,1,0,25.09,4.41,0,31.49
19-07-2025 15:00,15,5,7,1,0,30.11,2.37,0,43.99
19-07-2025 16:00,16,5,7,1,0,27.48,1.39,0,41.1
19-07-2025 17:00,17,5,7,1,0,30.86,2.53,0,57.43
19-07-2025 18:00,18,5,7,1,0,29.2,3.64,1,74.5
19-07-2025 19:00,19,5,7,1,0,23.39,3.99,1,68
19-07-2025 20:00,20,5,7,1,0,23.64,5.31,1,66.87
19-07-2025 21:00,21,5,7,1,0,19.64,5.66,1,66.41
19-07-2025 22:00,22,5,7,1,0,13.32,3.08,0,55.07
19-07-2025 23:00,23,5,7,1,0,14.66,1.51,0,46.51
20-07-2025 00:00,0,6,7,1,0,14.34,3.11,0,24.95
20-07-2025 01:00,1,6,7,1,0,11.58,3.35,0,22.62
20-07-2025 02:00,2,6,7,1,0,12.12,8.07,0,20.72
20-07-2025 03:00,3,6,7,1,0,8.8,4.24,0,30.26
20-07-2025 04:00,4,6,7,1,0,9.99,5.36,0,25.7
20-07-2025 05:00,5,6,7,1,0,15.39,3.16,0,34.59
20-07-2025 06:00,6,6,7,1,0,11.14,3.37,0,46.66
20-07-2025 07:00,7,6,7,1,0,16.03,2.09,1,53.86
20-07-2025 08:00,8,6,7,1,0,20.32,2.03,1,60.13
20-07-2025 09:00,9,6,7,1,0,21.52,4.41,1,52.54
20-07-2025 10:00,10,6,7,1,0,21.98,5.33,0,45.67
20-07-2025 11:00,11,6,7,1,0,28.16,3.95,0,47.45
20-07-2025 12:00,12,6,7,1,0,30.42,4.16,0,49.86
20-07-2025 13:00,13,6,7,1,0,30.33,5.13,0,43.33
20-07-2025 14:00,14,6,7,1,0,31,1.17,0,49.48
20-07-2025 15:00,15,6,7,1,0,30.21,2.52,0,43.4
20-07-2025 16:00,16,6,7,1,0,26.05,5.03,0,44.69
20-07-2025 17:00,17,6,7,1,0,28.55,4.06,0,58.05
20-07-2025 18:00,18,6,7,1,0,26.11,3.73,1,64.21
20-07-2025 19:00,19,6,7,1,0,26.12,2.16,1,72.46
20-07-2025 20:00,20,6,7,1,0,23.68,5.58,1,71.66
20-07-2025 21:00,21,6,7,1,0,20.77,1.47,1,64.1
20-07-2025 22:00,22,6,7,1,0,20.11,5.43,0,57.9
20-07-2025 23:00,23,6,7,1,0,12.05,3.17,0,44.13
21-07-2025 00:00,0,0,7,0,0,12.19,6.66,0,33.35
21-07-2025 01:00,1,0,7,0,0,13.56,3.47,0,28.51
21-07-2025 02:00,2,0,7,0,0,8.93,3.92,0,32.78
21-07-2025 03:00,3,0,7,0,0,8.62,2.74,0,29.83
21-07-2025 04:00,4,0,7,0,0,11.83,3.51,0,31.06
21-07-2025 05:00,5,0,7,0,0,12.9,2.96,0,44.5
21-07-2025 06:00,6,0,7,0,0,12.28,3.06,0,53.7
21-07-2025 07:00,7,0,7,0,0,17.04,3.38,1,61.97
21-07-2025 08:00,8,0,7,0,0,18.48,5.72,1,74.78
21-07-2025 09:00,9,0,7,0,0,19.48,4.47,1,63.88
21-07-2025 10:00,10,0,7,0,0,23.39,2.66,0,49.26
21-07-2025 11:00,11,0,7,0,0,23.53,2.97,0,46.34
21-07-2025 12:00,12,0,7,0,0,25.52,5.32,0,36.24
21-07-2025 13:00,13,0,7,0,0,27.7,2.34,0,42.1
21-07-2025 14:00,14,0,7,0,0,29.43,4.17,0,50.14
21-07-2025 15:00,15,0,7,0,0,28.23,2.88,0,42.44
21-07-2025 16:00,16,0,7,0,0,31.76,1.12,0,69.62
21-07-2025 17:00,17,0,7,0,0,25.36,2.67,0,62.01
21-07-2025 18:00,18,0,7,0,0,27.79,3.5,1,82.86
21-07-2025 19:00,19,0,7,0,0,22.27,0.5,1,84.96
21-07-2025 20:00,20,0,7,0,0,22.62,2.23,1,87.03
21-07-2025 21:00,21,0,7,0,0,20.38,3.65,1,89.48
21-07-2025 22:00,22,0,7,0,0,17.07,5.42,0,74.61
21-07-2025 23:00,23,0,7,0,0,18.61,0.97,0,53.62
22-07-2025 00:00,0,1,7,0,0,11.82,3.44,0,29.24
22-07-2025 01:00,1,1,7,0,0,14.97,5.42,0,34.89
22-07-2025 02:00,2,1,7,0,0,9.7,4.97,0,29.1
22-07-2025 03:00,3,1,7,0,0,11.09,4.19,0,27.15
22-07-2025 04:00,4,1,7,0,0,12.85,3.35,0,36.52
22-07-2025 05:00,5,1,7,0,0,10.5,3.13,0,42.96
22-07-2025 06:00,6,1,7,0,0,13.78,2.79,0,54.43
22-07-2025 07:00,7,1,7,0,0,17.47,2.42,1,63.37
22-07-2025 08:00,8,1,7,0,0,14.88,5.98,1,69.29
22-07-2025 09:00,9,1,7,0,0,22.78,5.09,1,67.15
22-07-2025 10:00,10,1,7,0,0,21.49,4.15,0,54.57
22-07-2025 11:00,11,1,7,0,0,27.67,4.04,0,49.42
22-07-2025 12:00,12,1,7,0,0,27.07,3.04,0,39.01
22-07-2025 13:00,13,1,7,0,0,27.52,3.4,0,39.44
22-07-2025 14:00,14,1,7,0,0,33.55,3.88,0,57.43
22-07-2025 15:00,15,1,7,0,0,28.11,2.41,0,51.53
22-07-2025 16:00,16,1,7,0,0,31.37,4.1,0,73.59
22-07-2025 17:00,17,1,7,0,0,30.28,3.88,0,77.5
22-07-2025 18:00,18,1,7,0,0,26.8,3.45,1,79.94
22-07-2025 19:00,19,1,7,0,0,24.93,3.83,1,87.04
22-07-2025 20:00,20,1,7,0,0,21.52,6.85,1,86.51
22-07-2025 21:00,21,1,7,0,0,16.92,4.56,1,89.51
22-07-2025 22:00,22,1,7,0,0,17.38,2.54,0,73.57
22-07-2025 23:00,23,1,7,0,0,12.66,4.6,0,59.92
23-07-2025 00:00,0,2,7,0,0,12.65,3.83,0,30.18
23-07-2025 01:00,1,2,7,0,0,10.55,4.77,0,28.8
23-07-2025 02:00,2,2,7,0,0,8.77,3.69,0,29.22
23-07-2025 03:00,3,2,7,0,0,13.12,4.27,0,32.81
23-07-2025 04:00,4,2,7,0,0,9.95,4.25,0,40.31
23-07-2025 05:00,5,2,7,0,0,11.91,3.59,0,47.59
23-07-2025 06:00,6,2,7,0,0,8.45,0.5,0,52.06
23-07-2025 07:00,7,2,7,0,0,14.31,3.98,1,65.59
23-07-2025 08:00,8,2,7,0,0,18,3.81,1,64.87
23-07-2025 09:00,9,2,7,0,0,22.79,4.49,1,62
23-07-2025 10:00,10,2,7,0,0,22.16,4.2,0,59.09
23-07-2025 11:00,11,2,7,0,0,28.78,4.73,0,54.02
23-07-2025 12:00,12,2,7,0,0,27.85,5.05,0,49.39
23-07-2025 13:00,13,2,7,0,0,29.41,1.64,0,44.48
23-07-2025 14:00,14,2,7,0,0,28.41,1.85,0,42.81
23-07-2025 15:00,15,2,7,0,0,29.21,7.76,0,47.98
23-07-2025 16:00,16,2,7,0,0,26.47,4.37,0,48.02
23-07-2025 17:00,17,2,7,0,0,31.22,2.47,0,78.41
23-07-2025 18:00,18,2,7,0,0,26.09,2.44,1,78.97
23-07-2025 19:00,19,2,7,0,0,22.81,2.24,1,84.88
23-07-2025 20:00,20,2,7,0,0,26.77,1.95,1,97.58
23-07-2025 21:00,21,2,7,0,0,19.76,1.58,1,81.4
23-07-2025 22:00,22,2,7,0,0,19.2,1.85,0,74.61
23-07-2025 23:00,23,2,7,0,0,19.87,4.19,0,60.59
24-07-2025 00:00,0,3,7,0,0,10.13,6.73,0,30.08
24-07-2025 01:00,1,3,7,0,0,12.85,0.5,0,31.84
24-07-2025 02:00,2,3,7,0,0,10.34,4.45,0,35.4
24-07-2025 03:00,3,3,7,0,0,13.21,6.92,0,30.81
24-07-2025 04:00,4,3,7,0,0,13.68,6.1,0,32.08
24-07-2025 05:00,5,3,7,0,0,8.99,4.74,0,40.7
24-07-2025 06:00,6,3,7,0,0,9.7,1.97,0,59.35
24-07-2025 07:00,7,3,7,0,0,16.67,3.9,1,63.76
24-07-2025 08:00,8,3,7,0,0,19.65,3.59,1,68.04
24-07-2025 09:00,9,3,7,0,0,21.62,3.44,1,62.48
24-07-2025 10:00,10,3,7,0,0,21.34,5.81,0,53.23
24-07-2025 11:00,11,3,7,0,0,22.54,3.33,0,48.93
24-07-2025 12:00,12,3,7,0,0,24.7,3.19,0,35.12
24-07-2025 13:00,13,3,7,0,0,29.34,2.34,0,43.97
24-07-2025 14:00,14,3,7,0,0,30.58,2.88,0,49.7
24-07-2025 15:00,15,3,7,0,0,27.24,6.26,0,46.26
24-07-2025 16:00,16,3,7,0,0,33.48,1.24,0,70.9
24-07-2025 17:00,17,3,7,0,0,24.61,2.6,0,59.64
24-07-2025 18:00,18,3,7,0,0,25.34,3.73,1,76.52
24-07-2025 19:00,19,3,7,0,0,26.54,5.62,1,92.96
24-07-2025 20:00,20,3,7,0,0,23.16,2.56,1,87.55
24-07-2025 21:00,21,3,7,0,0,17.6,2.56,1,89.18
24-07-2025 22:00,22,3,7,0,0,15.38,0.69,0,70.02
24-07-2025 23:00,23,3,7,0,0,19.53,1.52,0,57.46
25-07-2025 00:00,0,4,7,0,0,10.58,3.63,0,26.09
25-07-2025 01:00,1,4,7,0,0,7.48,3.46,0,27.9
25-07-2025 02:00,2,4,7,0,0,6.61,3.26,0,33.02
25-07-2025 03:00,3,4,7,0,0,8.07,1.37,0,31.95
25-07-2025 04:00,4,4,7,0,0,8.42,3.89,0,32.06
25-07-2025 05:00,5,4,7,0,0,10.04,3.32,0,45.92
25-07-2025 06:00,6,4,7,0,0,11.58,2.55,0,52.32
25-07-2025 07:00,7,4,7,0,0,13.53,2.72,1,69.19
25-07-2025 08:00,8,4,7,0,0,15.01,3.43,1,66.98
25-07-2025 09:00,9,4,7,0,0,22.98,1.88,1,67.46
25-07-2025 10:00,10,4,7,0,0,22.81,4.35,0,55.38
25-07-2025 11:00,11,4,7,0,0,23.9,4.08,0,45.91
25-07-2025 12:00,12,4,7,0,0,23.96,2.88,0,35.32
25-07-2025 13:00,13,4,7,0,0,31.16,3.23,0,54.11
25-07-2025 14:00,14,4,7,0,0,29.94,4.44,0,48.21
25-07-2025 15:00,15,4,7,0,0,30.67,4.87,0,51.36
25-07-2025 16:00,16,4,7,0,0,29.99,4.92,0,58.42
25-07-2025 17:00,17,4,7,0,0,27.29,4.11,0,74.56
25-07-2025 18:00,18,4,7,0,0,28.33,4.23,1,72.7
25-07-2025 19:00,19,4,7,0,0,25.07,1.26,1,86.96
25-07-2025 20:00,20,4,7,0,0,24.29,1.17,1,90.09
25-07-2025 21:00,21,4,7,0,0,18.65,4.62,1,83.39
25-07-2025 22:00,22,4,7,0,0,17.14,2.8,0,75.04
25-07-2025 23:00,23,4,7,0,0,15.21,3.66,0,59.21
26-07-2025 00:00,0,5,7,1,0,11.24,0.78,0,29.03
26-07-2025 01:00,1,5,7,1,0,11.24,6.61,0,22.73
26-07-2025 02:00,2,5,7,1,0,6.94,4.04,0,25.42
26-07-2025 03:00,3,5,7,1,0,10.63,2.93,0,24.35
26-07-2025 04:00,4,5,7,1,0,11.45,6.26,0,29.26
26-07-2025 05:00,5,5,7,1,0,12.41,0.5,0,28.94
26-07-2025 06:00,6,5,7,1,0,13.3,5.95,0,40.09
26-07-2025 07:00,7,5,7,1,0,12.1,5.04,1,52.54
26-07-2025 08:00,8,5,7,1,0,18.84,6.77,1,55.62
26-07-2025 09:00,9,5,7,1,0,20.63,4.72,1,54.83
26-07-2025 10:00,10,5,7,1,0,22.49,1.75,0,43.13
26-07-2025 11:00,11,5,7,1,0,25.32,2.35,0,36.45
26-07-2025 12:00,12,5,7,1,0,25.82,0.5,0,34.34
26-07-2025 13:00,13,5,7,1,0,30,1.21,0,39.47
26-07-2025 14:00,14,5,7,1,0,32.68,4.3,0,50.18
26-07-2025 15:00,15,5,7,1,0,29.36,1.95,0,46.65
26-07-2025 16:00,16,5,7,1,0,28.84,4.8,0,55.35
26-07-2025 17:00,17,5,7,1,0,27.89,2.6,0,59.26
26-07-2025 18:00,18,5,7,1,0,24.07,2.76,1,56.19
26-07-2025 19:00,19,5,7,1,0,23.36,3.25,1,67.01
26-07-2025 20:00,20,5,7,1,0,20.74,4.81,1,65.25
26-07-2025 21:00,21,5,7,1,0,21.43,3.77,1,70.98
26-07-2025 22:00,22,5,7,1,0,19.44,4.97,0,54.85
26-07-2025 23:00,23,5,7,1,0,15.43,5.75,0,44.81
27-07-2025 00:00,0,6,7,1,0,7.43,3,0,21.15
27-07-2025 01:00,1,6,7,1,0,12.47,2.54,0,22.16
27-07-2025 02:00,2,6,7,1,0,10.32,3.57,0,23.2
27-07-2025 03:00,3,6,7,1,0,12.12,3.18,0,27.13
27-07-2025 04:00,4,6,7,1,0,9.72,3.51,0,32.41
27-07-2025 05:00,5,6,7,1,0,12.98,3.58,0,35.19
27-07-2025 06:00,6,6,7,1,0,10.09,5.57,0,39.01
27-07-2025 07:00,7,6,7,1,0,16.43,2.42,1,51.94
27-07-2025 08:00,8,6,7,1,0,17.79,6.13,1,55.12
27-07-2025 09:00,9,6,7,1,0,20.21,3.61,1,51.19
27-07-2025 10:00,10,6,7,1,0,22.13,1.51,0,43.31
27-07-2025 11:00,11,6,7,1,0,24.42,2.78,0,36.66
27-07-2025 12:00,12,6,7,1,0,24.17,1.73,0,29.11
27-07-2025 13:00,13,6,7,1,0,28.46,2.7,0,36.93
27-07-2025 14:00,14,6,7,1,0,26.12,3.12,0,32.71
27-07-2025 15:00,15,6,7,1,0,30.37,4.14,0,47.32
27-07-2025 16:00,16,6,7,1,0,31.76,5.27,0,54.02
27-07-2025 17:00,17,6,7,1,0,29.34,1.91,0,64.13
27-07-2025 18:00,18,6,7,1,0,27.61,3.9,1,73.56
27-07-2025 19:00,19,6,7,1,0,24.25,0.5,1,69.86
27-07-2025 20:00,20,6,7,1,0,24.19,3.76,1,77.43
27-07-2025 21:00,21,6,7,1,0,20.86,2.29,1,67.59
27-07-2025 22:00,22,6,7,1,0,16.79,4.16,0,61.23
27-07-2025 23:00,23,6,7,1,0,15.31,3.24,0,50.61
28-07-2025 00:00,0,0,7,0,0,11.51,1.76,0,31.52
28-07-2025 01:00,1,0,7,0,0,12.47,1.93,0,34.76
28-07-2025 02:00,2,0,7,0,0,8.79,2.52,0,28.36
28-07-2025 03:00,3,0,7,0,0,7.15,6.42,0,29.07
28-07-2025 04:00,4,0,7,0,0,7.34,2.54,0,28.34
28-07-2025 05:00,5,0,7,0,0,9.89,3.03,0,40.06
28-07-2025 06:00,6,0,7,0,0,13.47,3.4,0,60.6
28-07-2025 07:00,7,0,7,0,0,14.13,1.28,1,67.89
28-07-2025 08:00,8,0,7,0,0,16.09,2.31,1,69.48
28-07-2025 09:00,9,0,7,0,0,20.08,2.48,1,63.1
28-07-2025 10:00,10,0,7,0,0,25.95,3.42,0,54.42
28-07-2025 11:00,11,0,7,0,0,24.59,3.11,0,40.93
28-07-2025 12:00,12,0,7,0,0,24.06,3.7,0,32.26
28-07-2025 13:00,13,0,7,0,0,29.77,5.42,0,47.98
28-07-2025 14:00,14,0,7,0,0,33.79,1.17,0,61.15
28-07-2025 15:00,15,0,7,0,0,29.4,4.32,0,51.36
28-07-2025 16:00,16,0,7,0,0,29.3,1.81,0,56.57
28-07-2025 17:00,17,0,7,0,0,28.41,6.3,0,68.49
28-07-2025 18:00,18,0,7,0,0,26.03,2.52,1,79.74
28-07-2025 19:00,19,0,7,0,0,24.24,4.1,1,87.05
28-07-2025 20:00,20,0,7,0,0,23.22,3.06,1,87.33
28-07-2025 21:00,21,0,7,0,0,18.63,1.32,1,85.27
28-07-2025 22:00,22,0,7,0,0,18.38,1.95,0,74.16
28-07-2025 23:00,23,0,7,0,0,11.33,6.71,0,59.11
29-07-2025 00:00,0,1,7,0,0,13.96,4.71,0,36.14
29-07-2025 01:00,1,1,7,0,0,11.9,1.35,0,31.22
29-07-2025 02:00,2,1,7,0,0,14.47,3.28,0,28.62
29-07-2025 03:00,3,1,7,0,0,9.68,0.93,0,30.86
29-07-2025 04:00,4,1,7,0,0,9.35,2.11,0,39.79
29-07-2025 05:00,5,1,7,0,0,12.73,3.6,0,41.83
29-07-2025 06:00,6,1,7,0,0,13.42,3.01,0,57.98
29-07-2025 07:00,7,1,7,0,0,17.14,2.65,1,60.5
29-07-2025 08:00,8,1,7,0,0,15.27,2.92,1,70.23
29-07-2025 09:00,9,1,7,0,0,18.92,0.5,1,61.88
29-07-2025 10:00,10,1,7,0,0,24.29,1.72,0,52.78
29-07-2025 11:00,11,1,7,0,0,24.15,1.87,0,45.76
29-07-2025 12:00,12,1,7,0,0,27.46,4.42,0,47.25
29-07-2025 13:00,13,1,7,0,0,24.37,4.35,0,36.41
29-07-2025 14:00,14,1,7,0,0,29.63,3.92,0,50.7
29-07-2025 15:00,15,1,7,0,0,30.4,0.5,0,57.65
29-07-2025 16:00,16,1,7,0,0,30.31,2.51,0,65.41
29-07-2025 17:00,17,1,7,0,0,30.73,4.48,0,72.53
29-07-2025 18:00,18,1,7,0,0,29.17,4.81,1,84.87
29-07-2025 19:00,19,1,7,0,0,26.79,2.26,1,90.18
29-07-2025 20:00,20,1,7,0,0,21.45,4.87,1,83.59
29-07-2025 21:00,21,1,7,0,0,18.99,5.85,1,86.86
29-07-2025 22:00,22,1,7,0,0,17.06,1.74,0,73.51
29-07-2025 23:00,23,1,7,0,0,11.77,4.23,0,60.86
30-07-2025 00:00,0,2,7,0,0,12.86,3.5,0,26.64
30-07-2025 01:00,1,2,7,0,0,9.36,3.5,0,31.71
30-07-2025 02:00,2,2,7,0,0,10,5.4,0,27.85
30-07-2025 03:00,3,2,7,0,0,10.63,3.38,0,26.98
30-07-2025 04:00,4,2,7,0,0,11.89,0.5,0,34.14
30-07-2025 05:00,5,2,7,0,0,12.52,5.6,0,44.4
30-07-2025 06:00,6,2,7,0,0,11.05,4.21,0,56.59
30-07-2025 07:00,7,2,7,0,0,14.9,3.87,1,62.01
30-07-2025 08:00,8,2,7,0,0,18.47,3.24,1,65.84
30-07-2025 09:00,9,2,7,0,0,16.79,2.25,1,68.94
30-07-2025 10:00,10,2,7,0,0,20.94,4.64,0,56.83
30-07-2025 11:00,11,2,7,0,0,26.07,0.78,0,52.29
30-07-2025 12:00,12,2,7,0,0,26.34,3.49,0,40.77
30-07-2025 13:00,13,2,7,0,0,27.58,2.47,0,45.13
30-07-2025 14:00,14,2,7,0,0,33.48,4.61,0,53.82
30-07-2025 15:00,15,2,7,0,0,28.84,4.32,0,54.41
30-07-2025 16:00,16,2,7,0,0,32.73,3.74,0,64.72
30-07-2025 17:00,17,2,7,0,0,24.64,2.62,0,59.35
30-07-2025 18:00,18,2,7,0,0,26.68,0.5,1,77.13
30-07-2025 19:00,19,2,7,0,0,22.88,2.61,1,86.97
30-07-2025 20:00,20,2,7,0,0,23.25,5.72,1,92.67
30-07-2025 21:00,21,2,7,0,0,21.67,5.2,1,83.96
30-07-2025 22:00,22,2,7,0,0,18.81,2.87,0,75.47
30-07-2025 23:00,23,2,7,0,0,17.17,4.59,0,53.88
31-07-2025 00:00,0,3,7,0,0,13.57,3.69,0,35.23
31-07-2025 01:00,1,3,7,0,0,13.34,3.97,0,30.85
31-07-2025 02:00,2,3,7,0,0,10.1,1.13,0,32.67
31-07-2025 03:00,3,3,7,0,0,11.7,3.43,0,34.25
31-07-2025 04:00,4,3,7,0,0,8.9,2.26,0,40.62
31-07-2025 05:00,5,3,7,0,0,11.23,4.9,0,43.44
31-07-2025 06:00,6,3,7,0,0,12.12,1.95,0,58.35
31-07-2025 07:00,7,3,7,0,0,16.31,2.72,1,65.21
31-07-2025 08:00,8,3,7,0,0,20.29,3.6,1,69.37
31-07-2025 09:00,9,3,7,0,0,21.79,3.15,1,67.23
31-07-2025 10:00,10,3,7,0,0,23.57,2.14,0,56.39
31-07-2025 11:00,11,3,7,0,0,26.02,0.5,0,41.82
31-07-2025 12:00,12,3,7,0,0,27.6,2.37,0,43.54
31-07-2025 13:00,13,3,7,0,0,27.52,4.03,0,37.96
31-07-2025 14:00,14,3,7,0,0,29.95,5.36,0,53.91
31-07-2025 15:00,15,3,7,0,0,32.12,4.56,0,60.4
31-07-2025 16:00,16,3,7,0,0,32.78,3.05,0,72.68
31-07-2025 17:00,17,3,7,0,0,27.2,3.83,0,65.12
31-07-2025 18:00,18,3,7,0,0,30.35,5.06,1,88.85
31-07-2025 19:00,19,3,7,0,0,24.05,4.82,1,82.12
31-07-2025 20:00,20,3,7,0,0,22.79,3.75,1,90.48
31-07-2025 21:00,21,3,7,0,0,18.59,1.82,1,83.85
31-07-2025 22:00,22,3,7,0,0,18.63,4.31,0,74.96
31-07-2025 23:00,23,3,7,0,0,18.66,2.97,0,58.46
01-08-2025 00:00,0,4,8,0,0,10.33,3.66,0,29.87
01-08-2025 01:00,1,4,8,0,0,11.94,3.73,0,33.89
01-08-2025 02:00,2,4,8,0,0,10.49,2.75,0,31.5
01-08-2025 03:00,3,4,8,0,0,10.87,5.69,0,32.73
01-08-2025 04:00,4,4,8,0,0,13.98,1.88,0,36.51
01-08-2025 05:00,5,4,8,0,0,12.38,2.26,0,42.24
01-08-2025 06:00,6,4,8,0,0,9.77,4.35,0,55.27
01-08-2025 07:00,7,4,8,0,0,15.62,1.68,1,72.4
01-08-2025 08:00,8,4,8,0,0,19.95,4.68,1,69.93
01-08-2025 09:00,9,4,8,0,0,16.82,3.63,1,70.53
01-08-2025 10:00,10,4,8,0,0,30.52,4.16,0,69.37
01-08-2025 11:00,11,4,8,0,0,28.61,6.05,0,55.68
01-08-2025 12:00,12,4,8,0,0,26.93,4.81,0,46.41
01-08-2025 13:00,13,4,8,0,0,27.12,3.85,0,42.47
01-08-2025 14:00,14,4,8,0,0,28.17,2.65,0,37.28
01-08-2025 15:00,15,4,8,0,0,29.23,4.99,0,51.27
01-08-2025 16:00,16,4,8,0,0,27.16,3.95,0,52.71
01-08-2025 17:00,17,4,8,0,0,26.48,4.98,0,67.33
01-08-2025 18:00,18,4,8,0,0,30.16,2.85,1,87.05
01-08-2025 19:00,19,4,8,0,0,25.71,4.32,1,88.35
01-08-2025 20:00,20,4,8,0,0,28.62,3.8,1,103.32
01-08-2025 21:00,21,4,8,0,0,17.97,4.34,1,87.19
01-08-2025 22:00,22,4,8,0,0,17.35,3.36,0,74.23
01-08-2025 23:00,23,4,8,0,0,12.49,2.69,0,58.17
02-08-2025 00:00,0,5,8,1,0,13.54,2.71,0,24.06
02-08-2025 01:00,1,5,8,1,0,12.27,2.3,0,23.09
02-08-2025 02:00,2,5,8,1,0,13.06,3.04,0,31.13
02-08-2025 03:00,3,5,8,1,0,8.51,5.18,0,27.71
02-08-2025 04:00,4,5,8,1,0,12.05,4.52,0,31.96
02-08-2025 05:00,5,5,8,1,0,11.32,2.83,0,33.74
02-08-2025 06:00,6,5,8,1,0,6.33,5.31,0,47.23
02-08-2025 07:00,7,5,8,1,0,15.88,4.55,1,47.42
02-08-2025 08:00,8,5,8,1,0,18.59,5.55,1,52.14
02-08-2025 09:00,9,5,8,1,0,21.22,3.1,1,51.27
02-08-2025 10:00,10,5,8,1,0,21.15,3.57,0,38.82
02-08-2025 11:00,11,5,8,1,0,25.93,4.64,0,34.31
02-08-2025 12:00,12,5,8,1,0,21.82,3.39,0,33.14
02-08-2025 13:00,13,5,8,1,0,30.7,2.67,0,43.57
02-08-2025 14:00,14,5,8,1,0,31.73,4.72,0,41.77
02-08-2025 15:00,15,5,8,1,0,33.57,1.56,0,55.18
02-08-2025 16:00,16,5,8,1,0,26.26,5.1,0,39.47
02-08-2025 17:00,17,5,8,1,0,27.3,3.46,0,53.3
02-08-2025 18:00,18,5,8,1,0,24.97,2.56,1,61.77
02-08-2025 19:00,19,5,8,1,0,24.96,1.83,1,66.15
02-08-2025 20:00,20,5,8,1,0,24,4.24,1,69.04
02-08-2025 21:00,21,5,8,1,0,19.61,3.25,1,68.06
02-08-2025 22:00,22,5,8,1,0,17.24,0.5,0,58.15
02-08-2025 23:00,23,5,8,1,0,15.99,3.22,0,44.52
03-08-2025 00:00,0,6,8,1,0,10.74,4.47,0,25.72
03-08-2025 01:00,1,6,8,1,0,11.42,3.86,0,31.34
03-08-2025 02:00,2,6,8,1,0,10.72,0.5,0,22.88
03-08-2025 03:00,3,6,8,1,0,8.6,5.28,0,23.64
03-08-2025 04:00,4,6,8,1,0,10.67,3.52,0,26.75
03-08-2025 05:00,5,6,8,1,0,9.32,4.28,0,32.26
03-08-2025 06:00,6,6,8,1,0,16.9,1.06,0,47.51
03-08-2025 07:00,7,6,8,1,0,13.54,5.58,1,48.98
03-08-2025 08:00,8,6,8,1,0,17.26,3.4,1,59.4
03-08-2025 09:00,9,6,8,1,0,20.71,0.98,1,52.23
03-08-2025 10:00,10,6,8,1,0,20.55,5.29,0,39.57
03-08-2025 11:00,11,6,8,1,0,22.86,2.61,0,31.42
03-08-2025 12:00,12,6,8,1,0,25.44,5.47,0,34.37
03-08-2025 13:00,13,6,8,1,0,28.6,1.69,0,37.97
03-08-2025 14:00,14,6,8,1,0,31.19,2.7,0,48.07
03-08-2025 15:00,15,6,8,1,0,31.53,1.79,0,48.04
03-08-2025 16:00,16,6,8,1,0,26,0.83,0,41.79
03-08-2025 17:00,17,6,8,1,0,27.84,4.03,0,58.69
03-08-2025 18:00,18,6,8,1,0,27.68,3.52,1,72.13
03-08-2025 19:00,19,6,8,1,0,22.72,3.91,1,68.96
03-08-2025 20:00,20,6,8,1,0,20.18,3.65,1,70.22
03-08-2025 21:00,21,6,8,1,0,18.64,4.19,1,68.18
03-08-2025 22:00,22,6,8,1,0,15.3,3,0,52.19
03-08-2025 23:00,23,6,8,1,0,14.93,0.59,0,53.67
04-08-2025 00:00,0,0,8,0,0,11.68,3.83,0,31.77
04-08-2025 01:00,1,0,8,0,0,7.12,3.52,0,26.41
04-08-2025 02:00,2,0,8,0,0,7,6.37,0,32.32
04-08-2025 03:00,3,0,8,0,0,14.63,5.6,0,31.75
04-08-2025 04:00,4,0,8,0,0,10.9,1.33,0,29.06
04-08-2025 05:00,5,0,8,0,0,11.16,4.08,0,43.45
04-08-2025 06:00,6,0,8,0,0,10.34,3.8,0,53.26
04-08-2025 07:00,7,0,8,0,0,13.21,5.84,1,72.43
04-08-2025 08:00,8,0,8,0,0,17.96,4.14,1,69.89
04-08-2025 09:00,9,0,8,0,0,16.57,1.58,1,65.53
04-08-2025 10:00,10,0,8,0,0,22.02,2.32,0,51.19
04-08-2025 11:00,11,0,8,0,0,26.39,3.04,0,51.63
04-08-2025 12:00,12,0,8,0,0,29.1,2.56,0,49.61
04-08-2025 13:00,13,0,8,0,0,26.33,1.72,0,41.98
04-08-2025 14:00,14,0,8,0,0,28.85,0.5,0,45.73
04-08-2025 15:00,15,0,8,0,0,31.36,4.77,0,56.95
04-08-2025 16:00,16,0,8,0,0,27.23,1.04,0,53.38
04-08-2025 17:00,17,0,8,0,0,28.45,3.36,0,70.24
04-08-2025 18:00,18,0,8,0,0,25.62,3.42,1,76.31
04-08-2025 19:00,19,0,8,0,0,22.48,2.18,1,85.72
04-08-2025 20:00,20,0,8,0,0,22.41,1.84,1,88.58
04-08-2025 21:00,21,0,8,0,0,19.97,4.83,1,82.35
04-08-2025 22:00,22,0,8,0,0,16.4,4.1,0,75.22
04-08-2025 23:00,23,0,8,0,0,13.21,4.81,0,56.16
05-08-2025 00:00,0,1,8,0,0,13.33,4.45,0,33.94
05-08-2025 01:00,1,1,8,0,0,7.76,3.35,0,33.23
05-08-2025 02:00,2,1,8,0,0,12.47,3.89,0,27.3
05-08-2025 03:00,3,1,8,0,0,8.87,2.32,0,26.73
05-08-2025 04:00,4,1,8,0,0,14.38,3.5,0,36.36
05-08-2025 05:00,5,1,8,0,0,12.73,3.01,0,42.31
05-08-2025 06:00,6,1,8,0,0,15.03,4.98,0,51.57
05-08-2025 07:00,7,1,8,0,0,16.12,2.18,1,63.06
05-08-2025 08:00,8,1,8,0,0,14.17,3.04,1,74.49
05-08-2025 09:00,9,1,8,0,0,16.12,3.92,1,69.59
05-08-2025 10:00,10,1,8,0,0,23.63,6.4,0,46.92
05-08-2025 11:00,11,1,8,0,0,22.76,3.8,0,45.66
05-08-2025 12:00,12,1,8,0,0,26.46,1.53,0,43.34
05-08-2025 13:00,13,1,8,0,0,26.1,5.39,0,38.68
05-08-2025 14:00,14,1,8,0,0,27.68,2.45,0,47.2
05-08-2025 15:00,15,1,8,0,0,28.47,5.12,0,51.27
05-08-2025 16:00,16,1,8,0,0,30.77,5.82,0,61.48
05-08-2025 17:00,17,1,8,0,0,27.2,3.19,0,65.13
05-08-2025 18:00,18,1,8,0,0,22.75,2.94,1,76.82
05-08-2025 19:00,19,1,8,0,0,27.54,3.95,1,93.96
05-08-2025 20:00,20,1,8,0,0,20.93,4.2,1,90.77
05-08-2025 21:00,21,1,8,0,0,25.43,3.84,1,88.9
05-08-2025 22:00,22,1,8,0,0,16.77,0.5,0,69.34
05-08-2025 23:00,23,1,8,0,0,13.09,4.53,0,62.26
06-08-2025 00:00,0,2,8,0,0,16.72,3.01,0,29.18
06-08-2025 01:00,1,2,8,0,0,13.8,2.19,0,29.93
06-08-2025 02:00,2,2,8,0,0,12.73,2.05,0,27.14
06-08-2025 03:00,3,2,8,0,0,12.44,2.26,0,34.36
06-08-2025 04:00,4,2,8,0,0,9.56,3.84,0,36.88
06-08-2025 05:00,5,2,8,0,0,11.01,3.65,0,40.88
06-08-2025 06:00,6,2,8,0,0,11.44,3.8,0,53.21
06-08-2025 07:00,7,2,8,0,0,16.76,3.27,1,67.55
06-08-2025 08:00,8,2,8,0,0,19.64,2.99,1,73.46
06-08-2025 09:00,9,2,8,0,0,20.47,4.46,1,70.14
06-08-2025 10:00,10,2,8,0,0,21.71,1.89,0,52.24
06-08-2025 11:00,11,2,8,0,0,24.64,1.84,0,38.85
06-08-2025 12:00,12,2,8,0,0,23.14,2.19,0,38.61
06-08-2025 13:00,13,2,8,0,0,28.85,0.54,0,45.73
06-08-2025 14:00,14,2,8,0,0,31.19,4.05,0,54.24
06-08-2025 15:00,15,2,8,0,0,32.55,1.4,0,61.58
06-08-2025 16:00,16,2,8,0,0,30.32,3.22,0,54.68
06-08-2025 17:00,17,2,8,0,0,29.65,1.73,0,74.74
06-08-2025 18:00,18,2,8,0,0,27.23,3.32,1,80.86
06-08-2025 19:00,19,2,8,0,0,24.55,4.8,1,85.8
06-08-2025 20:00,20,2,8,0,0,19.71,2.43,1,90.41
06-08-2025 21:00,21,2,8,0,0,19.72,2.73,1,82.91
06-08-2025 22:00,22,2,8,0,0,20.86,1.57,0,76.66
06-08-2025 23:00,23,2,8,0,0,13.64,4.3,0,50.86
07-08-2025 00:00,0,3,8,0,0,9.82,2.86,0,30.74
07-08-2025 01:00,1,3,8,0,0,11.64,1.05,0,29.51
07-08-2025 02:00,2,3,8,0,0,10.13,4.38,0,31.01
07-08-2025 03:00,3,3,8,0,0,10.47,4.16,0,29.87
07-08-2025 04:00,4,3,8,0,0,10.97,7.18,0,30.21
07-08-2025 05:00,5,3,8,0,0,11.1,5.51,0,39.76
07-08-2025 06:00,6,3,8,0,0,14.07,6.32,0,57.24
07-08-2025 07:00,7,3,8,0,0,18.28,3.06,1,66.16
07-08-2025 08:00,8,3,8,0,0,17.18,3.1,1,69.83
07-08-2025 09:00,9,3,8,0,0,20.02,2.57,1,68.26
07-08-2025 10:00,10,3,8,0,0,23.21,3.86,0,55.61
07-08-2025 11:00,11,3,8,0,0,26.01,5.63,0,47.26
07-08-2025 12:00,12,3,8,0,0,28.7,1.33,0,50.24
07-08-2025 13:00,13,3,8,0,0,32.17,2.6,0,56.09
07-08-2025 14:00,14,3,8,0,0,31.68,2.59,0,55.35
07-08-2025 15:00,15,3,8,0,0,28.86,4.76,0,47.4
07-08-2025 16:00,16,3,8,0,0,28.82,7.36,0,61.21
07-08-2025 17:00,17,3,8,0,0,30.2,2.25,0,71.1
07-08-2025 18:00,18,3,8,0,0,24.4,2.79,1,75.21
07-08-2025 19:00,19,3,8,0,0,20.44,2.91,1,86.26
07-08-2025 20:00,20,3,8,0,0,25.38,0.59,1,92.53
07-08-2025 21:00,21,3,8,0,0,16.8,2.53,1,85.78
07-08-2025 22:00,22,3,8,0,0,18.71,3.12,0,72.84
07-08-2025 23:00,23,3,8,0,0,13.73,3.3,0,60.65
08-08-2025 00:00,0,4,8,0,0,13.44,5.55,0,32.72
08-08-2025 01:00,1,4,8,0,0,14.51,0.5,0,37.85
08-08-2025 02:00,2,4,8,0,0,11.83,2.78,0,35.69
08-08-2025 03:00,3,4,8,0,0,14.95,5.81,0,29.3
08-08-2025 04:00,4,4,8,0,0,12.23,2.11,0,26.75
08-08-2025 05:00,5,4,8,0,0,13.26,3.75,0,46.37
08-08-2025 06:00,6,4,8,0,0,13.37,4.62,0,54.78
08-08-2025 07:00,7,4,8,0,0,13.8,1.87,1,64.26
08-08-2025 08:00,8,4,8,0,0,15.33,6.01,1,72.66
08-08-2025 09:00,9,4,8,0,0,16.68,3.8,1,67.92
08-08-2025 10:00,10,4,8,0,0,22.65,4.08,0,61.54
08-08-2025 11:00,11,4,8,0,0,24.69,4.04,0,41.41
08-08-2025 12:00,12,4,8,0,0,30.45,1.72,0,48.8
08-08-2025 13:00,13,4,8,0,0,26.58,4.02,0,34.93
08-08-2025 14:00,14,4,8,0,0,33.67,4.09,0,50.73
08-08-2025 15:00,15,4,8,0,0,30.26,4.37,0,56.24
08-08-2025 16:00,16,4,8,0,0,28.43,4.43,0,60.07
08-08-2025 17:00,17,4,8,0,0,29.44,5.82,0,71.29
08-08-2025 18:00,18,4,8,0,0,25.32,3.79,1,82.14
08-08-2025 19:00,19,4,8,0,0,26.19,3.3,1,94.2
08-08-2025 20:00,20,4,8,0,0,24.64,3.85,1,87.89
08-08-2025 21:00,21,4,8,0,0,21.04,2.54,1,80.36
08-08-2025 22:00,22,4,8,0,0,17.09,2.29,0,71.64
08-08-2025 23:00,23,4,8,0,0,16.33,1.19,0,58.46
09-08-2025 00:00,0,5,8,1,0,14,4.43,0,27.31
09-08-2025 01:00,1,5,8,1,0,14.93,3.33,0,21.83
09-08-2025 02:00,2,5,8,1,0,10.88,4.73,0,25.67
09-08-2025 03:00,3,5,8,1,0,10.2,5.97,0,22.29
09-08-2025 04:00,4,5,8,1,0,17.76,4.91,0,31.36
09-08-2025 05:00,5,5,8,1,0,8.84,3.93,0,34.66
09-08-2025 06:00,6,5,8,1,0,13.16,3.58,0,43.7
09-08-2025 07:00,7,5,8,1,0,12.72,2.82,1,52.57
09-08-2025 08:00,8,5,8,1,0,18.51,5.81,1,50.68
09-08-2025 09:00,9,5,8,1,0,23.26,5.61,1,51.72
09-08-2025 10:00,10,5,8,1,0,23.44,6.35,0,47.54
09-08-2025 11:00,11,5,8,1,0,27.02,2.22,0,43.04
09-08-2025 12:00,12,5,8,1,0,24.83,2.77,0,29.15
09-08-2025 13:00,13,5,8,1,0,28.64,2.17,0,42.6
09-08-2025 14:00,14,5,8,1,0,32.33,0.5,0,47.38
09-08-2025 15:00,15,5,8,1,0,30.95,3.94,0,46.19
09-08-2025 16:00,16,5,8,1,0,29.03,6.78,0,49.07
09-08-2025 17:00,17,5,8,1,0,28.81,2.8,0,58.96
09-08-2025 18:00,18,5,8,1,0,27.72,6.37,1,70.17
09-08-2025 19:00,19,5,8,1,0,23.42,5.16,1,67.46
09-08-2025 20:00,20,5,8,1,0,25.36,1.88,1,75.39
09-08-2025 21:00,21,5,8,1,0,21.93,3.05,1,66.61
09-08-2025 22:00,22,5,8,1,0,15.52,2.2,0,64.01
09-08-2025 23:00,23,5,8,1,0,15.95,3.24,0,40.73
10-08-2025 00:00,0,6,8,1,0,12.68,1.71,0,25.49
10-08-2025 01:00,1,6,8,1,0,11.39,5.07,0,26.13
10-08-2025 02:00,2,6,8,1,0,13.09,6.02,0,26.11
10-08-2025 03:00,3,6,8,1,0,8.17,2.96,0,29.97
10-08-2025 04:00,4,6,8,1,0,10.82,4.14,0,23.25
10-08-2025 05:00,5,6,8,1,0,11.28,3.01,0,37.2
10-08-2025 06:00,6,6,8,1,0,14.7,4.44,0,46.18
10-08-2025 07:00,7,6,8,1,0,14.46,7.1,1,57.61
10-08-2025 08:00,8,6,8,1,0,19.91,5.42,1,50.5
10-08-2025 09:00,9,6,8,1,0,19.07,4.35,1,54.03
10-08-2025 10:00,10,6,8,1,0,25.35,2.05,0,51.89
10-08-2025 11:00,11,6,8,1,0,24.03,4.98,0,35.49
10-08-2025 12:00,12,6,8,1,0,29.78,5.67,0,40.56
10-08-2025 13:00,13,6,8,1,0,27.89,0.5,0,28.57
10-08-2025 14:00,14,6,8,1,0,26.02,2.92,0,27.58
10-08-2025 15:00,15,6,8,1,0,36.88,3.09,0,58.11
10-08-2025 16:00,16,6,8,1,0,30.44,1.09,0,50.13
10-08-2025 17:00,17,6,8,1,0,30.7,2.95,0,64.4
10-08-2025 18:00,18,6,8,1,0,24.6,2.03,1,59.82
10-08-2025 19:00,19,6,8,1,0,24.2,2.21,1,68.96
10-08-2025 20:00,20,6,8,1,0,25.67,2.85,1,74.28
10-08-2025 21:00,21,6,8,1,0,21.81,2.6,1,63.65
10-08-2025 22:00,22,6,8,1,0,16.57,4.3,0,57.21
10-08-2025 23:00,23,6,8,1,0,15.03,2.38,0,45.04
11-08-2025 00:00,0,0,8,0,0,8.4,4.06,0,29.73
11-08-2025 01:00,1,0,8,0,0,14.06,7.22,0,27.8
11-08-2025 02:00,2,0,8,0,0,13.71,2.45,0,32.65
11-08-2025 03:00,3,0,8,0,0,12.38,3.36,0,35.38
11-08-2025 04:00,4,0,8,0,0,7.91,3.66,0,35.56
11-08-2025 05:00,5,0,8,0,0,8.42,4.9,0,47.77
11-08-2025 06:00,6,0,8,0,0,12.06,2.85,0,58.8
11-08-2025 07:00,7,0,8,0,0,20.58,5.58,1,67.17
11-08-2025 08:00,8,0,8,0,0,19.76,4.91,1,67.95
11-08-2025 09:00,9,0,8,0,0,21.72,1.42,1,61.86
11-08-2025 10:00,10,0,8,0,0,23.11,1.64,0,52.01
11-08-2025 11:00,11,0,8,0,0,25.29,3.2,0,43.36
11-08-2025 12:00,12,0,8,0,0,29.86,3.76,0,53.51
11-08-2025 13:00,13,0,8,0,0,28.29,1.75,0,39.68
11-08-2025 14:00,14,0,8,0,0,27.04,3.87,0,42.04
11-08-2025 15:00,15,0,8,0,0,28.73,1.33,0,47.68
11-08-2025 16:00,16,0,8,0,0,29.06,2.06,0,59.01
11-08-2025 17:00,17,0,8,0,0,29.87,5.48,0,72.98
11-08-2025 18:00,18,0,8,0,0,27.01,3.23,1,85.56
11-08-2025 19:00,19,0,8,0,0,25.66,3.58,1,94.87
11-08-2025 20:00,20,0,8,0,0,22.87,3.59,1,86.89
11-08-2025 21:00,21,0,8,0,0,18.02,4.82,1,85.95
11-08-2025 22:00,22,0,8,0,0,15.25,0.83,0,77.31
11-08-2025 23:00,23,0,8,0,0,13.19,3.27,0,54.06
12-08-2025 00:00,0,1,8,0,0,14.54,3.9,0,25.34
12-08-2025 01:00,1,1,8,0,0,11.05,4.18,0,32.41
12-08-2025 02:00,2,1,8,0,0,12.34,1.53,0,30.91
12-08-2025 03:00,3,1,8,0,0,11.54,4.4,0,32.14
12-08-2025 04:00,4,1,8,0,0,8.92,3.18,0,34.4
12-08-2025 05:00,5,1,8,0,0,13.42,4.91,0,43.62
12-08-2025 06:00,6,1,8,0,0,11.89,4.18,0,59.76
12-08-2025 07:00,7,1,8,0,0,18.01,2.71,1,65.35
12-08-2025 08:00,8,1,8,0,0,18.9,2.78,1,67.93
12-08-2025 09:00,9,1,8,0,0,22.29,1.73,1,66.76
12-08-2025 10:00,10,1,8,0,0,24.66,3.51,0,58.96
12-08-2025 11:00,11,1,8,0,0,24.82,0.61,0,48.22
12-08-2025 12:00,12,1,8,0,0,25.18,4.28,0,38.44
12-08-2025 13:00,13,1,8,0,0,30.82,4.71,0,53.35
12-08-2025 14:00,14,1,8,0,0,29.63,3.04,0,43.65
12-08-2025 15:00,15,1,8,0,0,29.68,2.03,0,55.55
12-08-2025 16:00,16,1,8,0,0,32.51,6.47,0,67.58
12-08-2025 17:00,17,1,8,0,0,26.57,4.06,0,63.48
12-08-2025 18:00,18,1,8,0,0,24.78,4.77,1,68.73
12-08-2025 19:00,19,1,8,0,0,27.56,2.83,1,92.94
12-08-2025 20:00,20,1,8,0,0,23.64,3.54,1,85.69
12-08-2025 21:00,21,1,8,0,0,22,3.65,1,82.9
12-08-2025 22:00,22,1,8,0,0,14.76,3.98,0,73.72
12-08-2025 23:00,23,1,8,0,0,11.65,2.77,0,62.91
13-08-2025 00:00,0,2,8,0,0,10.88,3.5,0,29.4
13-08-2025 01:00,1,2,8,0,0,8.92,4.37,0,33.58
13-08-2025 02:00,2,2,8,0,0,12.4,3.1,0,34.57
13-08-2025 03:00,3,2,8,0,0,10.91,5.21,0,32.35
13-08-2025 04:00,4,2,8,0,0,9.2,4.02,0,32.69
13-08-2025 05:00,5,2,8,0,0,9.79,2.65,0,43.9
13-08-2025 06:00,6,2,8,0,0,10.21,2.45,0,54.14
13-08-2025 07:00,7,2,8,0,0,14.99,5.16,1,65.22
13-08-2025 08:00,8,2,8,0,0,17.44,4.17,1,70.12
13-08-2025 09:00,9,2,8,0,0,17.48,3.71,1,62.47
13-08-2025 10:00,10,2,8,0,0,23.08,0.5,0,46.46
13-08-2025 11:00,11,2,8,0,0,26.96,5.46,0,48.27
13-08-2025 12:00,12,2,8,0,0,23.63,3.12,0,34.99
13-08-2025 13:00,13,2,8,0,0,27.21,1.62,0,39.58
13-08-2025 14:00,14,2,8,0,0,28.32,3.37,0,43.41
13-08-2025 15:00,15,2,8,0,0,29.7,3.92,0,52.1
13-08-2025 16:00,16,2,8,0,0,29.31,5.12,0,56.75
13-08-2025 17:00,17,2,8,0,0,27,2.29,0,67.54
13-08-2025 18:00,18,2,8,0,0,26.48,4.39,1,79.23
13-08-2025 19:00,19,2,8,0,0,25.7,5.15,1,86.76
13-08-2025 20:00,20,2,8,0,0,23.31,0.52,1,90.16
13-08-2025 21:00,21,2,8,0,0,22.26,0.5,1,83.4
13-08-2025 22:00,22,2,8,0,0,15.38,2.3,0,76.27
13-08-2025 23:00,23,2,8,0,0,12.15,4.83,0,56.22
14-08-2025 00:00,0,3,8,0,0,14.8,4.46,0,34.86
14-08-2025 01:00,1,3,8,0,0,9.3,6.3,0,32.7
14-08-2025 02:00,2,3,8,0,0,12.85,3.39,0,30.7
14-08-2025 03:00,3,3,8,0,0,10.78,1.5,0,27.22
14-08-2025 04:00,4,3,8,0,0,7.07,3.48,0,35.7
14-08-2025 05:00,5,3,8,0,0,8.41,2.82,0,41.53
14-08-2025 06:00,6,3,8,0,0,12.62,1.85,0,49.04
14-08-2025 07:00,7,3,8,0,0,17.65,3.74,1,65.75
14-08-2025 08:00,8,3,8,0,0,14.93,2.71,1,70.9
14-08-2025 09:00,9,3,8,0,0,19.09,4.56,1,62.36
14-08-2025 10:00,10,3,8,0,0,20.68,1.15,0,47.05
14-08-2025 11:00,11,3,8,0,0,22.59,3.37,0,47.96
14-08-2025 12:00,12,3,8,0,0,25.28,5.4,0,42.89
14-08-2025 13:00,13,3,8,0,0,26.72,3.09,0,39.82
14-08-2025 14:00,14,3,8,0,0,30.41,1.91,0,47.26
14-08-2025 15:00,15,3,8,0,0,28.92,2.48,0,45.97
14-08-2025 16:00,16,3,8,0,0,30.72,1.95,0,58.05
14-08-2025 17:00,17,3,8,0,0,28.39,2.27,0,73.37
14-08-2025 18:00,18,3,8,0,0,26.22,1.94,1,82.7
14-08-2025 19:00,19,3,8,0,0,27.71,3.6,1,90.46
14-08-2025 20:00,20,3,8,0,0,26.99,3.42,1,102.92
14-08-2025 21:00,21,3,8,0,0,24.12,5.01,1,83.76
14-08-2025 22:00,22,3,8,0,0,20.04,2.94,0,72.65
14-08-2025 23:00,23,3,8,0,0,15.78,3.72,0,61.39
15-08-2025 00:00,0,4,8,0,1,13.53,4.65,0,25.27
15-08-2025 01:00,1,4,8,0,1,11.45,3.24,0,25.31
15-08-2025 02:00,2,4,8,0,1,10.35,0.8,0,29.68
15-08-2025 03:00,3,4,8,0,1,13.69,2.5,0,25.03
15-08-2025 04:00,4,4,8,0,1,14.21,3.2,0,31.03
15-08-2025 05:00,5,4,8,0,1,11.71,1.53,0,33.34
15-08-2025 06:00,6,4,8,0,1,11.75,2.3,0,43.96
15-08-2025 07:00,7,4,8,0,1,14.68,3.16,1,48.81
15-08-2025 08:00,8,4,8,0,1,19.7,3.78,1,56.52
15-08-2025 09:00,9,4,8,0,1,17.83,1.94,1,51.83
15-08-2025 10:00,10,4,8,0,1,23.72,1.56,0,45.05
15-08-2025 11:00,11,4,8,0,1,27.51,0.75,0,47.81
15-08-2025 12:00,12,4,8,0,1,26.04,4.94,0,28.71
15-08-2025 13:00,13,4,8,0,1,30.54,6.24,0,43.41
15-08-2025 14:00,14,4,8,0,1,29.62,1.07,0,32.91
15-08-2025 15:00,15,4,8,0,1,29.5,0.5,0,43.84
15-08-2025 16:00,16,4,8,0,1,25.16,4.56,0,41.49
15-08-2025 17:00,17,4,8,0,1,25.47,3.27,0,50.53
15-08-2025 18:00,18,4,8,0,1,23.38,2.07,1,54.55
15-08-2025 19:00,19,4,8,0,1,25.01,2.67,1,70.87
15-08-2025 20:00,20,4,8,0,1,23.08,3.72,1,66.7
15-08-2025 21:00,21,4,8,0,1,19.83,2.65,1,70.47
15-08-2025 22:00,22,4,8,0,1,17.6,1.83,0,52.74
15-08-2025 23:00,23,4,8,0,1,12.94,6.47,0,44.68
16-08-2025 00:00,0,5,8,1,0,13.66,4.93,0,22.58
16-08-2025 01:00,1,5,8,1,0,10.44,3.61,0,19.08
16-08-2025 02:00,2,5,8,1,0,11.57,3.58,0,23.09
16-08-2025 03:00,3,5,8,1,0,8.66,3.05,0,25.92
16-08-2025 04:00,4,5,8,1,0,8.24,4.53,0,27.83
16-08-2025 05:00,5,5,8,1,0,11.63,3.42,0,29.98
16-08-2025 06:00,6,5,8,1,0,12.39,2.19,0,44.6
16-08-2025 07:00,7,5,8,1,0,14.73,4.04,1,52.8
16-08-2025 08:00,8,5,8,1,0,18.77,4.15,1,54.34
16-08-2025 09:00,9,5,8,1,0,20.6,3.73,1,46
16-08-2025 10:00,10,5,8,1,0,22.03,3.38,0,44.71
16-08-2025 11:00,11,5,8,1,0,25.84,1.62,0,41.8
16-08-2025 12:00,12,5,8,1,0,27.61,1.37,0,40.7
16-08-2025 13:00,13,5,8,1,0,28.68,3.85,0,39.61
16-08-2025 14:00,14,5,8,1,0,29.54,2.24,0,34.37
16-08-2025 15:00,15,5,8,1,0,29.71,3.1,0,39.63
16-08-2025 16:00,16,5,8,1,0,33.19,3.91,0,61.55
16-08-2025 17:00,17,5,8,1,0,28.71,3.96,0,59.72
16-08-2025 18:00,18,5,8,1,0,28.31,5.46,1,67.76
16-08-2025 19:00,19,5,8,1,0,24.08,3.42,1,71.45
16-08-2025 20:00,20,5,8,1,0,26.48,3.49,1,71.44
16-08-2025 21:00,21,5,8,1,0,18.7,2.11,1,69.91
16-08-2025 22:00,22,5,8,1,0,15.55,5.04,0,55.52
16-08-2025 23:00,23,5,8,1,0,13.25,3.88,0,46.24
17-08-2025 00:00,0,6,8,1,0,13.43,2.84,0,23.32
17-08-2025 01:00,1,6,8,1,0,8.93,3.88,0,24.95
17-08-2025 02:00,2,6,8,1,0,8.67,3.82,0,28.35
17-08-2025 03:00,3,6,8,1,0,9.29,4.4,0,25.1
17-08-2025 04:00,4,6,8,1,0,8.03,3.07,0,31.35
17-08-2025 05:00,5,6,8,1,0,12.73,2.96,0,39.3
17-08-2025 06:00,6,6,8,1,0,15.63,2.01,0,41.78
17-08-2025 07:00,7,6,8,1,0,16.46,5.83,1,49.73
17-08-2025 08:00,8,6,8,1,0,19.03,3.71,1,54.9
17-08-2025 09:00,9,6,8,1,0,18.4,4.05,1,49.96
17-08-2025 10:00,10,6,8,1,0,24.28,2.81,0,42.52
17-08-2025 11:00,11,6,8,1,0,27.75,3.09,0,39.26
17-08-2025 12:00,12,6,8,1,0,21.86,6.62,0,21.76
17-08-2025 13:00,13,6,8,1,0,27.98,2.82,0,33.69
17-08-2025 14:00,14,6,8,1,0,28.65,3.19,0,37.19
17-08-2025 15:00,15,6,8,1,0,30.83,5.62,0,43.63
17-08-2025 16:00,16,6,8,1,0,27.44,4.87,0,39.91
17-08-2025 17:00,17,6,8,1,0,28.64,4.86,0,57.37
17-08-2025 18:00,18,6,8,1,0,25.89,1.89,1,61.21
17-08-2025 19:00,19,6,8,1,0,22.2,3.7,1,65.45
17-08-2025 20:00,20,6,8,1,0,24.14,3.26,1,70.45
17-08-2025 21:00,21,6,8,1,0,18.86,6.66,1,65.41
17-08-2025 22:00,22,6,8,1,0,17.16,2.94,0,60.73
17-08-2025 23:00,23,6,8,1,0,16.67,3.04,0,45.79
18-08-2025 00:00,0,0,8,0,0,12.83,2.8,0,30.55
18-08-2025 01:00,1,0,8,0,0,12.94,3.9,0,33.1
18-08-2025 02:00,2,0,8,0,0,6.89,4.99,0,31.44
18-08-2025 03:00,3,0,8,0,0,10.32,3.14,0,37
18-08-2025 04:00,4,0,8,0,0,10.31,5.16,0,33.71
18-08-2025 05:00,5,0,8,0,0,13.61,3.87,0,43.97
18-08-2025 06:00,6,0,8,0,0,12.93,4.62,0,55
18-08-2025 07:00,7,0,8,0,0,13.76,3.64,1,60.02
18-08-2025 08:00,8,0,8,0,0,17.93,2.09,1,68.58
18-08-2025 09:00,9,0,8,0,0,20.44,4.83,1,67.24
18-08-2025 10:00,10,0,8,0,0,22.76,4.11,0,55.16
18-08-2025 11:00,11,0,8,0,0,22.12,5.43,0,42.43
18-08-2025 12:00,12,0,8,0,0,26.94,2.42,0,42.36
18-08-2025 13:00,13,0,8,0,0,28.26,4.2,0,42.71
18-08-2025 14:00,14,0,8,0,0,30,2.25,0,42.63
18-08-2025 15:00,15,0,8,0,0,30.01,3.28,0,50.5
18-08-2025 16:00,16,0,8,0,0,28.87,5.33,0,56.73
18-08-2025 17:00,17,0,8,0,0,29.58,2.41,0,74.09
18-08-2025 18:00,18,0,8,0,0,27.85,2.68,1,79.06
18-08-2025 19:00,19,0,8,0,0,26.43,2.88,1,91.14
18-08-2025 20:00,20,0,8,0,0,20.6,1.55,1,90.59
18-08-2025 21:00,21,0,8,0,0,19.86,7.71,1,78.08
18-08-2025 22:00,22,0,8,0,0,14.71,5.48,0,70.82
18-08-2025 23:00,23,0,8,0,0,19.15,1.11,0,57.84
19-08-2025 00:00,0,1,8,0,0,12.34,3.66,0,28.13
19-08-2025 01:00,1,1,8,0,0,10.09,4.02,0,26.81
19-08-2025 02:00,2,1,8,0,0,7.72,1.99,0,32.18
19-08-2025 03:00,3,1,8,0,0,12.12,4.38,0,28.55
19-08-2025 04:00,4,1,8,0,0,11.56,2.57,0,30.94
19-08-2025 05:00,5,1,8,0,0,8.86,2.31,0,43.42
19-08-2025 06:00,6,1,8,0,0,12.95,3.41,0,52.36
19-08-2025 07:00,7,1,8,0,0,14.73,3.73,1,66.08
19-08-2025 08:00,8,1,8,0,0,18.29,2.52,1,69.17
19-08-2025 09:00,9,1,8,0,0,22.23,2.87,1,62.01
19-08-2025 10:00,10,1,8,0,0,24.19,2.26,0,57.02
19-08-2025 11:00,11,1,8,0,0,25.4,5.72,0,47.82
19-08-2025 12:00,12,1,8,0,0,27.59,4.53,0,38.42
19-08-2025 13:00,13,1,8,0,0,28.63,4.16,0,52.99
19-08-2025 14:00,14,1,8,0,0,34.83,2.2,0,61.84
19-08-2025 15:00,15,1,8,0,0,30.56,4.67,0,57.24
19-08-2025 16:00,16,1,8,0,0,28.13,2.84,0,57.73
19-08-2025 17:00,17,1,8,0,0,30.45,4.14,0,76.53
19-08-2025 18:00,18,1,8,0,0,25.88,3.69,1,77.49
19-08-2025 19:00,19,1,8,0,0,20.86,4.74,1,83.25
19-08-2025 20:00,20,1,8,0,0,22.84,1.38,1,89.17
19-08-2025 21:00,21,1,8,0,0,21.1,3.5,1,82.64
19-08-2025 22:00,22,1,8,0,0,15.95,3.71,0,73.27
19-08-2025 23:00,23,1,8,0,0,14,4.36,0,59
20-08-2025 00:00,0,2,8,0,0,10.95,5.64,0,32.83
20-08-2025 01:00,1,2,8,0,0,9.5,2.02,0,33.37
20-08-2025 02:00,2,2,8,0,0,8.04,4.19,0,36.01
20-08-2025 03:00,3,2,8,0,0,11.01,3.57,0,31.51
20-08-2025 04:00,4,2,8,0,0,11.62,0.5,0,35.32
20-08-2025 05:00,5,2,8,0,0,10.86,4.94,0,40.06
20-08-2025 06:00,6,2,8,0,0,11.18,5.26,0,55.49
20-08-2025 07:00,7,2,8,0,0,15.16,4.08,1,67.31
20-08-2025 08:00,8,2,8,0,0,19.54,1.82,1,69.15
20-08-2025 09:00,9,2,8,0,0,19.35,1.46,1,66.22
20-08-2025 10:00,10,2,8,0,0,22.9,4.75,0,51.96
20-08-2025 11:00,11,2,8,0,0,26.17,3.49,0,55.07
20-08-2025 12:00,12,2,8,0,0,28.7,3.51,0,45.07
20-08-2025 13:00,13,2,8,0,0,28.24,2.95,0,40.64
20-08-2025 14:00,14,2,8,0,0,28.77,2.5,0,46.62
20-08-2025 15:00,15,2,8,0,0,26.89,4.11,0,42.82
20-08-2025 16:00,16,2,8,0,0,32.58,3.46,0,68.8
20-08-2025 17:00,17,2,8,0,0,27.82,1.66,0,69.86
20-08-2025 18:00,18,2,8,0,0,28.87,2.45,1,84.27
20-08-2025 19:00,19,2,8,0,0,27.47,3.32,1,96.21
20-08-2025 20:00,20,2,8,0,0,19.03,1.21,1,89.76
20-08-2025 21:00,21,2,8,0,0,20.33,4.41,1,89.07
20-08-2025 22:00,22,2,8,0,0,17.08,4.02,0,70.98
20-08-2025 23:00,23,2,8,0,0,14.84,4.74,0,64.97
21-08-2025 00:00,0,3,8,0,0,13.1,6.11,0,33.62
21-08-2025 01:00,1,3,8,0,0,13.64,2.81,0,31.56
21-08-2025 02:00,2,3,8,0,0,8.77,3.9,0,27.12
21-08-2025 03:00,3,3,8,0,0,6.82,3.32,0,28.5
21-08-2025 04:00,4,3,8,0,0,14.49,3.26,0,34.3
21-08-2025 05:00,5,3,8,0,0,10.26,3.33,0,37.31
21-08-2025 06:00,6,3,8,0,0,14.48,3.38,0,57.95
21-08-2025 07:00,7,3,8,0,0,11.24,3.03,1,65.02
21-08-2025 08:00,8,3,8,0,0,18.33,1.18,1,70.16
21-08-2025 09:00,9,3,8,0,0,23.43,0.5,1,64
21-08-2025 10:00,10,3,8,0,0,22.94,3.07,0,52.05
21-08-2025 11:00,11,3,8,0,0,28.45,3.51,0,52.54
21-08-2025 12:00,12,3,8,0,0,31.88,2.36,0,55.25
21-08-2025 13:00,13,3,8,0,0,30.8,0.98,0,54.26
21-08-2025 14:00,14,3,8,0,0,31.37,3.65,0,51.72
21-08-2025 15:00,15,3,8,0,0,28.47,3.32,0,43.48
21-08-2025 16:00,16,3,8,0,0,31.4,2.71,0,64.78
21-08-2025 17:00,17,3,8,0,0,30.04,1.5,0,75.95
21-08-2025 18:00,18,3,8,0,0,26.03,4.12,1,79.77
21-08-2025 19:00,19,3,8,0,0,24.24,3.04,1,88.33
21-08-2025 20:00,20,3,8,0,0,20.55,2.79,1,87.72
21-08-2025 21:00,21,3,8,0,0,23.66,2.04,1,88.01
21-08-2025 22:00,22,3,8,0,0,16.45,3.43,0,70.86
21-08-2025 23:00,23,3,8,0,0,16.03,7.32,0,58.66
22-08-2025 00:00,0,4,8,0,0,14.43,2.49,0,30.78
22-08-2025 01:00,1,4,8,0,0,9.36,0.94,0,31.23
22-08-2025 02:00,2,4,8,0,0,11.27,1.18,0,30.7
22-08-2025 03:00,3,4,8,0,0,10.73,5.25,0,30.79
22-08-2025 04:00,4,4,8,0,0,13.89,6.11,0,38.42
22-08-2025 05:00,5,4,8,0,0,10.36,4.68,0,40.88
22-08-2025 06:00,6,4,8,0,0,11.07,4.99,0,50.87
22-08-2025 07:00,7,4,8,0,0,17.48,0.58,1,67.06
22-08-2025 08:00,8,4,8,0,0,21.95,5.68,1,63.22
22-08-2025 09:00,9,4,8,0,0,19.85,4.67,1,63.43
22-08-2025 10:00,10,4,8,0,0,22.53,5.5,0,56.28
22-08-2025 11:00,11,4,8,0,0,27.04,3.65,0,51.8
22-08-2025 12:00,12,4,8,0,0,29.12,3.01,0,48.81
22-08-2025 13:00,13,4,8,0,0,30.07,5.46,0,53.35
22-08-2025 14:00,14,4,8,0,0,30.86,7.27,0,49.36
22-08-2025 15:00,15,4,8,0,0,34.21,1.26,0,60.96
22-08-2025 16:00,16,4,8,0,0,32.57,5.89,0,62.97
22-08-2025 17:00,17,4,8,0,0,29.14,1.75,0,70.49
22-08-2025 18:00,18,4,8,0,0,25.89,3,1,78.77
22-08-2025 19:00,19,4,8,0,0,26.33,3.81,1,99.12
22-08-2025 20:00,20,4,8,0,0,24.26,2.7,1,89.31
22-08-2025 21:00,21,4,8,0,0,20.22,6.06,1,93.61
22-08-2025 22:00,22,4,8,0,0,18.25,4.45,0,69.41
22-08-2025 23:00,23,4,8,0,0,18.8,4.58,0,57.98
23-08-2025 00:00,0,5,8,1,0,14.79,3.3,0,24.25
23-08-2025 01:00,1,5,8,1,0,10.62,2.99,0,26.08
23-08-2025 02:00,2,5,8,1,0,8.1,4.4,0,25.65
23-08-2025 03:00,3,5,8,1,0,10.02,2.81,0,25.88
23-08-2025 04:00,4,5,8,1,0,7.81,5.84,0,28.87
23-08-2025 05:00,5,5,8,1,0,12.25,3.38,0,35.47
23-08-2025 06:00,6,5,8,1,0,11.62,4.5,0,41.87
23-08-2025 07:00,7,5,8,1,0,13.39,3.17,1,55.55
23-08-2025 08:00,8,5,8,1,0,16.15,1.95,1,55.08
23-08-2025 09:00,9,5,8,1,0,18.67,4.5,1,50.13
23-08-2025 10:00,10,5,8,1,0,22.94,1.62,0,40.59
23-08-2025 11:00,11,5,8,1,0,25.44,4.21,0,41.54
23-08-2025 12:00,12,5,8,1,0,23.95,2.28,0,30.96
23-08-2025 13:00,13,5,8,1,0,25.9,5.4,0,28.37
23-08-2025 14:00,14,5,8,1,0,26.98,5.4,0,35.01
23-08-2025 15:00,15,5,8,1,0,27.15,2.24,0,30.81
23-08-2025 16:00,16,5,8,1,0,27.33,3.39,0,41.92
23-08-2025 17:00,17,5,8,1,0,29.2,6.38,0,63.37
23-08-2025 18:00,18,5,8,1,0,27.6,5.42,1,61.64
23-08-2025 19:00,19,5,8,1,0,27.95,3.95,1,78.82
23-08-2025 20:00,20,5,8,1,0,22.89,4.03,1,76.37
23-08-2025 21:00,21,5,8,1,0,20.71,3.6,1,68.76
23-08-2025 22:00,22,5,8,1,0,18.24,6.58,0,52.75
23-08-2025 23:00,23,5,8,1,0,16.41,4.46,0,48.15
24-08-2025 00:00,0,6,8,1,0,15.5,1.6,0,18.34
24-08-2025 01:00,1,6,8,1,0,13.24,3.57,0,21.58
24-08-2025 02:00,2,6,8,1,0,12.59,1.44,0,22.43
24-08-2025 03:00,3,6,8,1,0,7.21,3.33,0,30.88
24-08-2025 04:00,4,6,8,1,0,10.02,4.26,0,30.4
24-08-2025 05:00,5,6,8,1,0,9.94,4.79,0,36.6
24-08-2025 06:00,6,6,8,1,0,14.32,1.63,0,42.63
24-08-2025 07:00,7,6,8,1,0,13.5,1.7,1,50.87
24-08-2025 08:00,8,6,8,1,0,16.07,4.57,1,58.8
24-08-2025 09:00,9,6,8,1,0,24.09,4.67,1,50.46
24-08-2025 10:00,10,6,8,1,0,25.78,3.56,0,49.84
24-08-2025 11:00,11,6,8,1,0,26.64,5.05,0,43.1
24-08-2025 12:00,12,6,8,1,0,28.54,5.36,0,34.28
24-08-2025 13:00,13,6,8,1,0,26.17,1.99,0,29.15
24-08-2025 14:00,14,6,8,1,0,31.02,4.44,0,46.14
24-08-2025 15:00,15,6,8,1,0,25.11,4.4,0,31.76
24-08-2025 16:00,16,6,8,1,0,28.33,4.58,0,42.81
24-08-2025 17:00,17,6,8,1,0,30.54,3.15,0,63.77
24-08-2025 18:00,18,6,8,1,0,26.87,3.62,1,66.78
24-08-2025 19:00,19,6,8,1,0,25.79,3.57,1,66.31
24-08-2025 20:00,20,6,8,1,0,20.65,4.76,1,64.45
24-08-2025 21:00,21,6,8,1,0,20.87,5.26,1,67.24
24-08-2025 22:00,22,6,8,1,0,17.79,4.28,0,59.94
24-08-2025 23:00,23,6,8,1,0,16.52,1.63,0,47.55
25-08-2025 00:00,0,0,8,0,0,11.64,4.82,0,27.74
25-08-2025 01:00,1,0,8,0,0,12.7,4.5,0,35.6
25-08-2025 02:00,2,0,8,0,0,9.22,3.45,0,26.17
25-08-2025 03:00,3,0,8,0,0,10.03,4.94,0,32.87
25-08-2025 04:00,4,0,8,0,0,7.65,2.84,0,33.95
25-08-2025 05:00,5,0,8,0,0,10.39,3.57,0,41.57
25-08-2025 06:00,6,0,8,0,0,16.01,4.45,0,59.15
25-08-2025 07:00,7,0,8,0,0,13.21,4.18,1,56.01
25-08-2025 08:00,8,0,8,0,0,15.33,2.03,1,73.32
25-08-2025 09:00,9,0,8,0,0,22.53,3.92,1,62.89
25-08-2025 10:00,10,0,8,0,0,16.96,3.81,0,57.58
25-08-2025 11:00,11,0,8,0,0,27.84,2.41,0,54.38
25-08-2025 12:00,12,0,8,0,0,27.85,4.04,0,45.24
25-08-2025 13:00,13,0,8,0,0,27.85,2.66,0,42.42
25-08-2025 14:00,14,0,8,0,0,27.05,1.49,0,42.92
25-08-2025 15:00,15,0,8,0,0,32.11,4.93,0,57.56
25-08-2025 16:00,16,0,8,0,0,28.96,5.12,0,61.79
25-08-2025 17:00,17,0,8,0,0,27.15,1.56,0,66.96
25-08-2025 18:00,18,0,8,0,0,27.08,2.08,1,80.94
25-08-2025 19:00,19,0,8,0,0,22.89,3.48,1,88.98
25-08-2025 20:00,20,0,8,0,0,20.93,5.78,1,91.03
25-08-2025 21:00,21,0,8,0,0,20.07,6.11,1,81.77
25-08-2025 22:00,22,0,8,0,0,17.07,0.5,0,72.87
25-08-2025 23:00,23,0,8,0,0,16.7,5.13,0,64.08
26-08-2025 00:00,0,1,8,0,0,13.26,4.59,0,25.08
26-08-2025 01:00,1,1,8,0,0,8.46,4.14,0,28.54
26-08-2025 02:00,2,1,8,0,0,6.32,3.83,0,28.77
26-08-2025 03:00,3,1,8,0,0,10.3,4.75,0,28.91
26-08-2025 04:00,4,1,8,0,0,9.73,1.94,0,35.11
26-08-2025 05:00,5,1,8,0,0,8.88,6.14,0,44.86
26-08-2025 06:00,6,1,8,0,0,13.73,2.63,0,53.48
26-08-2025 07:00,7,1,8,0,0,14.08,0.61,1,60.73
26-08-2025 08:00,8,1,8,0,0,19.37,0.5,1,72.15
26-08-2025 09:00,9,1,8,0,0,17.7,5.24,1,63.91
26-08-2025 10:00,10,1,8,0,0,20.54,7.97,0,56.44
26-08-2025 11:00,11,1,8,0,0,25.39,3.13,0,45.86
26-08-2025 12:00,12,1,8,0,0,30.59,4.27,0,53.01
26-08-2025 13:00,13,1,8,0,0,23.75,3.14,0,33.09
26-08-2025 14:00,14,1,8,0,0,27.01,3.75,0,39.62
26-08-2025 15:00,15,1,8,0,0,31.17,4.45,0,56.66
26-08-2025 16:00,16,1,8,0,0,25.17,5.23,0,50.26
26-08-2025 17:00,17,1,8,0,0,28.72,0.77,0,67.67
26-08-2025 18:00,18,1,8,0,0,24.98,5.83,1,74.13
26-08-2025 19:00,19,1,8,0,0,26.45,2.18,1,91.89
26-08-2025 20:00,20,1,8,0,0,21.86,2.09,1,91.71
26-08-2025 21:00,21,1,8,0,0,23.12,3.72,1,87.3
26-08-2025 22:00,22,1,8,0,0,13.62,2.22,0,69.24
26-08-2025 23:00,23,1,8,0,0,11.84,3.95,0,60.71
27-08-2025 00:00,0,2,8,0,0,14.26,4.38,0,30.7
27-08-2025 01:00,1,2,8,0,0,11.71,5.02,0,30.63
27-08-2025 02:00,2,2,8,0,0,10.76,4.36,0,32.47
27-08-2025 03:00,3,2,8,0,0,6.21,4.19,0,30.82
27-08-2025 04:00,4,2,8,0,0,12.43,6.07,0,37.52
27-08-2025 05:00,5,2,8,0,0,13.28,0.93,0,42.72
27-08-2025 06:00,6,2,8,0,0,13.64,3.16,0,58.77
27-08-2025 07:00,7,2,8,0,0,15.91,3.21,1,60.24
27-08-2025 08:00,8,2,8,0,0,19.21,5.59,1,70.94
27-08-2025 09:00,9,2,8,0,0,20.78,4,1,68.68
27-08-2025 10:00,10,2,8,0,0,23.2,4.52,0,51.44
27-08-2025 11:00,11,2,8,0,0,26.26,3.17,0,46.21
27-08-2025 12:00,12,2,8,0,0,28.45,0.82,0,49.39
27-08-2025 13:00,13,2,8,0,0,28.91,5.43,0,38.62
27-08-2025 14:00,14,2,8,0,0,30.83,4.49,0,49.9
27-08-2025 15:00,15,2,8,0,0,27.18,3.92,0,36.81
27-08-2025 16:00,16,2,8,0,0,27.24,4.39,0,52.46
27-08-2025 17:00,17,2,8,0,0,28.96,1.53,0,69.94
27-08-2025 18:00,18,2,8,0,0,28.59,3.04,1,87.13
27-08-2025 19:00,19,2,8,0,0,25.76,1.09,1,88.56
27-08-2025 20:00,20,2,8,0,0,20.66,2.67,1,93.9
27-08-2025 21:00,21,2,8,0,0,20.7,2.17,1,90.82
27-08-2025 22:00,22,2,8,0,0,17.6,3.68,0,70.6
27-08-2025 23:00,23,2,8,0,0,16.88,4.21,0,59.7
28-08-2025 00:00,0,3,8,0,0,12.07,4.44,0,29.88
28-08-2025 01:00,1,3,8,0,0,8.53,1.7,0,28.69
28-08-2025 02:00,2,3,8,0,0,7.89,3.09,0,30.6
28-08-2025 03:00,3,3,8,0,0,9.54,3.79,0,32.32
28-08-2025 04:00,4,3,8,0,0,11.07,2.6,0,31.58
28-08-2025 05:00,5,3,8,0,0,15.11,2.42,0,46.64
28-08-2025 06:00,6,3,8,0,0,11.47,5.71,0,57.23
28-08-2025 07:00,7,3,8,0,0,14.74,4.28,1,65.99
28-08-2025 08:00,8,3,8,0,0,14.7,3.47,1,68.37
28-08-2025 09:00,9,3,8,0,0,20.53,4.86,1,66.74
28-08-2025 10:00,10,3,8,0,0,24.53,4.71,0,54.41
28-08-2025 11:00,11,3,8,0,0,23.94,4.58,0,50.48
28-08-2025 12:00,12,3,8,0,0,26.09,2.74,0,39.13
28-08-2025 13:00,13,3,8,0,0,30.32,5.39,0,51.25
28-08-2025 14:00,14,3,8,0,0,31.1,1.97,0,52.06
28-08-2025 15:00,15,3,8,0,0,25.69,3.85,0,45.05
28-08-2025 16:00,16,3,8,0,0,31.67,3.75,0,68.46
28-08-2025 17:00,17,3,8,0,0,29.85,1.82,0,72.33
28-08-2025 18:00,18,3,8,0,0,26.18,3.65,1,77.82
28-08-2025 19:00,19,3,8,0,0,24.11,4.99,1,81.68
28-08-2025 20:00,20,3,8,0,0,19.32,3.7,1,84.52
28-08-2025 21:00,21,3,8,0,0,18.17,1.7,1,86.25
28-08-2025 22:00,22,3,8,0,0,15,2.33,0,68.02
28-08-2025 23:00,23,3,8,0,0,9.79,2.95,0,60.24
29-08-2025 00:00,0,4,8,0,0,11.08,3.73,0,33.25
29-08-2025 01:00,1,4,8,0,0,14.85,2.8,0,26.64
29-08-2025 02:00,2,4,8,0,0,10.55,2.33,0,34.86
29-08-2025 03:00,3,4,8,0,0,10.81,3.88,0,30.58
29-08-2025 04:00,4,4,8,0,0,10.92,3.41,0,36.21
29-08-2025 05:00,5,4,8,0,0,13.34,5.67,0,44.76
29-08-2025 06:00,6,4,8,0,0,11.64,2.63,0,57.02
29-08-2025 07:00,7,4,8,0,0,14.99,3.1,1,64.76
29-08-2025 08:00,8,4,8,0,0,16.8,5.01,1,65.22
29-08-2025 09:00,9,4,8,0,0,20.95,0.74,1,65.83
29-08-2025 10:00,10,4,8,0,0,23.72,1.49,0,55.67
29-08-2025 11:00,11,4,8,0,0,23.57,2.84,0,42.18
29-08-2025 12:00,12,4,8,0,0,29.76,3.27,0,52.08
29-08-2025 13:00,13,4,8,0,0,28.51,3.81,0,45.23
29-08-2025 14:00,14,4,8,0,0,29.89,2.32,0,50.87
29-08-2025 15:00,15,4,8,0,0,29.36,3.23,0,52.25
29-08-2025 16:00,16,4,8,0,0,27.6,5.62,0,55.66
29-08-2025 17:00,17,4,8,0,0,28.05,1.35,0,69.65
29-08-2025 18:00,18,4,8,0,0,30.37,2.04,1,86.52
29-08-2025 19:00,19,4,8,0,0,25.94,2.53,1,92.44
29-08-2025 20:00,20,4,8,0,0,24.71,5.02,1,94.94
29-08-2025 21:00,21,4,8,0,0,21.1,3.9,1,90.11
29-08-2025 22:00,22,4,8,0,0,17.31,2.62,0,72.76
29-08-2025 23:00,23,4,8,0,0,16.06,5.97,0,63.06
30-08-2025 00:00,0,5,8,1,0,10.88,4.57,0,23.64
30-08-2025 01:00,1,5,8,1,0,10.14,5.32,0,23.91
30-08-2025 02:00,2,5,8,1,0,9.55,3.87,0,24.78
30-08-2025 03:00,3,5,8,1,0,9.08,3.35,0,25.22
30-08-2025 04:00,4,5,8,1,0,11.69,6.44,0,26.52
30-08-2025 05:00,5,5,8,1,0,8.37,4.86,0,36.36
30-08-2025 06:00,6,5,8,1,0,12.9,1.55,0,43.28
30-08-2025 07:00,7,5,8,1,0,17.9,2.99,1,54.09
30-08-2025 08:00,8,5,8,1,0,16.55,2.45,1,51.7
30-08-2025 09:00,9,5,8,1,0,18.65,2.28,1,52.13
30-08-2025 10:00,10,5,8,1,0,23,2.68,0,39.69
30-08-2025 11:00,11,5,8,1,0,24.74,3.58,0,40.74
30-08-2025 12:00,12,5,8,1,0,28.93,3.12,0,48.01
30-08-2025 13:00,13,5,8,1,0,27.37,4.24,0,38.15
30-08-2025 14:00,14,5,8,1,0,30.42,1.88,0,40.78
30-08-2025 15:00,15,5,8,1,0,32.61,2.88,0,46.72
30-08-2025 16:00,16,5,8,1,0,25.77,3.29,0,47.45
30-08-2025 17:00,17,5,8,1,0,28.56,0.5,0,59.02
30-08-2025 18:00,18,5,8,1,0,26.54,1.18,1,65.45
30-08-2025 19:00,19,5,8,1,0,23.81,3.72,1,71.06
30-08-2025 20:00,20,5,8,1,0,23.37,3.84,1,67.16
30-08-2025 21:00,21,5,8,1,0,18.21,2.74,1,63.99
30-08-2025 22:00,22,5,8,1,0,18.12,2.06,0,58.01
30-08-2025 23:00,23,5,8,1,0,16.24,4.81,0,50.45
31-08-2025 00:00,0,6,8,1,0,13.65,4.15,0,24.73
31-08-2025 01:00,1,6,8,1,0,15.56,3.12,0,27.67
31-08-2025 02:00,2,6,8,1,0,10.29,3.95,0,25.32
31-08-2025 03:00,3,6,8,1,0,14.36,3.2,0,23.06
31-08-2025 04:00,4,6,8,1,0,10.62,3.61,0,30.85
31-08-2025 05:00,5,6,8,1,0,8.34,4.98,0,36.31
31-08-2025 06:00,6,6,8,1,0,13.53,2.57,0,38.59
31-08-2025 07:00,7,6,8,1,0,13.59,5.12,1,50.67
31-08-2025 08:00,8,6,8,1,0,15.29,5.53,1,54.12
31-08-2025 09:00,9,6,8,1,0,19.69,1.33,1,49.8
31-08-2025 10:00,10,6,8,1,0,25.18,1.77,0,46.53
31-08-2025 11:00,11,6,8,1,0,27.82,5.8,0,42.85
31-08-2025 12:00,12,6,8,1,0,27.2,4.85,0,34.83
31-08-2025 13:00,13,6,8,1,0,26.71,1.56,0,30.23
31-08-2025 14:00,14,6,8,1,0,27.62,1.87,0,39.3
31-08-2025 15:00,15,6,8,1,0,31.54,4.43,0,47.84
31-08-2025 16:00,16,6,8,1,0,32.65,3.41,0,60.22
31-08-2025 17:00,17,6,8,1,0,28.35,6.85,0,54.35
31-08-2025 18:00,18,6,8,1,0,29.93,2.2,1,72
31-08-2025 19:00,19,6,8,1,0,24.68,4.83,1,65.52
31-08-2025 20:00,20,6,8,1,0,22.81,5.1,1,72.71
31-08-2025 21:00,21,6,8,1,0,18.8,4.39,1,68
31-08-2025 22:00,22,6,8,1,0,19.56,4.31,0,53.62
31-08-2025 23:00,23,6,8,1,0,14.04,2.64,0,47.45
01-09-2025 00:00,0,0,9,0,0,14.6,4.21,0,28.7
01-09-2025 01:00,1,0,9,0,0,10.84,3.59,0,28.55
01-09-2025 02:00,2,0,9,0,0,8.8,3.27,0,35.07
01-09-2025 03:00,3,0,9,0,0,9.34,5.01,0,32.04
01-09-2025 04:00,4,0,9,0,0,9.34,5.87,0,32.66
01-09-2025 05:00,5,0,9,0,0,13.58,2.54,0,45.24
01-09-2025 06:00,6,0,9,0,0,14.18,4.39,0,51.91
01-09-2025 07:00,7,0,9,0,0,15.65,2.43,1,63.12
01-09-2025 08:00,8,0,9,0,0,18.58,1.91,1,72.16
01-09-2025 09:00,9,0,9,0,0,21.49,2.03,1,64.51
01-09-2025 10:00,10,0,9,0,0,24.3,4.47,0,54.58
01-09-2025 11:00,11,0,9,0,0,21.17,3.8,0,40.49
01-09-2025 12:00,12,0,9,0,0,24.77,2.99,0,34.15
01-09-2025 13:00,13,0,9,0,0,28.15,3.63,0,44.08
01-09-2025 14:00,14,0,9,0,0,29.85,1.06,0,43.29
01-09-2025 15:00,15,0,9,0,0,30.8,1.67,0,52.41
01-09-2025 16:00,16,0,9,0,0,30.91,1.03,0,63.42
01-09-2025 17:00,17,0,9,0,0,26.5,1.97,0,63.81
01-09-2025 18:00,18,0,9,0,0,27.01,3.59,1,78.23
01-09-2025 19:00,19,0,9,0,0,25.99,5.79,1,93.14
01-09-2025 20:00,20,0,9,0,0,21.61,2.66,1,91.44
01-09-2025 21:00,21,0,9,0,0,22.21,5.4,1,85.68
01-09-2025 22:00,22,0,9,0,0,23.77,3.82,0,74.42
01-09-2025 23:00,23,0,9,0,0,13.06,2.48,0,58.72
02-09-2025 00:00,0,1,9,0,0,13.26,1.8,0,27.45
02-09-2025 01:00,1,1,9,0,0,12.45,4.91,0,29.8
02-09-2025 02:00,2,1,9,0,0,10.92,5.46,0,27.6
02-09-2025 03:00,3,1,9,0,0,10.07,3,0,31.03
02-09-2025 04:00,4,1,9,0,0,9.66,5.82,0,38.45
02-09-2025 05:00,5,1,9,0,0,12.81,3.74,0,43.2
02-09-2025 06:00,6,1,9,0,0,14.32,2.51,0,55.09
02-09-2025 07:00,7,1,9,0,0,17.57,2.7,1,66.32
02-09-2025 08:00,8,1,9,0,0,16.11,2.44,1,70.25
02-09-2025 09:00,9,1,9,0,0,21.45,5.47,1,65.39
02-09-2025 10:00,10,1,9,0,0,22.25,5.26,0,54.66
02-09-2025 11:00,11,1,9,0,0,23.79,5.56,0,42.76
02-09-2025 12:00,12,1,9,0,0,26.66,4.89,0,43.38
02-09-2025 13:00,13,1,9,0,0,27.07,2.01,0,40.06
02-09-2025 14:00,14,1,9,0,0,24.5,1.21,0,34.94
02-09-2025 15:00,15,1,9,0,0,30.01,4.2,0,51.09
02-09-2025 16:00,16,1,9,0,0,31.58,2.75,0,67.48
02-09-2025 17:00,17,1,9,0,0,27.23,2.59,0,65.61
02-09-2025 18:00,18,1,9,0,0,27.85,5.36,1,86.51
02-09-2025 19:00,19,1,9,0,0,26.23,4.95,1,87.63
02-09-2025 20:00,20,1,9,0,0,23.41,4.53,1,91.2
02-09-2025 21:00,21,1,9,0,0,20.29,4.11,1,81.53
02-09-2025 22:00,22,1,9,0,0,20.76,3.31,0,72.96
02-09-2025 23:00,23,1,9,0,0,17.37,3.48,0,58.88
03-09-2025 00:00,0,2,9,0,0,14.65,4.21,0,30.07
03-09-2025 01:00,1,2,9,0,0,10.06,0.5,0,28.34
03-09-2025 02:00,2,2,9,0,0,10.99,4.23,0,27.42
03-09-2025 03:00,3,2,9,0,0,7.96,2.86,0,21.6
03-09-2025 04:00,4,2,9,0,0,9.53,2.83,0,35.24
03-09-2025 05:00,5,2,9,0,0,12.19,2.43,0,45.79
03-09-2025 06:00,6,2,9,0,0,11.78,1.53,0,49.86
03-09-2025 07:00,7,2,9,0,0,15.83,2.7,1,66.61
03-09-2025 08:00,8,2,9,0,0,15.92,1.45,1,69.75
03-09-2025 09:00,9,2,9,0,0,18.84,4.85,1,65.13
03-09-2025 10:00,10,2,9,0,0,23.26,4.95,0,52.71
03-09-2025 11:00,11,2,9,0,0,24.83,0.79,0,42.42
03-09-2025 12:00,12,2,9,0,0,28.75,3.06,0,47.51
03-09-2025 13:00,13,2,9,0,0,30.02,6.19,0,49.85
03-09-2025 14:00,14,2,9,0,0,29.39,3.63,0,49.49
03-09-2025 15:00,15,2,9,0,0,32.5,3.53,0,57.27
03-09-2025 16:00,16,2,9,0,0,30.98,2.56,0,63.15
03-09-2025 17:00,17,2,9,0,0,31.73,4.69,0,78.44
03-09-2025 18:00,18,2,9,0,0,26.37,1.87,1,80.97
03-09-2025 19:00,19,2,9,0,0,23.65,3.97,1,87.57
03-09-2025 20:00,20,2,9,0,0,23.55,0.56,1,94.51
03-09-2025 21:00,21,2,9,0,0,19.21,2.3,1,85.08
03-09-2025 22:00,22,2,9,0,0,16.69,4.11,0,68.77
03-09-2025 23:00,23,2,9,0,0,14.6,1.7,0,59.07
04-09-2025 00:00,0,3,9,0,0,8.83,4.59,0,30.76
04-09-2025 01:00,1,3,9,0,0,9.84,2.56,0,31.25
04-09-2025 02:00,2,3,9,0,0,12.49,5.74,0,27.74
04-09-2025 03:00,3,3,9,0,0,8.77,4.73,0,30.18
04-09-2025 04:00,4,3,9,0,0,10.35,3.13,0,36.4
04-09-2025 05:00,5,3,9,0,0,12.06,2.78,0,40.49
04-09-2025 06:00,6,3,9,0,0,11.27,2.6,0,58.68
04-09-2025 07:00,7,3,9,0,0,13.93,7.79,1,62.36
04-09-2025 08:00,8,3,9,0,0,18.3,3.27,1,63.52
04-09-2025 09:00,9,3,9,0,0,20.18,3.78,1,65.48
04-09-2025 10:00,10,3,9,0,0,24.05,3.77,0,56.06
04-09-2025 11:00,11,3,9,0,0,25.76,3.02,0,48.8
04-09-2025 12:00,12,3,9,0,0,24.02,2.08,0,34.32
04-09-2025 13:00,13,3,9,0,0,28.72,2.07,0,45.15
04-09-2025 14:00,14,3,9,0,0,30.02,5.13,0,49.47
04-09-2025 15:00,15,3,9,0,0,28.84,3.59,0,49.79
04-09-2025 16:00,16,3,9,0,0,30.27,2.5,0,58.83
04-09-2025 17:00,17,3,9,0,0,31.91,3.77,0,82.62
04-09-2025 18:00,18,3,9,0,0,28.49,6.5,1,85.63
04-09-2025 19:00,19,3,9,0,0,24.32,2.72,1,87.43
04-09-2025 20:00,20,3,9,0,0,24.73,6.55,1,92.77
04-09-2025 21:00,21,3,9,0,0,18.69,0.5,1,82.67
04-09-2025 22:00,22,3,9,0,0,18.16,5.33,0,75.57
04-09-2025 23:00,23,3,9,0,0,15.76,2.24,0,55.92
05-09-2025 00:00,0,4,9,0,0,14.24,3.11,0,29.49
05-09-2025 01:00,1,4,9,0,0,11.13,3.59,0,34.68
05-09-2025 02:00,2,4,9,0,0,7.05,6.84,0,29.03
05-09-2025 03:00,3,4,9,0,0,11.45,2.41,0,31.43
05-09-2025 04:00,4,4,9,0,0,10.4,4.58,0,35.09
05-09-2025 05:00,5,4,9,0,0,10.94,4.14,0,45.09
05-09-2025 06:00,6,4,9,0,0,14.16,4.94,0,55.36
05-09-2025 07:00,7,4,9,0,0,12.43,5.64,1,63.34
05-09-2025 08:00,8,4,9,0,0,18.33,1.86,1,68.73
05-09-2025 09:00,9,4,9,0,0,20.03,0.5,1,65.6
05-09-2025 10:00,10,4,9,0,0,21.38,4.08,0,58
05-09-2025 11:00,11,4,9,0,0,28.27,4.12,0,49.16
05-09-2025 12:00,12,4,9,0,0,26.34,1.57,0,39.38
05-09-2025 13:00,13,4,9,0,0,28.19,1.65,0,44.63
05-09-2025 14:00,14,4,9,0,0,33.07,4.97,0,58.55
05-09-2025 15:00,15,4,9,0,0,31.86,2.83,0,56.21
05-09-2025 16:00,16,4,9,0,0,29.46,2.81,0,62.42
05-09-2025 17:00,17,4,9,0,0,25.02,4.23,0,62.92
05-09-2025 18:00,18,4,9,0,0,26.88,4.9,1,82.15
05-09-2025 19:00,19,4,9,0,0,25.63,3.75,1,85.69
05-09-2025 20:00,20,4,9,0,0,25.63,2.1,1,95.87
05-09-2025 21:00,21,4,9,0,0,19.04,3.8,1,88.53
05-09-2025 22:00,22,4,9,0,0,17.25,5.76,0,68.16
05-09-2025 23:00,23,4,9,0,0,17.69,1.54,0,56.01
06-09-2025 00:00,0,5,9,1,0,13.65,3.26,0,23.84
06-09-2025 01:00,1,5,9,1,0,11.14,5.25,0,27.09
06-09-2025 02:00,2,5,9,1,0,8.07,3.42,0,23.34
06-09-2025 03:00,3,5,9,1,0,9.83,4.21,0,25.91
06-09-2025 04:00,4,5,9,1,0,9.14,4.29,0,28.48
06-09-2025 05:00,5,5,9,1,0,12.38,1.91,0,35.55
06-09-2025 06:00,6,5,9,1,0,12.69,3.95,0,40.46
06-09-2025 07:00,7,5,9,1,0,16.6,0.93,1,50.5
06-09-2025 08:00,8,5,9,1,0,15.63,3.99,1,60.35
06-09-2025 09:00,9,5,9,1,0,19.97,0.5,1,54.07
06-09-2025 10:00,10,5,9,1,0,25.58,3.58,0,48.11
06-09-2025 11:00,11,5,9,1,0,27.9,1.62,0,41.69
06-09-2025 12:00,12,5,9,1,0,30.36,2.64,0,43.51
06-09-2025 13:00,13,5,9,1,0,27.32,1.19,0,32.35
06-09-2025 14:00,14,5,9,1,0,30.57,4.37,0,40.84
06-09-2025 15:00,15,5,9,1,0,32.3,3.65,0,47.18
06-09-2025 16:00,16,5,9,1,0,29.94,4.2,0,49.92
06-09-2025 17:00,17,5,9,1,0,29.53,3.01,0,61.49
06-09-2025 18:00,18,5,9,1,0,21.75,2.19,1,65.91
06-09-2025 19:00,19,5,9,1,0,28.7,2.47,1,79.8
06-09-2025 20:00,20,5,9,1,0,22.64,2.22,1,67.57
06-09-2025 21:00,21,5,9,1,0,20.5,5.09,1,69.66
06-09-2025 22:00,22,5,9,1,0,17.03,5.03,0,58.53
06-09-2025 23:00,23,5,9,1,0,16.72,0.91,0,47.01
07-09-2025 00:00,0,6,9,1,0,13.69,4.56,0,29.05
07-09-2025 01:00,1,6,9,1,0,13.05,5.13,0,22.25
07-09-2025 02:00,2,6,9,1,0,14.11,0.58,0,24
07-09-2025 03:00,3,6,9,1,0,9.97,5.87,0,22.9
07-09-2025 04:00,4,6,9,1,0,10.88,2.76,0,31.51
07-09-2025 05:00,5,6,9,1,0,12.57,1.35,0,32.18
07-09-2025 06:00,6,6,9,1,0,14.48,2.03,0,46.39
07-09-2025 07:00,7,6,9,1,0,11.19,4.07,1,58.93
07-09-2025 08:00,8,6,9,1,0,16.41,4.77,1,54.52
07-09-2025 09:00,9,6,9,1,0,18.9,2.35,1,56.95
07-09-2025 10:00,10,6,9,1,0,17.82,3.23,0,45.45
07-09-2025 11:00,11,6,9,1,0,25.02,4.51,0,37.43
07-09-2025 12:00,12,6,9,1,0,26.22,2.33,0,37.84
07-09-2025 13:00,13,6,9,1,0,30.16,1.12,0,43.5
07-09-2025 14:00,14,6,9,1,0,28.91,3.43,0,35.4
07-09-2025 15:00,15,6,9,1,0,28.25,3.6,0,41.24
07-09-2025 16:00,16,6,9,1,0,29.81,3.1,0,54.12
07-09-2025 17:00,17,6,9,1,0,29.94,3.32,0,62.08
07-09-2025 18:00,18,6,9,1,0,26.79,5.34,1,63.71
07-09-2025 19:00,19,6,9,1,0,23.95,4.27,1,67.99
07-09-2025 20:00,20,6,9,1,0,24.17,2.48,1,74.97
07-09-2025 21:00,21,6,9,1,0,20.6,2.87,1,69.47
07-09-2025 22:00,22,6,9,1,0,14.17,3.74,0,55
07-09-2025 23:00,23,6,9,1,0,14.14,3.22,0,45.03
08-09-2025 00:00,0,0,9,0,0,14.38,5.07,0,26.76
08-09-2025 01:00,1,0,9,0,0,10.72,2.34,0,31.52
08-09-2025 02:00,2,0,9,0,0,11.07,5.09,0,36.42
08-09-2025 03:00,3,0,9,0,0,9.76,3.11,0,32.97
08-09-2025 04:00,4,0,9,0,0,11.25,3.74,0,32.74
08-09-2025 05:00,5,0,9,0,0,7.86,3.94,0,48.23
08-09-2025 06:00,6,0,9,0,0,13.96,1.56,0,53.42
08-09-2025 07:00,7,0,9,0,0,19.34,3.09,1,63.53
08-09-2025 08:00,8,0,9,0,0,18.48,5.8,1,74.69
08-09-2025 09:00,9,0,9,0,0,19.15,4.85,1,68.12
08-09-2025 10:00,10,0,9,0,0,21.97,4.1,0,56.98
08-09-2025 11:00,11,0,9,0,0,25.44,1.59,0,48.34
08-09-2025 12:00,12,0,9,0,0,25.12,1.82,0,36.3
08-09-2025 13:00,13,0,9,0,0,28.38,4.18,0,42.72
08-09-2025 14:00,14,0,9,0,0,30.6,3.92,0,52.23
08-09-2025 15:00,15,0,9,0,0,33.96,1.94,0,62.31
08-09-2025 16:00,16,0,9,0,0,34.37,2.87,0,64.74
08-09-2025 17:00,17,0,9,0,0,25.14,3.34,0,58.46
08-09-2025 18:00,18,0,9,0,0,27.25,2.04,1,82.97
08-09-2025 19:00,19,0,9,0,0,25.86,2.29,1,89.11
08-09-2025 20:00,20,0,9,0,0,23.43,5.57,1,94.22
08-09-2025 21:00,21,0,9,0,0,18.72,2.43,1,86.44
08-09-2025 22:00,22,0,9,0,0,17.32,2.57,0,66.94
08-09-2025 23:00,23,0,9,0,0,11.75,6.13,0,62.05
09-09-2025 00:00,0,1,9,0,0,12.98,4.53,0,32.01
09-09-2025 01:00,1,1,9,0,0,12.46,2.42,0,31.3
09-09-2025 02:00,2,1,9,0,0,10.32,0.92,0,33.11
09-09-2025 03:00,3,1,9,0,0,11.21,3.61,0,25.53
09-09-2025 04:00,4,1,9,0,0,7.73,0.93,0,35.58
09-09-2025 05:00,5,1,9,0,0,8.1,4.02,0,41.72
09-09-2025 06:00,6,1,9,0,0,14.34,5.02,0,56.33
09-09-2025 07:00,7,1,9,0,0,12.9,1.37,1,63.12
09-09-2025 08:00,8,1,9,0,0,16.97,3.99,1,72.45
09-09-2025 09:00,9,1,9,0,0,23.73,6.6,1,64.96
09-09-2025 10:00,10,1,9,0,0,21.69,6.81,0,53.5
09-09-2025 11:00,11,1,9,0,0,26.13,1.54,0,50.7
09-09-2025 12:00,12,1,9,0,0,27.01,3.48,0,40.36
09-09-2025 13:00,13,1,9,0,0,29.74,3.37,0,51.3
09-09-2025 14:00,14,1,9,0,0,30.78,3.58,0,54.84
09-09-2025 15:00,15,1,9,0,0,27.03,5.98,0,44.62
09-09-2025 16:00,16,1,9,0,0,32.52,5.29,0,70.94
09-09-2025 17:00,17,1,9,0,0,28.36,4.5,0,68.6
09-09-2025 18:00,18,1,9,0,0,27.62,5.12,1,79.98
09-09-2025 19:00,19,1,9,0,0,28.9,2.14,1,96.15
09-09-2025 20:00,20,1,9,0,0,25.71,6.1,1,90.76
09-09-2025 21:00,21,1,9,0,0,19.01,3.03,1,84.05
09-09-2025 22:00,22,1,9,0,0,19.97,3.98,0,69.69
09-09-2025 23:00,23,1,9,0,0,15.61,3.59,0,63.64
10-09-2025 00:00,0,2,9,0,0,13.93,0.61,0,34.12
10-09-2025 01:00,1,2,9,0,0,13.99,6.6,0,31.24
10-09-2025 02:00,2,2,9,0,0,10.12,0.78,0,27.91
10-09-2025 03:00,3,2,9,0,0,11.27,0.5,0,33.9
10-09-2025 04:00,4,2,9,0,0,11.5,3.22,0,31.87
10-09-2025 05:00,5,2,9,0,0,13.45,5.17,0,43.24
10-09-2025 06:00,6,2,9,0,0,13.6,3.03,0,61.16
10-09-2025 07:00,7,2,9,0,0,14.45,3.1,1,62.7
10-09-2025 08:00,8,2,9,0,0,18.07,3.85,1,73.03
10-09-2025 09:00,9,2,9,0,0,21.8,4.75,1,66.08
10-09-2025 10:00,10,2,9,0,0,21.73,2.46,0,56.26
10-09-2025 11:00,11,2,9,0,0,26.01,3.3,0,45.55
10-09-2025 12:00,12,2,9,0,0,28.31,0.79,0,45.29
10-09-2025 13:00,13,2,9,0,0,33.12,2.99,0,55.66
10-09-2025 14:00,14,2,9,0,0,30.84,4.52,0,51.56
10-09-2025 15:00,15,2,9,0,0,31.21,4.32,0,55.66
10-09-2025 16:00,16,2,9,0,0,32.23,5.07,0,68.9
10-09-2025 17:00,17,2,9,0,0,24.6,1.69,0,56.5
10-09-2025 18:00,18,2,9,0,0,26.62,2.55,1,77.82
10-09-2025 19:00,19,2,9,0,0,27.18,2.18,1,91.74
10-09-2025 20:00,20,2,9,0,0,23,2.88,1,93.55
10-09-2025 21:00,21,2,9,0,0,22.47,2.7,1,87.35
10-09-2025 22:00,22,2,9,0,0,15.33,3.08,0,66.58
10-09-2025 23:00,23,2,9,0,0,14.06,1.11,0,57.94
11-09-2025 00:00,0,3,9,0,0,14.21,6.29,0,29.94
11-09-2025 01:00,1,3,9,0,0,14.31,3.01,0,29.92
11-09-2025 02:00,2,3,9,0,0,12.56,0.78,0,30.97
11-09-2025 03:00,3,3,9,0,0,11.85,2.39,0,32.98
11-09-2025 04:00,4,3,9,0,0,11.42,2.88,0,39.65
11-09-2025 05:00,5,3,9,0,0,8.27,5.95,0,45.87
11-09-2025 06:00,6,3,9,0,0,15.03,2.32,0,55.16
11-09-2025 07:00,7,3,9,0,0,15.5,4.77,1,62.79
11-09-2025 08:00,8,3,9,0,0,19.72,1.02,1,73.05
11-09-2025 09:00,9,3,9,0,0,22.31,1.37,1,70.97
11-09-2025 10:00,10,3,9,0,0,21.34,5.53,0,56.63
11-09-2025 11:00,11,3,9,0,0,23.33,3.88,0,43.5
11-09-2025 12:00,12,3,9,0,0,31.85,3.03,0,55.39
11-09-2025 13:00,13,3,9,0,0,27,2.34,0,39.35
11-09-2025 14:00,14,3,9,0,0,29.26,4.22,0,39.93
11-09-2025 15:00,15,3,9,0,0,27.58,3.46,0,44.87
11-09-2025 16:00,16,3,9,0,0,29.01,6.02,0,60.97
11-09-2025 17:00,17,3,9,0,0,30.31,2.54,0,71.33
11-09-2025 18:00,18,3,9,0,0,25.36,2.16,1,76.67
11-09-2025 19:00,19,3,9,0,0,22.31,6.2,1,82.54
11-09-2025 20:00,20,3,9,0,0,25.16,2.67,1,96.1
11-09-2025 21:00,21,3,9,0,0,21.48,4.83,1,83.1
11-09-2025 22:00,22,3,9,0,0,18.9,2,0,73.94
11-09-2025 23:00,23,3,9,0,0,16.15,1.46,0,56.43
12-09-2025 00:00,0,4,9,0,0,10.31,2.01,0,27.4
12-09-2025 01:00,1,4,9,0,0,10.58,3.48,0,35.29
12-09-2025 02:00,2,4,9,0,0,12.07,4.17,0,33.4
12-09-2025 03:00,3,4,9,0,0,7.95,1.49,0,30.8
12-09-2025 04:00,4,4,9,0,0,10.26,6.74,0,33.71
12-09-2025 05:00,5,4,9,0,0,12.77,3.29,0,44.07
12-09-2025 06:00,6,4,9,0,0,11.99,1.93,0,56.98
12-09-2025 07:00,7,4,9,0,0,13.66,3.77,1,65.1
12-09-2025 08:00,8,4,9,0,0,15.08,3.64,1,68.15
12-09-2025 09:00,9,4,9,0,0,21.48,4.19,1,65.6
12-09-2025 10:00,10,4,9,0,0,26.85,4.9,0,63.04
12-09-2025 11:00,11,4,9,0,0,26.45,2.88,0,42.91
12-09-2025 12:00,12,4,9,0,0,29.95,3.22,0,47.2
12-09-2025 13:00,13,4,9,0,0,27.06,3.41,0,40.56
12-09-2025 14:00,14,4,9,0,0,27.58,3.29,0,40.71
12-09-2025 15:00,15,4,9,0,0,31.95,4.22,0,55.35
12-09-2025 16:00,16,4,9,0,0,33.17,4.21,0,72.96
12-09-2025 17:00,17,4,9,0,0,28.02,3.89,0,70.3
12-09-2025 18:00,18,4,9,0,0,26.42,4.84,1,79.49
12-09-2025 19:00,19,4,9,0,0,25.4,2.41,1,87.62
12-09-2025 20:00,20,4,9,0,0,21.43,3.74,1,93.11
12-09-2025 21:00,21,4,9,0,0,20,1.63,1,81.17
12-09-2025 22:00,22,4,9,0,0,18.01,3.54,0,76.19
12-09-2025 23:00,23,4,9,0,0,14.53,3.53,0,56.26
13-09-2025 00:00,0,5,9,1,0,10.31,5.26,0,23.15
13-09-2025 01:00,1,5,9,1,0,11.4,1.66,0,25.38
13-09-2025 02:00,2,5,9,1,0,11.06,4.88,0,24.3
13-09-2025 03:00,3,5,9,1,0,9.61,1.28,0,26.04
13-09-2025 04:00,4,5,9,1,0,12.97,4.32,0,26.79
13-09-2025 05:00,5,5,9,1,0,15.4,0.54,0,37.99
13-09-2025 06:00,6,5,9,1,0,14.37,3.7,0,50.91
13-09-2025 07:00,7,5,9,1,0,18.41,6.1,1,53.5
13-09-2025 08:00,8,5,9,1,0,17.06,4.4,1,54.09
13-09-2025 09:00,9,5,9,1,0,20.55,4.21,1,58.25
13-09-2025 10:00,10,5,9,1,0,24.55,2.73,0,43.68
13-09-2025 11:00,11,5,9,1,0,22.5,5.4,0,29.67
13-09-2025 12:00,12,5,9,1,0,25.83,4.05,0,32.32
13-09-2025 13:00,13,5,9,1,0,29.61,4.83,0,38.83
13-09-2025 14:00,14,5,9,1,0,29.81,2.44,0,45.35
13-09-2025 15:00,15,5,9,1,0,26.68,0.5,0,39.29
13-09-2025 16:00,16,5,9,1,0,31.72,3.55,0,58.34
13-09-2025 17:00,17,5,9,1,0,27.7,4.36,0,60.82
13-09-2025 18:00,18,5,9,1,0,30.39,6.79,1,74.9
13-09-2025 19:00,19,5,9,1,0,25.75,3.71,1,75.39
13-09-2025 20:00,20,5,9,1,0,20.94,3.53,1,72.27
13-09-2025 21:00,21,5,9,1,0,20.03,6.76,1,74.76
13-09-2025 22:00,22,5,9,1,0,13.71,2.9,0,57.21
13-09-2025 23:00,23,5,9,1,0,11.94,4.52,0,43.01
14-09-2025 00:00,0,6,9,1,0,13.02,0.92,0,20.29
14-09-2025 01:00,1,6,9,1,0,11.09,4.29,0,18.99
14-09-2025 02:00,2,6,9,1,0,12.21,3.3,0,20.29
14-09-2025 03:00,3,6,9,1,0,10.01,2.9,0,20.42
14-09-2025 04:00,4,6,9,1,0,10.59,6.53,0,27.6
14-09-2025 05:00,5,6,9,1,0,10.25,3.24,0,30.73
14-09-2025 06:00,6,6,9,1,0,12.29,2.26,0,46.14
14-09-2025 07:00,7,6,9,1,0,15.24,3.49,1,52.39
14-09-2025 08:00,8,6,9,1,0,21.4,3.23,1,55.86
14-09-2025 09:00,9,6,9,1,0,21.72,2.19,1,49.97
14-09-2025 10:00,10,6,9,1,0,21.69,2.35,0,44.09
14-09-2025 11:00,11,6,9,1,0,27.61,4.89,0,42.58
14-09-2025 12:00,12,6,9,1,0,27.3,2.33,0,36.5
14-09-2025 13:00,13,6,9,1,0,29.09,1.79,0,41.41
14-09-2025 14:00,14,6,9,1,0,32.08,0.98,0,49.29
14-09-2025 15:00,15,6,9,1,0,32.17,2.72,0,42.96
14-09-2025 16:00,16,6,9,1,0,34.07,4.92,0,58.94
14-09-2025 17:00,17,6,9,1,0,28.08,2.54,0,55.98
14-09-2025 18:00,18,6,9,1,0,26.31,4.7,1,66.81
14-09-2025 19:00,19,6,9,1,0,23.85,4.35,1,63.72
14-09-2025 20:00,20,6,9,1,0,22.43,4.02,1,72.52
14-09-2025 21:00,21,6,9,1,0,20.82,0.5,1,67.41
14-09-2025 22:00,22,6,9,1,0,18.47,2.7,0,59.4
14-09-2025 23:00,23,6,9,1,0,16.83,3.94,0,48.5
15-09-2025 00:00,0,0,9,0,0,12.81,1.4,0,29.77
15-09-2025 01:00,1,0,9,0,0,10.24,4.31,0,29.32
15-09-2025 02:00,2,0,9,0,0,9.11,4.37,0,22.98
15-09-2025 03:00,3,0,9,0,0,9.79,5.53,0,28.76
15-09-2025 04:00,4,0,9,0,0,15.42,2.76,0,35.61
15-09-2025 05:00,5,0,9,0,0,10.74,2.65,0,42.68
15-09-2025 06:00,6,0,9,0,0,13.54,4.56,0,56.65
15-09-2025 07:00,7,0,9,0,0,19.3,2.53,1,66.93
15-09-2025 08:00,8,0,9,0,0,17.37,3.76,1,72.27
15-09-2025 09:00,9,0,9,0,0,21.61,4.15,1,63.34
15-09-2025 10:00,10,0,9,0,0,23.78,3,0,48.35
15-09-2025 11:00,11,0,9,0,0,24.19,3.8,0,41.16
15-09-2025 12:00,12,0,9,0,0,26.61,4.23,0,41.32
15-09-2025 13:00,13,0,9,0,0,27.86,4.75,0,42.37
15-09-2025 14:00,14,0,9,0,0,32.19,4.43,0,50.73
15-09-2025 15:00,15,0,9,0,0,30.39,4.35,0,48.58
15-09-2025 16:00,16,0,9,0,0,27.7,1.31,0,52.12
15-09-2025 17:00,17,0,9,0,0,31.02,7.64,0,75.59
15-09-2025 18:00,18,0,9,0,0,27.86,2.91,1,84.34
15-09-2025 19:00,19,0,9,0,0,27.44,3.77,1,92.66
15-09-2025 20:00,20,0,9,0,0,21.52,0.93,1,92.3
15-09-2025 21:00,21,0,9,0,0,18.32,3.82,1,89.13
15-09-2025 22:00,22,0,9,0,0,15.45,3.18,0,72.94
15-09-2025 23:00,23,0,9,0,0,14.5,3.89,0,60.36
16-09-2025 00:00,0,1,9,0,0,9.38,2.94,0,31.72
16-09-2025 01:00,1,1,9,0,0,10.13,4.74,0,29.16
16-09-2025 02:00,2,1,9,0,0,13.92,5.79,0,32.12
16-09-2025 03:00,3,1,9,0,0,14.73,4.4,0,34.85
16-09-2025 04:00,4,1,9,0,0,9.34,4.5,0,39.1
16-09-2025 05:00,5,1,9,0,0,9.54,1.02,0,45.64
16-09-2025 06:00,6,1,9,0,0,13.11,2.02,0,49.45
16-09-2025 07:00,7,1,9,0,0,15.91,3.54,1,66.3
16-09-2025 08:00,8,1,9,0,0,16.8,1.53,1,71.61
16-09-2025 09:00,9,1,9,0,0,19.26,3.03,1,64
16-09-2025 10:00,10,1,9,0,0,21.78,0.96,0,54.09
16-09-2025 11:00,11,1,9,0,0,28.04,3.48,0,52.36
16-09-2025 12:00,12,1,9,0,0,27.3,4.23,0,45.58
16-09-2025 13:00,13,1,9,0,0,28.29,1.93,0,45.43
16-09-2025 14:00,14,1,9,0,0,26.32,2.13,0,38.24
16-09-2025 15:00,15,1,9,0,0,28.83,4.02,0,52.06
16-09-2025 16:00,16,1,9,0,0,29.5,2.83,0,56.98
16-09-2025 17:00,17,1,9,0,0,26.28,4.89,0,66.22
16-09-2025 18:00,18,1,9,0,0,25.35,1.93,1,80.1
16-09-2025 19:00,19,1,9,0,0,27.89,2.76,1,91
16-09-2025 20:00,20,1,9,0,0,21.29,0.6,1,89.58
16-09-2025 21:00,21,1,9,0,0,16.44,3.35,1,87.69
16-09-2025 22:00,22,1,9,0,0,17.46,3.95,0,72.1
16-09-2025 23:00,23,1,9,0,0,17.85,4.73,0,59.45
17-09-2025 00:00,0,2,9,0,0,13.86,4.4,0,29.18
17-09-2025 01:00,1,2,9,0,0,13.9,2.31,0,29.93
17-09-2025 02:00,2,2,9,0,0,9.92,2.42,0,30.65
17-09-2025 03:00,3,2,9,0,0,10.08,4.42,0,28.17
17-09-2025 04:00,4,2,9,0,0,7.51,6.16,0,39.05
17-09-2025 05:00,5,2,9,0,0,10.23,6.01,0,47.28
17-09-2025 06:00,6,2,9,0,0,13.17,5.07,0,55.63
17-09-2025 07:00,7,2,9,0,0,14.5,3.55,1,66.79
17-09-2025 08:00,8,2,9,0,0,16.13,3.13,1,69.59
17-09-2025 09:00,9,2,9,0,0,20.35,5.83,1,68.35
17-09-2025 10:00,10,2,9,0,0,20.14,7.22,0,57.02
17-09-2025 11:00,11,2,9,0,0,26.18,1.91,0,46.07
17-09-2025 12:00,12,2,9,0,0,25.45,2.35,0,40.96
17-09-2025 13:00,13,2,9,0,0,28.52,3.65,0,45.46
17-09-2025 14:00,14,2,9,0,0,27.52,4.36,0,41.89
17-09-2025 15:00,15,2,9,0,0,32.39,4.76,0,58.88
17-09-2025 16:00,16,2,9,0,0,27.48,3.48,0,55.32
17-09-2025 17:00,17,2,9,0,0,32.49,0.5,0,75.82
17-09-2025 18:00,18,2,9,0,0,26.5,0.5,1,75.98
17-09-2025 19:00,19,2,9,0,0,24.87,2.99,1,86.66
17-09-2025 20:00,20,2,9,0,0,19.81,1.34,1,83.58
17-09-2025 21:00,21,2,9,0,0,19.29,4.28,1,85.63
17-09-2025 22:00,22,2,9,0,0,14.47,3.34,0,73.87
17-09-2025 23:00,23,2,9,0,0,15.88,4.03,0,57.97
18-09-2025 00:00,0,3,9,0,0,13.19,2.72,0,27.1
18-09-2025 01:00,1,3,9,0,0,9.17,2.69,0,35.68
18-09-2025 02:00,2,3,9,0,0,12.66,4.66,0,28.58
18-09-2025 03:00,3,3,9,0,0,7.24,3.21,0,29.99
18-09-2025 04:00,4,3,9,0,0,8.34,2.49,0,32.41
18-09-2025 05:00,5,3,9,0,0,11.31,1.73,0,41.9
18-09-2025 06:00,6,3,9,0,0,12.4,2.33,0,56.4
18-09-2025 07:00,7,3,9,0,0,14.64,3.2,1,70.14
18-09-2025 08:00,8,3,9,0,0,18.05,3.75,1,72.34
18-09-2025 09:00,9,3,9,0,0,22.51,3.99,1,67.72
18-09-2025 10:00,10,3,9,0,0,24.33,2.92,0,49.29
18-09-2025 11:00,11,3,9,0,0,24.06,3.39,0,45.06
18-09-2025 12:00,12,3,9,0,0,25.75,3.86,0,38.14
18-09-2025 13:00,13,3,9,0,0,29.67,2.69,0,46.4
18-09-2025 14:00,14,3,9,0,0,27.03,3.97,0,42.34
18-09-2025 15:00,15,3,9,0,0,30.45,5.16,0,51.94
18-09-2025 16:00,16,3,9,0,0,32.3,3.26,0,70.91
18-09-2025 17:00,17,3,9,0,0,32.47,3,0,79.04
18-09-2025 18:00,18,3,9,0,0,31.69,2.31,1,93.5
18-09-2025 19:00,19,3,9,0,0,23.37,4.45,1,84.82
18-09-2025 20:00,20,3,9,0,0,27.61,4.12,1,99.3
18-09-2025 21:00,21,3,9,0,0,17.64,2.82,1,82.92
18-09-2025 22:00,22,3,9,0,0,18.68,3.39,0,78.3
18-09-2025 23:00,23,3,9,0,0,13.34,2.74,0,61.18
19-09-2025 00:00,0,4,9,0,0,15.67,2.81,0,25.03
19-09-2025 01:00,1,4,9,0,0,14.36,0.76,0,34.27
19-09-2025 02:00,2,4,9,0,0,10.54,2.27,0,28.94
19-09-2025 03:00,3,4,9,0,0,10.93,2.95,0,29.71
19-09-2025 04:00,4,4,9,0,0,6.51,3.91,0,33.69
19-09-2025 05:00,5,4,9,0,0,11.96,3.44,0,45.78
19-09-2025 06:00,6,4,9,0,0,13.79,1.09,0,53.97
19-09-2025 07:00,7,4,9,0,0,13.32,5.03,1,65.56
19-09-2025 08:00,8,4,9,0,0,17.9,3.14,1,68.29
19-09-2025 09:00,9,4,9,0,0,20.71,0.5,1,63.51
19-09-2025 10:00,10,4,9,0,0,22.23,2.63,0,58.51
19-09-2025 11:00,11,4,9,0,0,25.55,2.4,0,45.34
19-09-2025 12:00,12,4,9,0,0,25.79,5.64,0,46.16
19-09-2025 13:00,13,4,9,0,0,28.5,3.74,0,45.28
19-09-2025 14:00,14,4,9,0,0,31.86,4.56,0,51.34
19-09-2025 15:00,15,4,9,0,0,28.92,2.48,0,51.88
19-09-2025 16:00,16,4,9,0,0,30.05,4.65,0,57.94
19-09-2025 17:00,17,4,9,0,0,28.55,4.95,0,66.43
19-09-2025 18:00,18,4,9,0,0,24.69,3.38,1,74.19
19-09-2025 19:00,19,4,9,0,0,24.23,1.12,1,86.14
19-09-2025 20:00,20,4,9,0,0,18.73,3.74,1,91.48
19-09-2025 21:00,21,4,9,0,0,20.83,4.86,1,85.38
19-09-2025 22:00,22,4,9,0,0,22.21,4.2,0,71.9
19-09-2025 23:00,23,4,9,0,0,18.26,3.92,0,57.99
20-09-2025 00:00,0,5,9,1,0,13.13,2.32,0,23.91
20-09-2025 01:00,1,5,9,1,0,12.35,6.32,0,24.21
20-09-2025 02:00,2,5,9,1,0,10.66,5.39,0,25.78
20-09-2025 03:00,3,5,9,1,0,9.58,3.85,0,21.82
20-09-2025 04:00,4,5,9,1,0,12.3,3.75,0,31.09
20-09-2025 05:00,5,5,9,1,0,8.54,5.66,0,36.65
20-09-2025 06:00,6,5,9,1,0,17.01,4.41,0,48.92
20-09-2025 07:00,7,5,9,1,0,10.27,2.56,1,51.28
20-09-2025 08:00,8,5,9,1,0,15.96,1.64,1,60.49
20-09-2025 09:00,9,5,9,1,0,21.94,3.05,1,52.92
20-09-2025 10:00,10,5,9,1,0,21.87,4.64,0,44.03
20-09-2025 11:00,11,5,9,1,0,24.16,3.63,0,35.7
20-09-2025 12:00,12,5,9,1,0,26.98,2.17,0,36.33
20-09-2025 13:00,13,5,9,1,0,27.04,2.23,0,35.84
20-09-2025 14:00,14,5,9,1,0,30.32,4.66,0,48.26
20-09-2025 15:00,15,5,9,1,0,32.68,4.08,0,55.65
20-09-2025 16:00,16,5,9,1,0,30.82,5.57,0,59.05
20-09-2025 17:00,17,5,9,1,0,25.46,3.84,0,46.2
20-09-2025 18:00,18,5,9,1,0,26.87,4.54,1,64.77
20-09-2025 19:00,19,5,9,1,0,24.85,3.36,1,71.58
20-09-2025 20:00,20,5,9,1,0,24.3,1.46,1,72.12
20-09-2025 21:00,21,5,9,1,0,19.81,3.9,1,66.33
20-09-2025 22:00,22,5,9,1,0,16.85,2.2,0,58.82
20-09-2025 23:00,23,5,9,1,0,15.46,2.98,0,50.21
21-09-2025 00:00,0,6,9,1,0,12.08,4.68,0,24.81
21-09-2025 01:00,1,6,9,1,0,11.59,2.11,0,26.4
21-09-2025 02:00,2,6,9,1,0,12.63,4.71,0,26.12
21-09-2025 03:00,3,6,9,1,0,9.21,4.22,0,25.26
21-09-2025 04:00,4,6,9,1,0,10.25,3.99,0,30.54
21-09-2025 05:00,5,6,9,1,0,13.34,4.29,0,37.51
21-09-2025 06:00,6,6,9,1,0,12.46,3.25,0,38.83
21-09-2025 07:00,7,6,9,1,0,13.48,2.31,1,51.19
21-09-2025 08:00,8,6,9,1,0,19.28,6.65,1,56.33
21-09-2025 09:00,9,6,9,1,0,18.47,4.13,1,48.1
21-09-2025 10:00,10,6,9,1,0,22.11,4.2,0,41.23
21-09-2025 11:00,11,6,9,1,0,22.92,2.73,0,35.45
21-09-2025 12:00,12,6,9,1,0,25.59,3.3,0,34.26
21-09-2025 13:00,13,6,9,1,0,31.48,0.5,0,46
21-09-2025 14:00,14,6,9,1,0,29.54,4.77,0,39.57
21-09-2025 15:00,15,6,9,1,0,31.3,6.36,0,46.66
21-09-2025 16:00,16,6,9,1,0,31.18,5.14,0,53.74
21-09-2025 17:00,17,6,9,1,0,26.74,4.75,0,55.77
21-09-2025 18:00,18,6,9,1,0,26.71,4.14,1,66.01
21-09-2025 19:00,19,6,9,1,0,24.67,6.47,1,67.28
21-09-2025 20:00,20,6,9,1,0,27.28,3.26,1,82.02
21-09-2025 21:00,21,6,9,1,0,24.72,1.77,1,66.29
21-09-2025 22:00,22,6,9,1,0,16.68,3.44,0,55.68
21-09-2025 23:00,23,6,9,1,0,14.03,1.95,0,44.19
22-09-2025 00:00,0,0,9,0,0,13.91,3.05,0,33.25
22-09-2025 01:00,1,0,9,0,0,9.04,4.56,0,29.81
22-09-2025 02:00,2,0,9,0,0,13.38,3.96,0,29.73
22-09-2025 03:00,3,0,9,0,0,7.07,1.63,0,34.6
22-09-2025 04:00,4,0,9,0,0,8.64,3.81,0,29.04
22-09-2025 05:00,5,0,9,0,0,11.94,5.76,0,44.56
22-09-2025 06:00,6,0,9,0,0,14.71,4.87,0,56.98
22-09-2025 07:00,7,0,9,0,0,11.92,3.13,1,62.82
22-09-2025 08:00,8,0,9,0,0,18.06,4.16,1,69.92
22-09-2025 09:00,9,0,9,0,0,19.56,2.04,1,67.39
22-09-2025 10:00,10,0,9,0,0,23.43,3.76,0,49.18
22-09-2025 11:00,11,0,9,0,0,24.62,6.12,0,45.13
22-09-2025 12:00,12,0,9,0,0,26.39,4.73,0,39.17
22-09-2025 13:00,13,0,9,0,0,29.36,5.23,0,46.88
22-09-2025 14:00,14,0,9,0,0,29.07,1.98,0,46.33
22-09-2025 15:00,15,0,9,0,0,31.38,2.48,0,60.18
22-09-2025 16:00,16,0,9,0,0,30.07,4.12,0,53.77
22-09-2025 17:00,17,0,9,0,0,31.35,3.47,0,75.29
22-09-2025 18:00,18,0,9,0,0,30.11,3.97,1,89.27
22-09-2025 19:00,19,0,9,0,0,24.95,1.95,1,83.6
22-09-2025 20:00,20,0,9,0,0,22.7,1.68,1,85.01
22-09-2025 21:00,21,0,9,0,0,17.18,1.18,1,85.71
22-09-2025 22:00,22,0,9,0,0,16.76,2.05,0,73.26
22-09-2025 23:00,23,0,9,0,0,14.36,1.88,0,55.25
23-09-2025 00:00,0,1,9,0,0,10.87,0.5,0,30.03
23-09-2025 01:00,1,1,9,0,0,10.59,4.43,0,26.91
23-09-2025 02:00,2,1,9,0,0,9.17,4.04,0,30.12
23-09-2025 03:00,3,1,9,0,0,11.07,3.98,0,30.71
23-09-2025 04:00,4,1,9,0,0,6.96,6.92,0,28.75
23-09-2025 05:00,5,1,9,0,0,10.33,3.77,0,45.46
23-09-2025 06:00,6,1,9,0,0,13.1,3.4,0,49.39
23-09-2025 07:00,7,1,9,0,0,14.15,1.49,1,60.32
23-09-2025 08:00,8,1,9,0,0,21.53,2.69,1,71.74
23-09-2025 09:00,9,1,9,0,0,19.76,0.77,1,64
23-09-2025 10:00,10,1,9,0,0,25.9,2.59,0,56.39
23-09-2025 11:00,11,1,9,0,0,26.78,6.16,0,50.81
23-09-2025 12:00,12,1,9,0,0,26.44,3.25,0,39.84
23-09-2025 13:00,13,1,9,0,0,31,2.1,0,52.6
23-09-2025 14:00,14,1,9,0,0,28.5,2,0,44.97
23-09-2025 15:00,15,1,9,0,0,28.84,1.98,0,45.3
23-09-2025 16:00,16,1,9,0,0,28.32,4.12,0,60.94
23-09-2025 17:00,17,1,9,0,0,30.24,0.75,0,74.95
23-09-2025 18:00,18,1,9,0,0,23.61,2.09,1,70.58
23-09-2025 19:00,19,1,9,0,0,27.47,4.5,1,92.8
23-09-2025 20:00,20,1,9,0,0,22.67,5.44,1,88.48
23-09-2025 21:00,21,1,9,0,0,20.14,1.76,1,87.16
23-09-2025 22:00,22,1,9,0,0,13.15,3.79,0,74.11
23-09-2025 23:00,23,1,9,0,0,16.55,1.68,0,56.87
24-09-2025 00:00,0,2,9,0,0,17.3,3.77,0,36.23
24-09-2025 01:00,1,2,9,0,0,9.44,4.72,0,32.12
24-09-2025 02:00,2,2,9,0,0,10.74,2.78,0,30.48
24-09-2025 03:00,3,2,9,0,0,12.15,1.2,0,33.59
24-09-2025 04:00,4,2,9,0,0,12.67,1.64,0,37.04
24-09-2025 05:00,5,2,9,0,0,12.47,2,0,42.17
24-09-2025 06:00,6,2,9,0,0,10.47,6.29,0,54.54
24-09-2025 07:00,7,2,9,0,0,18.1,4.05,1,62.94
24-09-2025 08:00,8,2,9,0,0,17.78,1.76,1,71.34
24-09-2025 09:00,9,2,9,0,0,19.75,4.03,1,64.24
24-09-2025 10:00,10,2,9,0,0,23.45,4.63,0,49.29
24-09-2025 11:00,11,2,9,0,0,24.18,4.17,0,42.03
24-09-2025 12:00,12,2,9,0,0,27.68,3.34,0,42.91
24-09-2025 13:00,13,2,9,0,0,28.54,2.23,0,47.88
24-09-2025 14:00,14,2,9,0,0,29.58,0.5,0,48.27
24-09-2025 15:00,15,2,9,0,0,30.35,4.47,0,51.15
24-09-2025 16:00,16,2,9,0,0,30.51,3.57,0,59.69
24-09-2025 17:00,17,2,9,0,0,28.37,3.59,0,68.87
24-09-2025 18:00,18,2,9,0,0,30.23,3.88,1,90.48
24-09-2025 19:00,19,2,9,0,0,24.83,4.28,1,83.93
24-09-2025 20:00,20,2,9,0,0,18.71,4,1,86.81
24-09-2025 21:00,21,2,9,0,0,18.58,5.32,1,81.11
24-09-2025 22:00,22,2,9,0,0,17.61,2.76,0,72.57
24-09-2025 23:00,23,2,9,0,0,16.99,0.68,0,62.11
25-09-2025 00:00,0,3,9,0,0,14.59,2.7,0,32.16
25-09-2025 01:00,1,3,9,0,0,14.66,3.27,0,31.96
25-09-2025 02:00,2,3,9,0,0,11.64,0.96,0,32
25-09-2025 03:00,3,3,9,0,0,10.76,4.34,0,32.57
25-09-2025 04:00,4,3,9,0,0,9.7,3.43,0,37.58
25-09-2025 05:00,5,3,9,0,0,12.07,6.31,0,46.35
25-09-2025 06:00,6,3,9,0,0,14.45,4.34,0,47.12
25-09-2025 07:00,7,3,9,0,0,10.9,3.19,1,71.01
25-09-2025 08:00,8,3,9,0,0,20.82,1.39,1,69.66
25-09-2025 09:00,9,3,9,0,0,20.52,1.48,1,65.59
25-09-2025 10:00,10,3,9,0,0,24.89,3.58,0,64.09
25-09-2025 11:00,11,3,9,0,0,26.13,6.56,0,52.63
25-09-2025 12:00,12,3,9,0,0,26.14,1.78,0,41.36
25-09-2025 13:00,13,3,9,0,0,23.25,4.17,0,31.16
25-09-2025 14:00,14,3,9,0,0,31.37,4.66,0,51.11
25-09-2025 15:00,15,3,9,0,0,30.52,7.5,0,56.3
25-09-2025 16:00,16,3,9,0,0,25.59,1.89,0,51.07
25-09-2025 17:00,17,3,9,0,0,25.77,0.5,0,67.99
25-09-2025 18:00,18,3,9,0,0,27.44,3,1,86.5
25-09-2025 19:00,19,3,9,0,0,24.43,2.59,1,85.3
25-09-2025 20:00,20,3,9,0,0,23.09,5.11,1,94.03
25-09-2025 21:00,21,3,9,0,0,20.01,3.22,1,88.03
25-09-2025 22:00,22,3,9,0,0,17.14,4.08,0,69.72
25-09-2025 23:00,23,3,9,0,0,13.69,1.68,0,64.77
26-09-2025 00:00,0,4,9,0,0,11.39,4.02,0,32.2
26-09-2025 01:00,1,4,9,0,0,13.08,0.59,0,27.19
26-09-2025 02:00,2,4,9,0,0,10.16,3.46,0,29.18
26-09-2025 03:00,3,4,9,0,0,9.4,4.5,0,32.92
26-09-2025 04:00,4,4,9,0,0,7.68,1.91,0,31.85
26-09-2025 05:00,5,4,9,0,0,15.7,4.06,0,38.57
26-09-2025 06:00,6,4,9,0,0,12.4,4.67,0,53.12
26-09-2025 07:00,7,4,9,0,0,13.97,0.5,1,67.1
26-09-2025 08:00,8,4,9,0,0,19.73,3.81,1,70.3
26-09-2025 09:00,9,4,9,0,0,21.38,4.2,1,63.07
26-09-2025 10:00,10,4,9,0,0,23.18,4.61,0,56.38
26-09-2025 11:00,11,4,9,0,0,25.22,1.71,0,48.5
26-09-2025 12:00,12,4,9,0,0,27.59,4.17,0,48.01
26-09-2025 13:00,13,4,9,0,0,30.48,2.26,0,47.84
26-09-2025 14:00,14,4,9,0,0,28.96,4.73,0,49.58
26-09-2025 15:00,15,4,9,0,0,30.56,5.5,0,51.55
26-09-2025 16:00,16,4,9,0,0,29.8,2.58,0,58.91
26-09-2025 17:00,17,4,9,0,0,26.82,4.4,0,65.03
26-09-2025 18:00,18,4,9,0,0,31.28,3.03,1,93.09
26-09-2025 19:00,19,4,9,0,0,22.49,3.02,1,80.63
26-09-2025 20:00,20,4,9,0,0,20.76,2.47,1,93.11
26-09-2025 21:00,21,4,9,0,0,18.05,5.07,1,83.91
26-09-2025 22:00,22,4,9,0,0,19.1,1.3,0,66.65
26-09-2025 23:00,23,4,9,0,0,12.98,2.34,0,59.22
27-09-2025 00:00,0,5,9,1,0,15.5,3.71,0,26.56
27-09-2025 01:00,1,5,9,1,0,12.75,3.56,0,22.18
27-09-2025 02:00,2,5,9,1,0,11.33,3.42,0,22.31
27-09-2025 03:00,3,5,9,1,0,11.99,1.05,0,21.82
27-09-2025 04:00,4,5,9,1,0,7.93,3.87,0,25.29
27-09-2025 05:00,5,5,9,1,0,11.41,3.44,0,32.8
27-09-2025 06:00,6,5,9,1,0,12.59,5.76,0,48.9
27-09-2025 07:00,7,5,9,1,0,14.13,5.08,1,49.25
27-09-2025 08:00,8,5,9,1,0,16.62,1.92,1,56.57
27-09-2025 09:00,9,5,9,1,0,19.69,3.41,1,56.65
27-09-2025 10:00,10,5,9,1,0,21.27,3.03,0,40.28
27-09-2025 11:00,11,5,9,1,0,24.27,4.5,0,33.81
27-09-2025 12:00,12,5,9,1,0,26.46,3.96,0,36.14
27-09-2025 13:00,13,5,9,1,0,28.68,4.8,0,35.74
27-09-2025 14:00,14,5,9,1,0,30.53,2.82,0,45.01
27-09-2025 15:00,15,5,9,1,0,29.58,2.63,0,43.4
27-09-2025 16:00,16,5,9,1,0,29.89,2.73,0,50.08
27-09-2025 17:00,17,5,9,1,0,28.16,2.68,0,58.72
27-09-2025 18:00,18,5,9,1,0,23.01,3.55,1,59.68
27-09-2025 19:00,19,5,9,1,0,26.13,3.84,1,77.04
27-09-2025 20:00,20,5,9,1,0,22.64,3.8,1,68.62
27-09-2025 21:00,21,5,9,1,0,19.78,3.21,1,71.55
27-09-2025 22:00,22,5,9,1,0,15.82,3.58,0,59.17
27-09-2025 23:00,23,5,9,1,0,16.97,3.17,0,43.63
28-09-2025 00:00,0,6,9,1,0,13.15,2.57,0,24.59
28-09-2025 01:00,1,6,9,1,0,12.53,2.95,0,28.65
28-09-2025 02:00,2,6,9,1,0,9.02,4.29,0,28.78
28-09-2025 03:00,3,6,9,1,0,8.94,2.59,0,25.85
28-09-2025 04:00,4,6,9,1,0,13.44,3.73,0,28.68
28-09-2025 05:00,5,6,9,1,0,9.49,3.36,0,37.22
28-09-2025 06:00,6,6,9,1,0,13.85,1.62,0,46.63
28-09-2025 07:00,7,6,9,1,0,13.58,1.74,1,49.92
28-09-2025 08:00,8,6,9,1,0,21.54,4.05,1,49.83
28-09-2025 09:00,9,6,9,1,0,20.07,5.88,1,51.92
28-09-2025 10:00,10,6,9,1,0,23.85,0.5,0,40.44
28-09-2025 11:00,11,6,9,1,0,20.37,1.65,0,38.64
28-09-2025 12:00,12,6,9,1,0,27.15,2.83,0,30.42
28-09-2025 13:00,13,6,9,1,0,24.42,5.08,0,24.24
28-09-2025 14:00,14,6,9,1,0,27.35,2.95,0,36.12
28-09-2025 15:00,15,6,9,1,0,29.96,4.6,0,43
28-09-2025 16:00,16,6,9,1,0,29.96,4.13,0,57.25
28-09-2025 17:00,17,6,9,1,0,27.69,4.02,0,54.61
28-09-2025 18:00,18,6,9,1,0,25.92,3.01,1,62.76
28-09-2025 19:00,19,6,9,1,0,28.06,4.43,1,77.44
28-09-2025 20:00,20,6,9,1,0,22.78,1.78,1,74.67
28-09-2025 21:00,21,6,9,1,0,20.96,2.71,1,67.13
28-09-2025 22:00,22,6,9,1,0,14.49,1.21,0,63.35
28-09-2025 23:00,23,6,9,1,0,14.96,4.84,0,48.31
29-09-2025 00:00,0,0,9,0,0,9.91,4.13,0,26.86
29-09-2025 01:00,1,0,9,0,0,11.81,1.69,0,31.39
29-09-2025 02:00,2,0,9,0,0,14.6,3.17,0,33.13
29-09-2025 03:00,3,0,9,0,0,10.48,1.75,0,32.93
29-09-2025 04:00,4,0,9,0,0,7.41,3.74,0,32.79
29-09-2025 05:00,5,0,9,0,0,10.6,6.28,0,43.91
29-09-2025 06:00,6,0,9,0,0,14.27,2.96,0,56.52
29-09-2025 07:00,7,0,9,0,0,12.4,2.55,1,65.92
29-09-2025 08:00,8,0,9,0,0,17.46,3.95,1,69.86
29-09-2025 09:00,9,0,9,0,0,19.58,4.38,1,60.19
29-09-2025 10:00,10,0,9,0,0,22.09,4.48,0,52.14
29-09-2025 11:00,11,0,9,0,0,20.98,5.58,0,42.85
29-09-2025 12:00,12,0,9,0,0,23.88,2.85,0,30.61
29-09-2025 13:00,13,0,9,0,0,33.69,3.7,0,65.04
29-09-2025 14:00,14,0,9,0,0,27.92,1.51,0,44.24
29-09-2025 15:00,15,0,9,0,0,30.05,3.64,0,49.01
29-09-2025 16:00,16,0,9,0,0,33.37,3.76,0,64.93
29-09-2025 17:00,17,0,9,0,0,30.11,3.71,0,76.63
29-09-2025 18:00,18,0,9,0,0,28.21,4.3,1,86.94
29-09-2025 19:00,19,0,9,0,0,26.68,2.66,1,92.55
29-09-2025 20:00,20,0,9,0,0,24.84,4.12,1,95.18
29-09-2025 21:00,21,0,9,0,0,20.91,3.59,1,81.09
29-09-2025 22:00,22,0,9,0,0,16.05,1.25,0,74.5
29-09-2025 23:00,23,0,9,0,0,17.91,5.71,0,54.2
30-09-2025 00:00,0,1,9,0,0,9.58,5.89,0,36.86
30-09-2025 01:00,1,1,9,0,0,11.26,2.14,0,30.6
30-09-2025 02:00,2,1,9,0,0,11.1,2.79,0,28.26
30-09-2025 03:00,3,1,9,0,0,10.32,2.15,0,38.05
30-09-2025 04:00,4,1,9,0,0,6.07,3.3,0,32.78
30-09-2025 05:00,5,1,9,0,0,10.8,4.21,0,40.86
30-09-2025 06:00,6,1,9,0,0,12.97,1.78,0,54.23
30-09-2025 07:00,7,1,9,0,0,13.23,3.41,1,64.36
30-09-2025 08:00,8,1,9,0,0,20.54,4.92,1,72.62
30-09-2025 09:00,9,1,9,0,0,21.14,2.35,1,65.76
30-09-2025 10:00,10,1,9,0,0,19.72,5.52,0,60.98
30-09-2025 11:00,11,1,9,0,0,24.97,2.12,0,46.15
30-09-2025 12:00,12,1,9,0,0,28.19,5.22,0,46.32
30-09-2025 13:00,13,1,9,0,0,28.27,5.58,0,43.25
30-09-2025 14:00,14,1,9,0,0,29.7,2.22,0,57.61
30-09-2025 15:00,15,1,9,0,0,30.5,3.69,0,54.24
30-09-2025 16:00,16,1,9,0,0,34.83,3.57,0,76.72
30-09-2025 17:00,17,1,9,0,0,29.46,5.52,0,70.86
30-09-2025 18:00,18,1,9,0,0,31.95,0.5,1,89.44
30-09-2025 19:00,19,1,9,0,0,24.28,4.77,1,89.51
30-09-2025 20:00,20,1,9,0,0,22.41,4.65,1,95.07
30-09-2025 21:00,21,1,9,0,0,21.12,5.11,1,82.02
30-09-2025 22:00,22,1,9,0,0,17.99,3.39,0,79.14
30-09-2025 23:00,23,1,9,0,0,14.21,2.34,0,59.93
01-10-2025 00:00,0,2,10,0,0,14.39,3.76,0,34.3
01-10-2025 01:00,1,2,10,0,0,14.06,1.07,0,28.88
01-10-2025 02:00,2,2,10,0,0,9.51,6.3,0,31.37
01-10-2025 03:00,3,2,10,0,0,8.99,5.78,0,31.37
01-10-2025 04:00,4,2,10,0,0,11.11,4.63,0,36.21
01-10-2025 05:00,5,2,10,0,0,12.38,4.33,0,39.03
01-10-2025 06:00,6,2,10,0,0,9.38,3.44,0,54.61
01-10-2025 07:00,7,2,10,0,0,18.04,3.99,1,65.17
01-10-2025 08:00,8,2,10,0,0,14.55,1.58,1,72.72
01-10-2025 09:00,9,2,10,0,0,20.43,2.17,1,65.68
01-10-2025 10:00,10,2,10,0,0,24.97,4.85,0,54.93
01-10-2025 11:00,11,2,10,0,0,26.9,1.46,0,49.18
01-10-2025 12:00,12,2,10,0,0,26.61,3.36,0,38.96
01-10-2025 13:00,13,2,10,0,0,32.1,2.38,0,54.75
01-10-2025 14:00,14,2,10,0,0,25.91,7.19,0,38.08
01-10-2025 15:00,15,2,10,0,0,27.9,1.84,0,44.27
01-10-2025 16:00,16,2,10,0,0,30.62,3.07,0,63.95
01-10-2025 17:00,17,2,10,0,0,28.64,3.98,0,66.87
01-10-2025 18:00,18,2,10,0,0,27.62,4.11,1,80.81
01-10-2025 19:00,19,2,10,0,0,26.83,3.63,1,94.22
01-10-2025 20:00,20,2,10,0,0,25.27,4.49,1,95.3
01-10-2025 21:00,21,2,10,0,0,17.83,3.32,1,88.98
01-10-2025 22:00,22,2,10,0,0,20.38,0.92,0,72.79
01-10-2025 23:00,23,2,10,0,0,17.31,3.43,0,52.63
02-10-2025 00:00,0,3,10,0,1,11.71,0.5,0,23.82
02-10-2025 01:00,1,3,10,0,1,10.07,1.81,0,24.25
02-10-2025 02:00,2,3,10,0,1,11.44,4.54,0,27.01
02-10-2025 03:00,3,3,10,0,1,8.52,2.96,0,25.12
02-10-2025 04:00,4,3,10,0,1,9.64,6.78,0,29.08
02-10-2025 05:00,5,3,10,0,1,13.49,2.45,0,30.09
02-10-2025 06:00,6,3,10,0,1,11.56,6.72,0,42.19
02-10-2025 07:00,7,3,10,0,1,15.32,2.01,1,54.72
02-10-2025 08:00,8,3,10,0,1,17.83,4.43,1,58.35
02-10-2025 09:00,9,3,10,0,1,20.93,2.53,1,52.82
02-10-2025 10:00,10,3,10,0,1,20.29,0.5,0,39.16
02-10-2025 11:00,11,3,10,0,1,21.85,3.87,0,33.03
02-10-2025 12:00,12,3,10,0,1,26.4,2.36,0,27.05
02-10-2025 13:00,13,3,10,0,1,27.79,2.48,0,34.41
02-10-2025 14:00,14,3,10,0,1,31.77,3.44,0,43.7
02-10-2025 15:00,15,3,10,0,1,27.81,2.82,0,40.32
02-10-2025 16:00,16,3,10,0,1,29.91,1.05,0,52.55
02-10-2025 17:00,17,3,10,0,1,31.57,0.8,0,65.86
02-10-2025 18:00,18,3,10,0,1,24.43,3.92,1,56.22
02-10-2025 19:00,19,3,10,0,1,24.4,4.3,1,68.94
02-10-2025 20:00,20,3,10,0,1,20.91,4.57,1,75
02-10-2025 21:00,21,3,10,0,1,21.09,3.86,1,70.68
02-10-2025 22:00,22,3,10,0,1,18.8,2.46,0,58.87
02-10-2025 23:00,23,3,10,0,1,13.82,2.68,0,44.37
03-10-2025 00:00,0,4,10,0,0,13.01,6.6,0,29.34
03-10-2025 01:00,1,4,10,0,0,13.78,1.41,0,26.58
03-10-2025 02:00,2,4,10,0,0,12.36,3.63,0,28.85
03-10-2025 03:00,3,4,10,0,0,12.72,2.34,0,34.63
03-10-2025 04:00,4,4,10,0,0,10.08,2.72,0,31.4
03-10-2025 05:00,5,4,10,0,0,14.57,4.9,0,39.44
03-10-2025 06:00,6,4,10,0,0,12.17,3.56,0,61.7
03-10-2025 07:00,7,4,10,0,0,17.16,1.05,1,57.27
03-10-2025 08:00,8,4,10,0,0,17.19,3.57,1,71.01
03-10-2025 09:00,9,4,10,0,0,22.67,1.24,1,65.09
03-10-2025 10:00,10,4,10,0,0,26.21,4.36,0,61.59
03-10-2025 11:00,11,4,10,0,0,26.75,2.85,0,49.81
03-10-2025 12:00,12,4,10,0,0,26.8,4.41,0,43.56
03-10-2025 13:00,13,4,10,0,0,25.97,4.86,0,37.83
03-10-2025 14:00,14,4,10,0,0,32.06,2.76,0,50.21
03-10-2025 15:00,15,4,10,0,0,28.46,1.69,0,45.82
03-10-2025 16:00,16,4,10,0,0,29.7,4.52,0,59.59
03-10-2025 17:00,17,4,10,0,0,27.23,3.72,0,66.31
03-10-2025 18:00,18,4,10,0,0,27.53,4.29,1,80.66
03-10-2025 19:00,19,4,10,0,0,26.38,1.22,1,87.85
03-10-2025 20:00,20,4,10,0,0,20.4,4.23,1,87.18
03-10-2025 21:00,21,4,10,0,0,21.52,5.97,1,83.51
03-10-2025 22:00,22,4,10,0,0,17.79,4.71,0,70.82
03-10-2025 23:00,23,4,10,0,0,13.01,1.69,0,55.76
04-10-2025 00:00,0,5,10,1,0,11.75,3.02,0,24.65
04-10-2025 01:00,1,5,10,1,0,14.42,3.2,0,29.75
04-10-2025 02:00,2,5,10,1,0,12.19,3.97,0,20.9
04-10-2025 03:00,3,5,10,1,0,9.22,3.95,0,23.04
04-10-2025 04:00,4,5,10,1,0,8.35,2.39,0,28.78
04-10-2025 05:00,5,5,10,1,0,14.72,3.64,0,30.96
04-10-2025 06:00,6,5,10,1,0,10.32,4.8,0,40.32
04-10-2025 07:00,7,5,10,1,0,10.68,1.81,1,54.7
04-10-2025 08:00,8,5,10,1,0,18.31,4.04,1,59.16
04-10-2025 09:00,9,5,10,1,0,19.57,2.93,1,49.48
04-10-2025 10:00,10,5,10,1,0,22.57,3.73,0,45.49
04-10-2025 11:00,11,5,10,1,0,26.81,2.56,0,41.76
04-10-2025 12:00,12,5,10,1,0,29.28,1.63,0,40.03
04-10-2025 13:00,13,5,10,1,0,27.05,2.98,0,39.49
04-10-2025 14:00,14,5,10,1,0,29.49,4.03,0,39.43
04-10-2025 15:00,15,5,10,1,0,27.39,2.67,0,37.31
04-10-2025 16:00,16,5,10,1,0,31.02,2.88,0,51.96
04-10-2025 17:00,17,5,10,1,0,24.78,5.16,0,49.19
04-10-2025 18:00,18,5,10,1,0,27.19,1.09,1,66.62
04-10-2025 19:00,19,5,10,1,0,27.42,2.36,1,80.24
04-10-2025 20:00,20,5,10,1,0,19.66,0.5,1,70.1
04-10-2025 21:00,21,5,10,1,0,21.08,1.57,1,67.79
04-10-2025 22:00,22,5,10,1,0,15.99,4.57,0,53.7
04-10-2025 23:00,23,5,10,1,0,13.18,4.09,0,46.7
05-10-2025 00:00,0,6,10,1,0,11.24,3.74,0,27.26
05-10-2025 01:00,1,6,10,1,0,12.12,2.46,0,27.23
05-10-2025 02:00,2,6,10,1,0,7.58,4.02,0,24.95
05-10-2025 03:00,3,6,10,1,0,13.6,3.58,0,24.15
05-10-2025 04:00,4,6,10,1,0,11.29,3.08,0,27.75
05-10-2025 05:00,5,6,10,1,0,8.61,1.11,0,34.15
05-10-2025 06:00,6,6,10,1,0,12.16,2.8,0,43.29
05-10-2025 07:00,7,6,10,1,0,16.97,3.52,1,52.94
05-10-2025 08:00,8,6,10,1,0,21.54,3.33,1,56.21
05-10-2025 09:00,9,6,10,1,0,19.37,3.41,1,50.75
05-10-2025 10:00,10,6,10,1,0,19.14,4.75,0,42.13
05-10-2025 11:00,11,6,10,1,0,24.48,4.05,0,38.71
05-10-2025 12:00,12,6,10,1,0,27.44,3.94,0,39.21
05-10-2025 13:00,13,6,10,1,0,30.16,2.94,0,38.45
05-10-2025 14:00,14,6,10,1,0,32.37,3.14,0,51.2
05-10-2025 15:00,15,6,10,1,0,29.07,2.88,0,44.99
05-10-2025 16:00,16,6,10,1,0,32.77,2.55,0,55.17
05-10-2025 17:00,17,6,10,1,0,29.82,3.76,0,58.04
05-10-2025 18:00,18,6,10,1,0,27.81,3.58,1,68.47
05-10-2025 19:00,19,6,10,1,0,24.42,1.15,1,73.04
05-10-2025 20:00,20,6,10,1,0,20.39,4.08,1,67.81
05-10-2025 21:00,21,6,10,1,0,21.73,1.57,1,65.77
05-10-2025 22:00,22,6,10,1,0,16.96,2.4,0,59.62
05-10-2025 23:00,23,6,10,1,0,17.25,6.96,0,41.86
06-10-2025 00:00,0,0,10,0,0,13.03,1.7,0,27.86
06-10-2025 01:00,1,0,10,0,0,12.51,4.59,0,31.78
06-10-2025 02:00,2,0,10,0,0,6.78,5.41,0,34.25
06-10-2025 03:00,3,0,10,0,0,13.03,4.14,0,32.46
06-10-2025 04:00,4,0,10,0,0,7.15,4.6,0,38.97
06-10-2025 05:00,5,0,10,0,0,10.94,2.5,0,38.19
06-10-2025 06:00,6,0,10,0,0,11.83,4.5,0,54.92
06-10-2025 07:00,7,0,10,0,0,14.66,4.35,1,67.49
06-10-2025 08:00,8,0,10,0,0,18.79,1.72,1,67.22
06-10-2025 09:00,9,0,10,0,0,22.05,4.92,1,61.17
06-10-2025 10:00,10,0,10,0,0,21.58,5.37,0,55.33
06-10-2025 11:00,11,0,10,0,0,26.3,4.37,0,44.74
06-10-2025 12:00,12,0,10,0,0,29.68,4.69,0,52.08
06-10-2025 13:00,13,0,10,0,0,29.95,2.7,0,44.02
06-10-2025 14:00,14,0,10,0,0,29.91,6.26,0,49
06-10-2025 15:00,15,0,10,0,0,32.69,3.23,0,60.12
06-10-2025 16:00,16,0,10,0,0,28.38,3.34,0,54.65
06-10-2025 17:00,17,0,10,0,0,30.21,3.13,0,71.32
06-10-2025 18:00,18,0,10,0,0,25.78,2.41,1,76.46
06-10-2025 19:00,19,0,10,0,0,25.53,4.19,1,84.97
06-10-2025 20:00,20,0,10,0,0,24.3,3.72,1,90.73
06-10-2025 21:00,21,0,10,0,0,21.16,2.58,1,85.01
06-10-2025 22:00,22,0,10,0,0,19.7,3.2,0,74.04
06-10-2025 23:00,23,0,10,0,0,14.91,2.62,0,58.71
07-10-2025 00:00,0,1,10,0,0,11.76,0.67,0,26.84
07-10-2025 01:00,1,1,10,0,0,10.52,2.23,0,36.1
07-10-2025 02:00,2,1,10,0,0,11.48,5.82,0,32.36
07-10-2025 03:00,3,1,10,0,0,10.42,3.55,0,27.9
07-10-2025 04:00,4,1,10,0,0,8.93,3.91,0,37.11
07-10-2025 05:00,5,1,10,0,0,9.46,7.4,0,43.87
07-10-2025 06:00,6,1,10,0,0,16.27,4.56,0,50.47
07-10-2025 07:00,7,1,10,0,0,17.21,4.88,1,68.24
07-10-2025 08:00,8,1,10,0,0,15.76,2.82,1,71.02
07-10-2025 09:00,9,1,10,0,0,21.21,1.44,1,66.2
07-10-2025 10:00,10,1,10,0,0,22.41,3.26,0,53.78
07-10-2025 11:00,11,1,10,0,0,25.47,3.06,0,43.84
07-10-2025 12:00,12,1,10,0,0,25.77,1.74,0,43.26
07-10-2025 13:00,13,1,10,0,0,29.56,2.95,0,40.29
07-10-2025 14:00,14,1,10,0,0,31.37,4.71,0,53.73
07-10-2025 15:00,15,1,10,0,0,28.29,4.58,0,52.63
07-10-2025 16:00,16,1,10,0,0,30.08,4.25,0,57.83
07-10-2025 17:00,17,1,10,0,0,28.21,2.16,0,70.16
07-10-2025 18:00,18,1,10,0,0,27.59,4.55,1,77.63
07-10-2025 19:00,19,1,10,0,0,23.48,2.2,1,80.36
07-10-2025 20:00,20,1,10,0,0,22.81,4.33,1,90
07-10-2025 21:00,21,1,10,0,0,20.65,5.4,1,84.79
07-10-2025 22:00,22,1,10,0,0,18.27,4.11,0,72.51
07-10-2025 23:00,23,1,10,0,0,14.8,5.17,0,54.8
08-10-2025 00:00,0,2,10,0,0,14.2,2.96,0,26.5
08-10-2025 01:00,1,2,10,0,0,10.34,0.5,0,24.34
08-10-2025 02:00,2,2,10,0,0,10.6,3.11,0,28.08
08-10-2025 03:00,3,2,10,0,0,7.48,3.65,0,33
08-10-2025 04:00,4,2,10,0,0,9.03,3.16,0,35.37
08-10-2025 05:00,5,2,10,0,0,13.72,4.54,0,45.17
08-10-2025 06:00,6,2,10,0,0,9.71,0.5,0,55.09
08-10-2025 07:00,7,2,10,0,0,11.62,2.74,1,66.4
08-10-2025 08:00,8,2,10,0,0,17.61,1.09,1,63.37
08-10-2025 09:00,9,2,10,0,0,20.58,6.6,1,66.33
08-10-2025 10:00,10,2,10,0,0,19.33,2.86,0,55.5
08-10-2025 11:00,11,2,10,0,0,23.76,3.16,0,41.93
08-10-2025 12:00,12,2,10,0,0,27.29,2.99,0,49.94
08-10-2025 13:00,13,2,10,0,0,28.04,4.08,0,48.77
08-10-2025 14:00,14,2,10,0,0,30.4,3.13,0,52.85
08-10-2025 15:00,15,2,10,0,0,30.48,6.81,0,54.07
08-10-2025 16:00,16,2,10,0,0,30.08,5.99,0,60.05
08-10-2025 17:00,17,2,10,0,0,28.09,4.62,0,68.67
08-10-2025 18:00,18,2,10,0,0,26.29,3.4,1,76.76
08-10-2025 19:00,19,2,10,0,0,23.87,3.89,1,87.04
08-10-2025 20:00,20,2,10,0,0,24,4.38,1,89.99
08-10-2025 21:00,21,2,10,0,0,18.87,2.92,1,87.39
08-10-2025 22:00,22,2,10,0,0,15.76,0.96,0,70.45
08-10-2025 23:00,23,2,10,0,0,17.32,3.95,0,61.06
09-10-2025 00:00,0,3,10,0,0,14.89,4.52,0,27.83
09-10-2025 01:00,1,3,10,0,0,10.66,2.31,0,29.86
09-10-2025 02:00,2,3,10,0,0,5.59,1.93,0,25.92
09-10-2025 03:00,3,3,10,0,0,7.66,5.39,0,32.28
09-10-2025 04:00,4,3,10,0,0,6.97,4.15,0,38.57
09-10-2025 05:00,5,3,10,0,0,11.86,2.74,0,48.56
09-10-2025 06:00,6,3,10,0,0,14.03,4.77,0,48.52
09-10-2025 07:00,7,3,10,0,0,14.79,3.4,1,68.79
09-10-2025 08:00,8,3,10,0,0,17.09,2.22,1,70.27
09-10-2025 09:00,9,3,10,0,0,17.37,2.13,1,67.76
09-10-2025 10:00,10,3,10,0,0,22.95,5.29,0,50.75
09-10-2025 11:00,11,3,10,0,0,23.78,3.29,0,42.91
09-10-2025 12:00,12,3,10,0,0,24.58,2.23,0,40.83
09-10-2025 13:00,13,3,10,0,0,29.2,2.53,0,45.37
09-10-2025 14:00,14,3,10,0,0,27.64,3.01,0,44.44
09-10-2025 15:00,15,3,10,0,0,29.5,3.28,0,55.39
09-10-2025 16:00,16,3,10,0,0,32.96,3.25,0,71.84
09-10-2025 17:00,17,3,10,0,0,28.91,4.36,0,72.2
09-10-2025 18:00,18,3,10,0,0,27.08,2.18,1,81.71
09-10-2025 19:00,19,3,10,0,0,25.2,3.7,1,84.24
09-10-2025 20:00,20,3,10,0,0,20.53,2.21,1,91.48
09-10-2025 21:00,21,3,10,0,0,21.77,4.71,1,84.46
09-10-2025 22:00,22,3,10,0,0,18.28,4.81,0,71.59
09-10-2025 23:00,23,3,10,0,0,13.96,6.69,0,60.92
10-10-2025 00:00,0,4,10,0,0,9.35,3.7,0,27.24
10-10-2025 01:00,1,4,10,0,0,8.5,4.3,0,27.6
10-10-2025 02:00,2,4,10,0,0,12.98,1.33,0,30.6
10-10-2025 03:00,3,4,10,0,0,10.33,5.84,0,34.95
10-10-2025 04:00,4,4,10,0,0,10.13,1.71,0,37.23
10-10-2025 05:00,5,4,10,0,0,13.56,4.68,0,43.08
10-10-2025 06:00,6,4,10,0,0,15.09,5.07,0,53.52
10-10-2025 07:00,7,4,10,0,0,13.23,4.58,1,68.01
10-10-2025 08:00,8,4,10,0,0,17.8,4.5,1,72.79
10-10-2025 09:00,9,4,10,0,0,15.31,3.41,1,61.72
10-10-2025 10:00,10,4,10,0,0,23.93,1.65,0,47.48
10-10-2025 11:00,11,4,10,0,0,29.14,1.61,0,58.48
10-10-2025 12:00,12,4,10,0,0,27.28,8.25,0,47.61
10-10-2025 13:00,13,4,10,0,0,30.56,4.72,0,49.37
10-10-2025 14:00,14,4,10,0,0,28.11,0.5,0,44.69
10-10-2025 15:00,15,4,10,0,0,27.97,1.73,0,42.79
10-10-2025 16:00,16,4,10,0,0,30.28,2.3,0,62.49
10-10-2025 17:00,17,4,10,0,0,30.68,4.63,0,73.11
10-10-2025 18:00,18,4,10,0,0,27.43,5.84,1,77.38
10-10-2025 19:00,19,4,10,0,0,24.9,4.61,1,84.48
10-10-2025 20:00,20,4,10,0,0,20.99,3.92,1,91.93
10-10-2025 21:00,21,4,10,0,0,23.81,3.51,1,84.54
10-10-2025 22:00,22,4,10,0,0,14.47,2.27,0,74.82
10-10-2025 23:00,23,4,10,0,0,14.37,3.36,0,57.1
11-10-2025 00:00,0,5,10,1,0,14.67,2.34,0,25.66
11-10-2025 01:00,1,5,10,1,0,12.01,5.59,0,24.33
11-10-2025 02:00,2,5,10,1,0,7.95,6.8,0,20.98
11-10-2025 03:00,3,5,10,1,0,13.27,1.73,0,31.05
11-10-2025 04:00,4,5,10,1,0,9.99,1.86,0,27.59
11-10-2025 05:00,5,5,10,1,0,10.21,6.8,0,37.18
11-10-2025 06:00,6,5,10,1,0,13.07,1.5,0,42.69
11-10-2025 07:00,7,5,10,1,0,13.87,5,1,53.4
11-10-2025 08:00,8,5,10,1,0,17.11,3.24,1,53.86
11-10-2025 09:00,9,5,10,1,0,19.15,3.9,1,51.92
11-10-2025 10:00,10,5,10,1,0,19.98,5.33,0,49.02
11-10-2025 11:00,11,5,10,1,0,26.9,4.15,0,43.68
11-10-2025 12:00,12,5,10,1,0,29.1,3.19,0,39.58
11-10-2025 13:00,13,5,10,1,0,27.52,3.19,0,40.26
11-10-2025 14:00,14,5,10,1,0,28.43,1.79,0,35.06
11-10-2025 15:00,15,5,10,1,0,26.84,3.41,0,32.75
11-10-2025 16:00,16,5,10,1,0,29.1,3.58,0,48.46
11-10-2025 17:00,17,5,10,1,0,28.2,2.45,0,59.22
11-10-2025 18:00,18,5,10,1,0,29.65,4.03,1,74.14
11-10-2025 19:00,19,5,10,1,0,24.02,4.18,1,67.13
11-10-2025 20:00,20,5,10,1,0,21.92,5.94,1,74.77
11-10-2025 21:00,21,5,10,1,0,21.63,3.45,1,67.14
11-10-2025 22:00,22,5,10,1,0,16.92,3.38,0,59.1
11-10-2025 23:00,23,5,10,1,0,15.04,6.91,0,50.09
12-10-2025 00:00,0,6,10,1,0,12.95,3.5,0,28.52
12-10-2025 01:00,1,6,10,1,0,11.77,7.1,0,18
12-10-2025 02:00,2,6,10,1,0,10.42,5.86,0,22.74
12-10-2025 03:00,3,6,10,1,0,9.91,4.03,0,31.13
12-10-2025 04:00,4,6,10,1,0,9.42,7.38,0,25.6
12-10-2025 05:00,5,6,10,1,0,12.42,3.92,0,31.65
12-10-2025 06:00,6,6,10,1,0,17.41,4.65,0,44.32
12-10-2025 07:00,7,6,10,1,0,12.06,4,1,49.8
12-10-2025 08:00,8,6,10,1,0,20.42,6.03,1,54.69
12-10-2025 09:00,9,6,10,1,0,17.89,3.23,1,53.2
12-10-2025 10:00,10,6,10,1,0,25.78,4.53,0,51.47
12-10-2025 11:00,11,6,10,1,0,25.27,4.55,0,39.52
12-10-2025 12:00,12,6,10,1,0,28.05,5.81,0,33.36
12-10-2025 13:00,13,6,10,1,0,29.38,1.36,0,42.79
12-10-2025 14:00,14,6,10,1,0,28.35,2.32,0,35.46
12-10-2025 15:00,15,6,10,1,0,28.96,3.25,0,40.54
12-10-2025 16:00,16,6,10,1,0,29.85,2.98,0,53.35
12-10-2025 17:00,17,6,10,1,0,29.67,2.76,0,58.82
12-10-2025 18:00,18,6,10,1,0,28.02,2.61,1,68.74
12-10-2025 19:00,19,6,10,1,0,25.38,4.73,1,68.85
12-10-2025 20:00,20,6,10,1,0,21.04,4.12,1,75.91
12-10-2025 21:00,21,6,10,1,0,21.67,2.76,1,70.48
12-10-2025 22:00,22,6,10,1,0,16.24,4.53,0,59.22
12-10-2025 23:00,23,6,10,1,0,16.36,1.73,0,48.82
13-10-2025 00:00,0,0,10,0,0,12.88,3.02,0,31.59
13-10-2025 01:00,1,0,10,0,0,11.13,5.47,0,28.6
13-10-2025 02:00,2,0,10,0,0,9.99,2.12,0,28.13
13-10-2025 03:00,3,0,10,0,0,7.58,3.59,0,35.69
13-10-2025 04:00,4,0,10,0,0,8.4,0.5,0,38.7
13-10-2025 05:00,5,0,10,0,0,11.57,1.35,0,43.1
13-10-2025 06:00,6,0,10,0,0,10.29,2.17,0,59.04
13-10-2025 07:00,7,0,10,0,0,16.1,5.34,1,66.29
13-10-2025 08:00,8,0,10,0,0,17.91,4.03,1,70.74
13-10-2025 09:00,9,0,10,0,0,19.32,3.21,1,66.04
13-10-2025 10:00,10,0,10,0,0,22.66,4.45,0,55.11
13-10-2025 11:00,11,0,10,0,0,22.61,3.61,0,37.73
13-10-2025 12:00,12,0,10,0,0,29.16,2.03,0,49.71
13-10-2025 13:00,13,0,10,0,0,29.23,3.39,0,52.4
13-10-2025 14:00,14,0,10,0,0,30.46,3.78,0,48.35
13-10-2025 15:00,15,0,10,0,0,28.94,2.32,0,47.8
13-10-2025 16:00,16,0,10,0,0,26.04,5.92,0,49.16
13-10-2025 17:00,17,0,10,0,0,29.49,3.48,0,73.05
13-10-2025 18:00,18,0,10,0,0,28.26,2.96,1,81.56
13-10-2025 19:00,19,0,10,0,0,22.46,5.48,1,79.85
13-10-2025 20:00,20,0,10,0,0,23.81,2.58,1,91.78
13-10-2025 21:00,21,0,10,0,0,18.69,4.07,1,83.37
13-10-2025 22:00,22,0,10,0,0,19.39,2.78,0,75.05
13-10-2025 23:00,23,0,10,0,0,14.08,3.19,0,60.21
14-10-2025 00:00,0,1,10,0,0,10.17,2.73,0,27.37
14-10-2025 01:00,1,1,10,0,0,13.39,4.76,0,27.22
14-10-2025 02:00,2,1,10,0,0,9.08,4.6,0,28.65
14-10-2025 03:00,3,1,10,0,0,11.81,4.04,0,29.09
14-10-2025 04:00,4,1,10,0,0,7.06,2.56,0,35.43
14-10-2025 05:00,5,1,10,0,0,10.67,3.34,0,36.61
14-10-2025 06:00,6,1,10,0,0,13.66,2.47,0,51.82
14-10-2025 07:00,7,1,10,0,0,14.75,4.23,1,66.65
14-10-2025 08:00,8,1,10,0,0,16.57,1.18,1,74.02
14-10-2025 09:00,9,1,10,0,0,23.07,6.74,1,65.94
14-10-2025 10:00,10,1,10,0,0,21.85,2.13,0,53.08
14-10-2025 11:00,11,1,10,0,0,24.58,2.82,0,44.34
14-10-2025 12:00,12,1,10,0,0,25.37,4.34,0,41.53
14-10-2025 13:00,13,1,10,0,0,29.05,2.62,0,46.23
14-10-2025 14:00,14,1,10,0,0,32.64,5.69,0,57.31
14-10-2025 15:00,15,1,10,0,0,27.1,6.01,0,45.17
14-10-2025 16:00,16,1,10,0,0,28.47,3.32,0,59.12
14-10-2025 17:00,17,1,10,0,0,28.62,5.67,0,72.49
14-10-2025 18:00,18,1,10,0,0,24.38,0.5,1,73.58
14-10-2025 19:00,19,1,10,0,0,19.19,2.72,1,87.98
14-10-2025 20:00,20,1,10,0,0,25.74,3.9,1,92.81
14-10-2025 21:00,21,1,10,0,0,20.6,3.79,1,80.39
14-10-2025 22:00,22,1,10,0,0,19.55,0.5,0,69.72
14-10-2025 23:00,23,1,10,0,0,14.24,5.68,0,58.07
15-10-2025 00:00,0,2,10,0,0,13.71,3.58,0,34.3
15-10-2025 01:00,1,2,10,0,0,12.18,3.75,0,30.62
15-10-2025 02:00,2,2,10,0,0,11.28,2.07,0,27.95
15-10-2025 03:00,3,2,10,0,0,8.77,0.5,0,31.95
15-10-2025 04:00,4,2,10,0,0,4.97,2.69,0,35.5
15-10-2025 05:00,5,2,10,0,0,9.94,2.15,0,41.39
15-10-2025 06:00,6,2,10,0,0,13.01,3.81,0,53.51
15-10-2025 07:00,7,2,10,0,0,15.66,4.58,1,63.92
15-10-2025 08:00,8,2,10,0,0,18.57,2.2,1,68.32
15-10-2025 09:00,9,2,10,0,0,18.37,0.5,1,66.25
15-10-2025 10:00,10,2,10,0,0,22.7,4.74,0,56.13
15-10-2025 11:00,11,2,10,0,0,23.54,1.59,0,48.25
15-10-2025 12:00,12,2,10,0,0,25.23,3.12,0,42.81
15-10-2025 13:00,13,2,10,0,0,25.98,1.3,0,34.69
15-10-2025 14:00,14,2,10,0,0,30.91,2.43,0,51.36
15-10-2025 15:00,15,2,10,0,0,30.03,2.66,0,50.77
15-10-2025 16:00,16,2,10,0,0,29.58,4.54,0,59.74
15-10-2025 17:00,17,2,10,0,0,31.01,4.23,0,77.51
15-10-2025 18:00,18,2,10,0,0,26.73,2.69,1,79.88
15-10-2025 19:00,19,2,10,0,0,23.53,2.48,1,89.41
15-10-2025 20:00,20,2,10,0,0,25.31,4.08,1,90.2
15-10-2025 21:00,21,2,10,0,0,21.21,3.98,1,87.45
15-10-2025 22:00,22,2,10,0,0,17.6,2.87,0,77.73
15-10-2025 23:00,23,2,10,0,0,14.35,4.96,0,56.08
16-10-2025 00:00,0,3,10,0,0,12.01,3.53,0,30.05
16-10-2025 01:00,1,3,10,0,0,8.41,2.78,0,32.09
16-10-2025 02:00,2,3,10,0,0,9.54,4.32,0,32.22
16-10-2025 03:00,3,3,10,0,0,11.14,1.58,0,31.87
16-10-2025 04:00,4,3,10,0,0,9.77,5.79,0,32.98
16-10-2025 05:00,5,3,10,0,0,12.58,2.8,0,42.11
16-10-2025 06:00,6,3,10,0,0,13.49,2.41,0,55.73
16-10-2025 07:00,7,3,10,0,0,16.29,3.43,1,63.74
16-10-2025 08:00,8,3,10,0,0,16.42,5.12,1,72.42
16-10-2025 09:00,9,3,10,0,0,21.49,2.6,1,59.93
16-10-2025 10:00,10,3,10,0,0,24.87,3.04,0,60.7
16-10-2025 11:00,11,3,10,0,0,29.38,4.88,0,54.52
16-10-2025 12:00,12,3,10,0,0,28.03,4.51,0,46.92
16-10-2025 13:00,13,3,10,0,0,29.25,6.16,0,41.42
16-10-2025 14:00,14,3,10,0,0,28.75,3.75,0,42.5
16-10-2025 15:00,15,3,10,0,0,30.25,1.75,0,52.98
16-10-2025 16:00,16,3,10,0,0,29.56,1.85,0,61.5
16-10-2025 17:00,17,3,10,0,0,30.91,2.36,0,81.32
16-10-2025 18:00,18,3,10,0,0,27.97,1.66,1,89.94
16-10-2025 19:00,19,3,10,0,0,23.82,3.9,1,88.38
16-10-2025 20:00,20,3,10,0,0,23.86,0.89,1,90.81
16-10-2025 21:00,21,3,10,0,0,19.73,1.6,1,82.01
16-10-2025 22:00,22,3,10,0,0,14.48,2.35,0,69.91
16-10-2025 23:00,23,3,10,0,0,17.23,4.54,0,60.32
17-10-2025 00:00,0,4,10,0,0,13.04,4.11,0,23.75
17-10-2025 01:00,1,4,10,0,0,8.35,3.07,0,27.68
17-10-2025 02:00,2,4,10,0,0,13.51,2.91,0,31.36
17-10-2025 03:00,3,4,10,0,0,8.25,2.42,0,35.88
17-10-2025 04:00,4,4,10,0,0,9.72,5.37,0,33.34
17-10-2025 05:00,5,4,10,0,0,11.16,3.96,0,44.98
17-10-2025 06:00,6,4,10,0,0,14.1,6.16,0,57.97
17-10-2025 07:00,7,4,10,0,0,15.89,4.06,1,66.24
17-10-2025 08:00,8,4,10,0,0,17.32,0.5,1,66.65
17-10-2025 09:00,9,4,10,0,0,18.06,3.4,1,68.76
17-10-2025 10:00,10,4,10,0,0,24.07,4.09,0,51.93
17-10-2025 11:00,11,4,10,0,0,23.59,3.93,0,40.61
17-10-2025 12:00,12,4,10,0,0,25.94,4.78,0,37.02
17-10-2025 13:00,13,4,10,0,0,26.73,5.38,0,36.58
17-10-2025 14:00,14,4,10,0,0,22.63,2.82,0,30.96
17-10-2025 15:00,15,4,10,0,0,31.06,3.83,0,55.19
17-10-2025 16:00,16,4,10,0,0,29.42,2.4,0,64.84
17-10-2025 17:00,17,4,10,0,0,29.64,5.58,0,72.57
17-10-2025 18:00,18,4,10,0,0,24.31,4.28,1,75.05
17-10-2025 19:00,19,4,10,0,0,22.58,6.19,1,90.44
17-10-2025 20:00,20,4,10,0,0,21.22,4.7,1,92.06
17-10-2025 21:00,21,4,10,0,0,20.12,3.74,1,84.28
17-10-2025 22:00,22,4,10,0,0,15.87,1.97,0,79.83
17-10-2025 23:00,23,4,10,0,0,12.3,5.97,0,53.84
18-10-2025 00:00,0,5,10,1,0,13.32,1.33,0,21.67
18-10-2025 01:00,1,5,10,1,0,12.43,2.14,0,20.75
18-10-2025 02:00,2,5,10,1,0,9.51,2.32,0,20.2
18-10-2025 03:00,3,5,10,1,0,11.75,3.39,0,29.96
18-10-2025 04:00,4,5,10,1,0,10.68,5.16,0,31.72
18-10-2025 05:00,5,5,10,1,0,10.87,4.32,0,37.63
18-10-2025 06:00,6,5,10,1,0,13.33,2.42,0,44.32
18-10-2025 07:00,7,5,10,1,0,16,4.71,1,47.8
18-10-2025 08:00,8,5,10,1,0,17.35,2.56,1,53.44
18-10-2025 09:00,9,5,10,1,0,19.92,2.66,1,54.24
18-10-2025 10:00,10,5,10,1,0,20.62,4.61,0,42.82
18-10-2025 11:00,11,5,10,1,0,27.27,0.5,0,46.7
18-10-2025 12:00,12,5,10,1,0,28.41,3.24,0,43
18-10-2025 13:00,13,5,10,1,0,30.26,3.05,0,41.75
18-10-2025 14:00,14,5,10,1,0,30.99,4.21,0,45.09
18-10-2025 15:00,15,5,10,1,0,30.08,1.55,0,39.8
18-10-2025 16:00,16,5,10,1,0,29.16,4.65,0,51.46
18-10-2025 17:00,17,5,10,1,0,28.75,3.59,0,58.85
18-10-2025 18:00,18,5,10,1,0,30.01,4.09,1,74.26
18-10-2025 19:00,19,5,10,1,0,26,4.16,1,75.55
18-10-2025 20:00,20,5,10,1,0,21.27,3.92,1,66.96
18-10-2025 21:00,21,5,10,1,0,20.32,1.94,1,70.07
18-10-2025 22:00,22,5,10,1,0,14.84,5.16,0,58.33
18-10-2025 23:00,23,5,10,1,0,13.35,5.76,0,47.95
19-10-2025 00:00,0,6,10,1,0,14.59,6.05,0,18.15
19-10-2025 01:00,1,6,10,1,0,10.74,4.42,0,24.64
19-10-2025 02:00,2,6,10,1,0,8.91,2.36,0,23.9
19-10-2025 03:00,3,6,10,1,0,7.98,3.49,0,28.85
19-10-2025 04:00,4,6,10,1,0,8.1,2.88,0,30.43
19-10-2025 05:00,5,6,10,1,0,11.52,0.5,0,33.47
19-10-2025 06:00,6,6,10,1,0,8.84,4.33,0,49.01
19-10-2025 07:00,7,6,10,1,0,16.46,2.49,1,55.34
19-10-2025 08:00,8,6,10,1,0,18.12,4.42,1,56.33
19-10-2025 09:00,9,6,10,1,0,22.69,2.14,1,51.58
19-10-2025 10:00,10,6,10,1,0,22.74,2.83,0,41.34
19-10-2025 11:00,11,6,10,1,0,25.77,5.05,0,41.96
19-10-2025 12:00,12,6,10,1,0,27.51,3.64,0,32.92
19-10-2025 13:00,13,6,10,1,0,26.67,4.86,0,32.09
19-10-2025 14:00,14,6,10,1,0,29.66,6.18,0,39.41
19-10-2025 15:00,15,6,10,1,0,32.24,1.37,0,52.01
19-10-2025 16:00,16,6,10,1,0,31.69,4.44,0,52.65
19-10-2025 17:00,17,6,10,1,0,30.68,3.1,0,69.9
19-10-2025 18:00,18,6,10,1,0,28.41,5.46,1,66.09
19-10-2025 19:00,19,6,10,1,0,26.56,4.6,1,72.84
19-10-2025 20:00,20,6,10,1,0,22.6,3.82,1,73.27
19-10-2025 21:00,21,6,10,1,0,21.46,4.24,1,68.44
19-10-2025 22:00,22,6,10,1,0,21.77,3.1,0,54.79
19-10-2025 23:00,23,6,10,1,0,16.02,0.5,0,46.16
20-10-2025 00:00,0,0,10,0,0,12.03,4.56,0,31.01
20-10-2025 01:00,1,0,10,0,0,14.75,5.13,0,30.98
20-10-2025 02:00,2,0,10,0,0,10.05,2.05,0,28.25
20-10-2025 03:00,3,0,10,0,0,11.46,7.77,0,33.71
20-10-2025 04:00,4,0,10,0,0,8.84,4.43,0,37.73
20-10-2025 05:00,5,0,10,0,0,9.88,0.5,0,45.61
20-10-2025 06:00,6,0,10,0,0,11.62,2.18,0,50.39
20-10-2025 07:00,7,0,10,0,0,15.24,4.79,1,66.97
20-10-2025 08:00,8,0,10,0,0,21.25,4.47,1,65.89
20-10-2025 09:00,9,0,10,0,0,19.12,4.81,1,64.63
20-10-2025 10:00,10,0,10,0,0,20.87,5.93,0,51.11
20-10-2025 11:00,11,0,10,0,0,24.14,2.25,0,48.03
20-10-2025 12:00,12,0,10,0,0,24.83,3.07,0,39.6
20-10-2025 13:00,13,0,10,0,0,26.86,0.54,0,40.5
20-10-2025 14:00,14,0,10,0,0,31.17,0.98,0,51.14
20-10-2025 15:00,15,0,10,0,0,28.75,3.46,0,51.81
20-10-2025 16:00,16,0,10,0,0,28.65,3.28,0,57.13
20-10-2025 17:00,17,0,10,0,0,24.67,1.05,0,62.1
20-10-2025 18:00,18,0,10,0,0,29.81,4.07,1,83.33
20-10-2025 19:00,19,0,10,0,0,21.29,3.39,1,86.3
20-10-2025 20:00,20,0,10,0,0,21.42,6.23,1,89.13
20-10-2025 21:00,21,0,10,0,0,17.53,3.24,1,84.75
20-10-2025 22:00,22,0,10,0,0,16.9,1.95,0,73.08
20-10-2025 23:00,23,0,10,0,0,14.53,2.51,0,56.54
21-10-2025 00:00,0,1,10,0,0,12.23,4.16,0,31.68
21-10-2025 01:00,1,1,10,0,0,12.52,2.78,0,30.98
21-10-2025 02:00,2,1,10,0,0,8.69,3.36,0,29.33
21-10-2025 03:00,3,1,10,0,0,11.8,3.17,0,29.94
21-10-2025 04:00,4,1,10,0,0,12.29,1.99,0,36.99
21-10-2025 05:00,5,1,10,0,0,13.31,6.4,0,44.08
21-10-2025 06:00,6,1,10,0,0,18.2,2.85,0,50.75
21-10-2025 07:00,7,1,10,0,0,17.67,3.31,1,65.04
21-10-2025 08:00,8,1,10,0,0,17.53,2.56,1,66.77
21-10-2025 09:00,9,1,10,0,0,24.07,6.53,1,67.38
21-10-2025 10:00,10,1,10,0,0,22.83,4.19,0,56.18
21-10-2025 11:00,11,1,10,0,0,27.36,3.13,0,50.12
21-10-2025 12:00,12,1,10,0,0,30.02,1.93,0,50.34
21-10-2025 13:00,13,1,10,0,0,28.01,3.83,0,41.57
21-10-2025 14:00,14,1,10,0,0,29.09,5.3,0,50.19
21-10-2025 15:00,15,1,10,0,0,28.14,3.38,0,43.26
21-10-2025 16:00,16,1,10,0,0,29.75,4.34,0,58.35
21-10-2025 17:00,17,1,10,0,0,30.35,3.78,0,69.73
21-10-2025 18:00,18,1,10,0,0,23.78,2.14,1,73.42
21-10-2025 19:00,19,1,10,0,0,24.66,3.74,1,85.83
21-10-2025 20:00,20,1,10,0,0,22.09,2.01,1,82.93
21-10-2025 21:00,21,1,10,0,0,16.77,3.69,1,81.04
21-10-2025 22:00,22,1,10,0,0,17.14,4.47,0,70.06
21-10-2025 23:00,23,1,10,0,0,15.15,3.78,0,54.31
22-10-2025 00:00,0,2,10,0,0,10.49,4.35,0,29.36
22-10-2025 01:00,1,2,10,0,0,10.05,4.03,0,23.59
22-10-2025 02:00,2,2,10,0,0,13.03,5,0,32.92
22-10-2025 03:00,3,2,10,0,0,12.08,5.64,0,27.66
22-10-2025 04:00,4,2,10,0,0,7.52,2.01,0,36.43
22-10-2025 05:00,5,2,10,0,0,8.08,6.78,0,41.59
22-10-2025 06:00,6,2,10,0,0,15,4.91,0,51.49
22-10-2025 07:00,7,2,10,0,0,17.69,4.35,1,68.34
22-10-2025 08:00,8,2,10,0,0,16.42,3.03,1,70.58
22-10-2025 09:00,9,2,10,0,0,20.22,2.7,1,69.13
22-10-2025 10:00,10,2,10,0,0,23.28,3.67,0,50.65
22-10-2025 11:00,11,2,10,0,0,25.74,0.5,0,43.67
22-10-2025 12:00,12,2,10,0,0,23.19,3.43,0,42.35
22-10-2025 13:00,13,2,10,0,0,28.11,3.68,0,39.75
22-10-2025 14:00,14,2,10,0,0,26.79,1.07,0,38.51
22-10-2025 15:00,15,2,10,0,0,29.58,5.15,0,51.33
22-10-2025 16:00,16,2,10,0,0,30.53,0.89,0,62.19
22-10-2025 17:00,17,2,10,0,0,25.54,5.96,0,58.94
22-10-2025 18:00,18,2,10,0,0,28.79,3.15,1,84.97
22-10-2025 19:00,19,2,10,0,0,21.95,0.56,1,84.22
22-10-2025 20:00,20,2,10,0,0,19.3,0.5,1,87.4
22-10-2025 21:00,21,2,10,0,0,22.4,1.2,1,81.81
22-10-2025 22:00,22,2,10,0,0,19.41,5.43,0,71.02
22-10-2025 23:00,23,2,10,0,0,15.26,4.84,0,59.83
23-10-2025 00:00,0,3,10,0,0,10.89,2.51,0,31.27
23-10-2025 01:00,1,3,10,0,0,11.19,2.57,0,29.57
23-10-2025 02:00,2,3,10,0,0,8.24,4.39,0,35.24
23-10-2025 03:00,3,3,10,0,0,7.2,3.29,0,32.43
23-10-2025 04:00,4,3,10,0,0,10.14,5.33,0,32.87
23-10-2025 05:00,5,3,10,0,0,13.49,2.84,0,41.45
23-10-2025 06:00,6,3,10,0,0,12.45,1.7,0,58.35
23-10-2025 07:00,7,3,10,0,0,13.23,2.43,1,61.36
23-10-2025 08:00,8,3,10,0,0,14.93,4.72,1,77.78
23-10-2025 09:00,9,3,10,0,0,21.05,3.55,1,68.46
23-10-2025 10:00,10,3,10,0,0,22.59,6.26,0,56.1
23-10-2025 11:00,11,3,10,0,0,22.84,2.99,0,42.99
23-10-2025 12:00,12,3,10,0,0,27.58,2.75,0,47.97
23-10-2025 13:00,13,3,10,0,0,30.75,3.95,0,52.73
23-10-2025 14:00,14,3,10,0,0,29.28,2.25,0,42.85
23-10-2025 15:00,15,3,10,0,0,28.21,4.9,0,50.55
23-10-2025 16:00,16,3,10,0,0,26.32,3.75,0,49.22
23-10-2025 17:00,17,3,10,0,0,26.61,3.58,0,64.8
23-10-2025 18:00,18,3,10,0,0,30.28,4.91,1,86.75
23-10-2025 19:00,19,3,10,0,0,22.31,2.98,1,86.94
23-10-2025 20:00,20,3,10,0,0,25.18,4.57,1,91.66
23-10-2025 21:00,21,3,10,0,0,18.57,5.07,1,91.97
23-10-2025 22:00,22,3,10,0,0,14.53,2.44,0,76.41
23-10-2025 23:00,23,3,10,0,0,17.43,3.92,0,58.09
24-10-2025 00:00,0,4,10,0,0,13.56,4.1,0,26.72
24-10-2025 01:00,1,4,10,0,0,10.38,2.58,0,27.42
24-10-2025 02:00,2,4,10,0,0,10.22,4.27,0,37.08
24-10-2025 03:00,3,4,10,0,0,10.19,2.63,0,27.38
24-10-2025 04:00,4,4,10,0,0,8.93,3.51,0,33.23
24-10-2025 05:00,5,4,10,0,0,7.01,4.26,0,46.34
24-10-2025 06:00,6,4,10,0,0,11.56,3.55,0,54.42
24-10-2025 07:00,7,4,10,0,0,13.61,1.33,1,63.56
24-10-2025 08:00,8,4,10,0,0,19.21,1.47,1,68
24-10-2025 09:00,9,4,10,0,0,22.44,2.16,1,66.86
24-10-2025 10:00,10,4,10,0,0,22.64,4.25,0,59.09
24-10-2025 11:00,11,4,10,0,0,26.08,0.68,0,49.36
24-10-2025 12:00,12,4,10,0,0,31.08,3.97,0,52.55
24-10-2025 13:00,13,4,10,0,0,27.11,4.02,0,39.02
24-10-2025 14:00,14,4,10,0,0,30.28,5.37,0,49.73
24-10-2025 15:00,15,4,10,0,0,31.04,2.96,0,54.19
24-10-2025 16:00,16,4,10,0,0,30.88,1.99,0,59.13
24-10-2025 17:00,17,4,10,0,0,33.83,3.3,0,84.57
24-10-2025 18:00,18,4,10,0,0,26,4,1,81.43
24-10-2025 19:00,19,4,10,0,0,24.5,0.5,1,85.53
24-10-2025 20:00,20,4,10,0,0,22.07,4.53,1,89.13
24-10-2025 21:00,21,4,10,0,0,22.47,2.69,1,85.38
24-10-2025 22:00,22,4,10,0,0,19.84,4.77,0,71.98
24-10-2025 23:00,23,4,10,0,0,13.09,3.61,0,59.26
25-10-2025 00:00,0,5,10,1,0,17.59,5.82,0,25.97
25-10-2025 01:00,1,5,10,1,0,9.41,5.54,0,23.9
25-10-2025 02:00,2,5,10,1,0,12.61,5.37,0,24.12
25-10-2025 03:00,3,5,10,1,0,5.87,5.01,0,26.8
25-10-2025 04:00,4,5,10,1,0,13.78,3.95,0,30.93
25-10-2025 05:00,5,5,10,1,0,8.33,3.26,0,31.43
25-10-2025 06:00,6,5,10,1,0,10.98,4.13,0,39.92
25-10-2025 07:00,7,5,10,1,0,11.21,5.17,1,49.12
25-10-2025 08:00,8,5,10,1,0,14.79,0.5,1,55.05
25-10-2025 09:00,9,5,10,1,0,20.57,7.35,1,51.08
25-10-2025 10:00,10,5,10,1,0,22.88,3.49,0,42.91
25-10-2025 11:00,11,5,10,1,0,23.17,4.84,0,38.55
25-10-2025 12:00,12,5,10,1,0,28.81,3.48,0,38.4
25-10-2025 13:00,13,5,10,1,0,31.92,3.37,0,46.7
25-10-2025 14:00,14,5,10,1,0,31.57,6.24,0,43.51
25-10-2025 15:00,15,5,10,1,0,30.11,4.67,0,45.29
25-10-2025 16:00,16,5,10,1,0,29.02,1.71,0,55.46
25-10-2025 17:00,17,5,10,1,0,27.9,1.84,0,56.28
25-10-2025 18:00,18,5,10,1,0,24.6,3.53,1,63.09
25-10-2025 19:00,19,5,10,1,0,25.65,2.49,1,69.21
25-10-2025 20:00,20,5,10,1,0,22.45,5.48,1,73.2
25-10-2025 21:00,21,5,10,1,0,20.52,1.57,1,72.34
25-10-2025 22:00,22,5,10,1,0,16.71,1.84,0,63.43
25-10-2025 23:00,23,5,10,1,0,12.65,5.58,0,42.51
26-10-2025 00:00,0,6,10,1,0,9.13,1.21,0,27.99
26-10-2025 01:00,1,6,10,1,0,11.29,1.73,0,23.94
26-10-2025 02:00,2,6,10,1,0,9.74,5.74,0,23.97
26-10-2025 03:00,3,6,10,1,0,9.33,1.14,0,28.13
26-10-2025 04:00,4,6,10,1,0,8.63,1.16,0,31.39
26-10-2025 05:00,5,6,10,1,0,10.95,2.7,0,33.61
26-10-2025 06:00,6,6,10,1,0,12.13,0.83,0,46.93
26-10-2025 07:00,7,6,10,1,0,14.83,4.31,1,53.82
26-10-2025 08:00,8,6,10,1,0,17.65,2.6,1,54.13
26-10-2025 09:00,9,6,10,1,0,18.92,4.2,1,49.52
26-10-2025 10:00,10,6,10,1,0,23.59,3.79,0,41.21
26-10-2025 11:00,11,6,10,1,0,24.36,5.71,0,31.65
26-10-2025 12:00,12,6,10,1,0,25.73,0.99,0,31.15
26-10-2025 13:00,13,6,10,1,0,30.06,1.73,0,46.58
26-10-2025 14:00,14,6,10,1,0,30.02,1.96,0,42.08
26-10-2025 15:00,15,6,10,1,0,34.42,3.53,0,57.25
26-10-2025 16:00,16,6,10,1,0,24.18,6.65,0,35.45
26-10-2025 17:00,17,6,10,1,0,26.55,1.6,0,55.75
26-10-2025 18:00,18,6,10,1,0,29.32,5.87,1,65.71
26-10-2025 19:00,19,6,10,1,0,26.01,2.81,1,72.11
26-10-2025 20:00,20,6,10,1,0,22.82,1.55,1,69.42
26-10-2025 21:00,21,6,10,1,0,18.02,6.97,1,71.18
26-10-2025 22:00,22,6,10,1,0,17.24,4.76,0,58.04
26-10-2025 23:00,23,6,10,1,0,16.9,5.24,0,45.54
27-10-2025 00:00,0,0,10,0,0,10.76,1.91,0,33.53
27-10-2025 01:00,1,0,10,0,0,11.09,3.02,0,28.42
27-10-2025 02:00,2,0,10,0,0,10.13,3.09,0,30.79
27-10-2025 03:00,3,0,10,0,0,9.8,5.33,0,29.59
27-10-2025 04:00,4,0,10,0,0,12.39,4.89,0,37.1
27-10-2025 05:00,5,0,10,0,0,12.25,3.73,0,43.72
27-10-2025 06:00,6,0,10,0,0,12.78,3.26,0,50.23
27-10-2025 07:00,7,0,10,0,0,12.9,0.5,1,66.6
27-10-2025 08:00,8,0,10,0,0,19.75,3.02,1,66.19
27-10-2025 09:00,9,0,10,0,0,18.22,5.1,1,69.66
27-10-2025 10:00,10,0,10,0,0,22.17,4.67,0,54.99
27-10-2025 11:00,11,0,10,0,0,22.24,4.83,0,49.43
27-10-2025 12:00,12,0,10,0,0,28.3,5.53,0,44.08
27-10-2025 13:00,13,0,10,0,0,29.64,6.39,0,47.95
27-10-2025 14:00,14,0,10,0,0,28.47,3.58,0,41.89
27-10-2025 15:00,15,0,10,0,0,30.83,4.6,0,50.18
27-10-2025 16:00,16,0,10,0,0,27.33,4.4,0,56.81
27-10-2025 17:00,17,0,10,0,0,23.73,0.93,0,61.92
27-10-2025 18:00,18,0,10,0,0,28.99,4.47,1,82.84
27-10-2025 19:00,19,0,10,0,0,24.15,4.2,1,91.97
27-10-2025 20:00,20,0,10,0,0,22.17,3.92,1,89.45
27-10-2025 21:00,21,0,10,0,0,17.29,4.86,1,85.2
27-10-2025 22:00,22,0,10,0,0,19.79,3.1,0,75.12
27-10-2025 23:00,23,0,10,0,0,17.69,4.49,0,55.9
28-10-2025 00:00,0,1,10,0,0,15.86,4.24,0,30.58
28-10-2025 01:00,1,1,10,0,0,13.67,5.46,0,30.14
28-10-2025 02:00,2,1,10,0,0,9.99,2.15,0,30.62
28-10-2025 03:00,3,1,10,0,0,11.08,5.42,0,27.41
28-10-2025 04:00,4,1,10,0,0,10.4,3.09,0,39.2
28-10-2025 05:00,5,1,10,0,0,12.66,2.55,0,36.67
28-10-2025 06:00,6,1,10,0,0,12.7,4.61,0,58.84
28-10-2025 07:00,7,1,10,0,0,16.19,2.25,1,59.21
28-10-2025 08:00,8,1,10,0,0,20.07,4.2,1,71.22
28-10-2025 09:00,9,1,10,0,0,15.34,1.24,1,58.33
28-10-2025 10:00,10,1,10,0,0,20.86,3.87,0,57.83
28-10-2025 11:00,11,1,10,0,0,21.9,0.9,0,43.71
28-10-2025 12:00,12,1,10,0,0,20.73,6.22,0,32.69
28-10-2025 13:00,13,1,10,0,0,28.99,3.1,0,47.93
28-10-2025 14:00,14,1,10,0,0,29.84,4.94,0,45.63
28-10-2025 15:00,15,1,10,0,0,30.53,3.09,0,56.23
28-10-2025 16:00,16,1,10,0,0,33.89,1.22,0,67.97
28-10-2025 17:00,17,1,10,0,0,25.91,5.59,0,68.98
28-10-2025 18:00,18,1,10,0,0,28.57,4.72,1,87.18
28-10-2025 19:00,19,1,10,0,0,25.03,2.14,1,86.94
28-10-2025 20:00,20,1,10,0,0,18.5,3.83,1,85.58
28-10-2025 21:00,21,1,10,0,0,20.21,2.69,1,88.92
28-10-2025 22:00,22,1,10,0,0,17.34,4.08,0,72.99
28-10-2025 23:00,23,1,10,0,0,17.26,5.19,0,55.72
29-10-2025 00:00,0,2,10,0,0,12.23,3.18,0,33.02
29-10-2025 01:00,1,2,10,0,0,7.83,2.27,0,31.26
29-10-2025 02:00,2,2,10,0,0,11.08,5.4,0,30.85
29-10-2025 03:00,3,2,10,0,0,11.99,0.75,0,33.7
29-10-2025 04:00,4,2,10,0,0,8.97,1.64,0,37.39
29-10-2025 05:00,5,2,10,0,0,11.61,4.08,0,38.51
29-10-2025 06:00,6,2,10,0,0,12.14,5.33,0,52.2
29-10-2025 07:00,7,2,10,0,0,13.99,4.82,1,65.83
29-10-2025 08:00,8,2,10,0,0,13.25,5.61,1,71.25
29-10-2025 09:00,9,2,10,0,0,18.83,2.35,1,67.12
29-10-2025 10:00,10,2,10,0,0,25.22,3.12,0,56.42
29-10-2025 11:00,11,2,10,0,0,28.99,3.96,0,57.51
29-10-2025 12:00,12,2,10,0,0,27.14,5.33,0,46.02
29-10-2025 13:00,13,2,10,0,0,28.06,2.27,0,44.82
29-10-2025 14:00,14,2,10,0,0,27.62,4.62,0,44.71
29-10-2025 15:00,15,2,10,0,0,30.61,4.31,0,51.25
29-10-2025 16:00,16,2,10,0,0,28.19,1.95,0,52.41
29-10-2025 17:00,17,2,10,0,0,29.83,2.78,0,69.88
29-10-2025 18:00,18,2,10,0,0,25.37,1.68,1,71.99
29-10-2025 19:00,19,2,10,0,0,20.96,4.03,1,89.38
29-10-2025 20:00,20,2,10,0,0,23.83,2.67,1,85.63
29-10-2025 21:00,21,2,10,0,0,18.31,1.66,1,87.53
29-10-2025 22:00,22,2,10,0,0,17.46,1.85,0,77.66
29-10-2025 23:00,23,2,10,0,0,15.6,5.31,0,57.61
30-10-2025 00:00,0,3,10,0,0,13.32,4.12,0,33.84
30-10-2025 01:00,1,3,10,0,0,11.34,5.84,0,27.09
30-10-2025 02:00,2,3,10,0,0,7.51,3.25,0,29.63
30-10-2025 03:00,3,3,10,0,0,8.77,4.86,0,34.62
30-10-2025 04:00,4,3,10,0,0,13.1,1.14,0,38.13
30-10-2025 05:00,5,3,10,0,0,12.81,5.38,0,43.05
30-10-2025 06:00,6,3,10,0,0,13.93,4.85,0,55.02
30-10-2025 07:00,7,3,10,0,0,14.26,2.82,1,65.92
30-10-2025 08:00,8,3,10,0,0,16.73,4.57,1,68.77
30-10-2025 09:00,9,3,10,0,0,20.23,4.07,1,59.39
30-10-2025 10:00,10,3,10,0,0,23.49,5.59,0,54.23
30-10-2025 11:00,11,3,10,0,0,23.98,4.81,0,37.56
30-10-2025 12:00,12,3,10,0,0,27.91,0.83,0,48.02
30-10-2025 13:00,13,3,10,0,0,28.62,2.33,0,41.38
30-10-2025 14:00,14,3,10,0,0,29.44,3.91,0,43.4
30-10-2025 15:00,15,3,10,0,0,29.09,3.19,0,46.73
30-10-2025 16:00,16,3,10,0,0,25.93,1.19,0,51.84
30-10-2025 17:00,17,3,10,0,0,29.1,1.78,0,71.07
30-10-2025 18:00,18,3,10,0,0,28.22,2.56,1,81.7
30-10-2025 19:00,19,3,10,0,0,26.21,2.86,1,88.3
30-10-2025 20:00,20,3,10,0,0,23.73,4.38,1,83.9
30-10-2025 21:00,21,3,10,0,0,22.02,3.72,1,86.26
30-10-2025 22:00,22,3,10,0,0,17.37,3.56,0,70.73
30-10-2025 23:00,23,3,10,0,0,15.7,1.89,0,56.94
31-10-2025 00:00,0,4,10,0,0,12.73,4.1,0,30.3
31-10-2025 01:00,1,4,10,0,0,9.1,2.76,0,25.08
31-10-2025 02:00,2,4,10,0,0,7.48,3.1,0,25.94
31-10-2025 03:00,3,4,10,0,0,11.91,3.41,0,27.56
31-10-2025 04:00,4,4,10,0,0,10.17,3.8,0,35.99
31-10-2025 05:00,5,4,10,0,0,12.59,5.48,0,37.36
31-10-2025 06:00,6,4,10,0,0,11.68,3.57,0,57.47
31-10-2025 07:00,7,4,10,0,0,17.95,1.48,1,63.67
31-10-2025 08:00,8,4,10,0,0,19.8,4.85,1,69.97
31-10-2025 09:00,9,4,10,0,0,20.02,4.13,1,66.14
31-10-2025 10:00,10,4,10,0,0,22.94,3.68,0,53.13
31-10-2025 11:00,11,4,10,0,0,25.65,1.47,0,43.24
31-10-2025 12:00,12,4,10,0,0,28.4,1.82,0,47.83
31-10-2025 13:00,13,4,10,0,0,28.91,4,0,44.56
31-10-2025 14:00,14,4,10,0,0,28.69,5.95,0,37.26
31-10-2025 15:00,15,4,10,0,0,28.55,1.77,0,49.79
31-10-2025 16:00,16,4,10,0,0,29.01,3.04,0,62.6
31-10-2025 17:00,17,4,10,0,0,25.85,5.26,0,67.2
31-10-2025 18:00,18,4,10,0,0,28.65,0.5,1,79.32
31-10-2025 19:00,19,4,10,0,0,27.55,2.9,1,96.14
31-10-2025 20:00,20,4,10,0,0,23.66,4.23,1,86.61
31-10-2025 21:00,21,4,10,0,0,23.18,3.37,1,77.88
31-10-2025 22:00,22,4,10,0,0,16.53,2.37,0,72.64
31-10-2025 23:00,23,4,10,0,0,17.05,4.64,0,55.47
01-11-2025 00:00,0,5,11,1,0,15.1,0.5,0,18.9
01-11-2025 01:00,1,5,11,1,0,13.75,3.59,0,27.02
01-11-2025 02:00,2,5,11,1,0,9.83,1.24,0,27.69
01-11-2025 03:00,3,5,11,1,0,11,5.04,0,29.44
01-11-2025 04:00,4,5,11,1,0,7.28,4.43,0,25.68
01-11-2025 05:00,5,5,11,1,0,13.64,3.35,0,35.33
01-11-2025 06:00,6,5,11,1,0,11.02,3.68,0,44.97
01-11-2025 07:00,7,5,11,1,0,14.77,5.94,1,53.65
01-11-2025 08:00,8,5,11,1,0,19.88,3.29,1,59.85
01-11-2025 09:00,9,5,11,1,0,18.95,5.98,1,51.71
01-11-2025 10:00,10,5,11,1,0,23.01,2.53,0,43.5
01-11-2025 11:00,11,5,11,1,0,24.19,4.45,0,36.52
01-11-2025 12:00,12,5,11,1,0,27.06,5.28,0,39.43
01-11-2025 13:00,13,5,11,1,0,27.38,3.36,0,34.66
01-11-2025 14:00,14,5,11,1,0,26.68,2.62,0,38.95
01-11-2025 15:00,15,5,11,1,0,31.18,3.78,0,43.66
01-11-2025 16:00,16,5,11,1,0,27.53,3.24,0,43.4
01-11-2025 17:00,17,5,11,1,0,26.4,2.48,0,56.13
01-11-2025 18:00,18,5,11,1,0,30.48,5.57,1,75.13
01-11-2025 19:00,19,5,11,1,0,25.44,0.5,1,73.36
01-11-2025 20:00,20,5,11,1,0,25.71,3.61,1,75.5
01-11-2025 21:00,21,5,11,1,0,22.74,3.07,1,71.58
01-11-2025 22:00,22,5,11,1,0,11.58,3.49,0,58.24
01-11-2025 23:00,23,5,11,1,0,13.28,3.31,0,43.9
02-11-2025 00:00,0,6,11,1,0,10.97,5.03,0,20.99
02-11-2025 01:00,1,6,11,1,0,7.05,5.85,0,24.59
02-11-2025 02:00,2,6,11,1,0,12.76,1.79,0,26.99
02-11-2025 03:00,3,6,11,1,0,13.65,3.66,0,24.42
02-11-2025 04:00,4,6,11,1,0,10.56,3.99,0,24.79
02-11-2025 05:00,5,6,11,1,0,12.85,4.26,0,35.53
02-11-2025 06:00,6,6,11,1,0,14.71,4.01,0,50.22
02-11-2025 07:00,7,6,11,1,0,13.34,0.54,1,52.96
02-11-2025 08:00,8,6,11,1,0,15.51,2.43,1,54
02-11-2025 09:00,9,6,11,1,0,17.03,2.59,1,51.13
02-11-2025 10:00,10,6,11,1,0,23.66,4.43,0,40.21
02-11-2025 11:00,11,6,11,1,0,24.83,4.56,0,35.92
02-11-2025 12:00,12,6,11,1,0,23.03,2.42,0,32.95
02-11-2025 13:00,13,6,11,1,0,25.78,5.69,0,32.54
02-11-2025 14:00,14,6,11,1,0,29.84,4.52,0,43.75
02-11-2025 15:00,15,6,11,1,0,28.09,4.85,0,43.44
02-11-2025 16:00,16,6,11,1,0,31.51,1.43,0,56.76
02-11-2025 17:00,17,6,11,1,0,27.42,3.15,0,53.98
02-11-2025 18:00,18,6,11,1,0,30.01,3.52,1,74.5
02-11-2025 19:00,19,6,11,1,0,26.77,0.6,1,77.64
02-11-2025 20:00,20,6,11,1,0,21.79,2.89,1,74.42
02-11-2025 21:00,21,6,11,1,0,18.82,2.46,1,65.3
02-11-2025 22:00,22,6,11,1,0,18.06,3.59,0,59.12
02-11-2025 23:00,23,6,11,1,0,20.29,5.06,0,46.79
03-11-2025 00:00,0,0,11,0,0,11.43,4.03,0,30.82
03-11-2025 01:00,1,0,11,0,0,14.9,3.55,0,30.61
03-11-2025 02:00,2,0,11,0,0,10.66,2.57,0,35.05
03-11-2025 03:00,3,0,11,0,0,8.26,2.63,0,27.34
03-11-2025 04:00,4,0,11,0,0,11.79,2.48,0,33.13
03-11-2025 05:00,5,0,11,0,0,9.28,5.08,0,45.06
03-11-2025 06:00,6,0,11,0,0,11.59,5.97,0,54.29
03-11-2025 07:00,7,0,11,0,0,15.52,2.57,1,66.6
03-11-2025 08:00,8,0,11,0,0,19.14,2.64,1,71.73
03-11-2025 09:00,9,0,11,0,0,21.38,3.07,1,62.48
03-11-2025 10:00,10,0,11,0,0,23.49,3.75,0,54.15
03-11-2025 11:00,11,0,11,0,0,25.78,3.56,0,46.5
03-11-2025 12:00,12,0,11,0,0,24.75,4.17,0,35.9
03-11-2025 13:00,13,0,11,0,0,23,3.63,0,26.53
03-11-2025 14:00,14,0,11,0,0,31.43,6.01,0,54.65
03-11-2025 15:00,15,0,11,0,0,31.04,2.68,0,54
03-11-2025 16:00,16,0,11,0,0,28.41,1.8,0,61.33
03-11-2025 17:00,17,0,11,0,0,28.66,4.2,0,71.38
03-11-2025 18:00,18,0,11,0,0,25.99,3.74,1,77.16
03-11-2025 19:00,19,0,11,0,0,24.53,2.44,1,88.23
03-11-2025 20:00,20,0,11,0,0,22.91,5.71,1,87.14
03-11-2025 21:00,21,0,11,0,0,21.91,3.64,1,86.07
03-11-2025 22:00,22,0,11,0,0,16.26,3.73,0,68.88
03-11-2025 23:00,23,0,11,0,0,16.02,2.64,0,56.99
04-11-2025 00:00,0,1,11,0,0,10.15,5.1,0,29.03
04-11-2025 01:00,1,1,11,0,0,10.2,3.73,0,25.93
04-11-2025 02:00,2,1,11,0,0,12.1,0.62,0,36.49
04-11-2025 03:00,3,1,11,0,0,8.17,3.14,0,32.29
04-11-2025 04:00,4,1,11,0,0,12.09,1.68,0,34.47
04-11-2025 05:00,5,1,11,0,0,7.96,6.1,0,47.32
04-11-2025 06:00,6,1,11,0,0,13.53,2.7,0,58.32
04-11-2025 07:00,7,1,11,0,0,14.09,3.76,1,64.27
04-11-2025 08:00,8,1,11,0,0,20.46,5.41,1,65.74
04-11-2025 09:00,9,1,11,0,0,18.1,3.19,1,67.15
04-11-2025 10:00,10,1,11,0,0,26.37,3.92,0,60.4
04-11-2025 11:00,11,1,11,0,0,21.37,3.58,0,45.51
04-11-2025 12:00,12,1,11,0,0,27.89,5.21,0,47.84
04-11-2025 13:00,13,1,11,0,0,28.08,2.42,0,48.19
04-11-2025 14:00,14,1,11,0,0,31.26,2.93,0,52.2
04-11-2025 15:00,15,1,11,0,0,29.81,3.07,0,51.11
04-11-2025 16:00,16,1,11,0,0,27.23,3.65,0,56.02
04-11-2025 17:00,17,1,11,0,0,30.7,3.14,0,74.81
04-11-2025 18:00,18,1,11,0,0,26.41,4.52,1,75.5
04-11-2025 19:00,19,1,11,0,0,25.67,7.32,1,87.82
04-11-2025 20:00,20,1,11,0,0,23.14,3.34,1,92.32
04-11-2025 21:00,21,1,11,0,0,21.85,1.76,1,87.48
04-11-2025 22:00,22,1,11,0,0,16.74,6.09,0,72.76
04-11-2025 23:00,23,1,11,0,0,16.71,4.32,0,56.83
05-11-2025 00:00,0,2,11,0,0,14.49,4.84,0,29.36
05-11-2025 01:00,1,2,11,0,0,9.86,3.73,0,26.18
05-11-2025 02:00,2,2,11,0,0,9.16,4.13,0,29.51
05-11-2025 03:00,3,2,11,0,0,11.01,3.78,0,29.59
05-11-2025 04:00,4,2,11,0,0,10.58,4.22,0,36.52
05-11-2025 05:00,5,2,11,0,0,13.77,0.5,0,46.38
05-11-2025 06:00,6,2,11,0,0,13.95,1.95,0,57.3
05-11-2025 07:00,7,2,11,0,0,16.88,5.21,1,68.13
05-11-2025 08:00,8,2,11,0,0,17.73,3.48,1,68.56
05-11-2025 09:00,9,2,11,0,0,21.83,0.5,1,67.38
05-11-2025 10:00,10,2,11,0,0,24.69,5.64,0,53.59
05-11-2025 11:00,11,2,11,0,0,21.69,1.94,0,46.22
05-11-2025 12:00,12,2,11,0,0,28.72,2.68,0,50.07
05-11-2025 13:00,13,2,11,0,0,25.69,4.21,0,41.25
05-11-2025 14:00,14,2,11,0,0,27.1,5.5,0,39.42
05-11-2025 15:00,15,2,11,0,0,29.17,2.94,0,47.92
05-11-2025 16:00,16,2,11,0,0,33.82,3.2,0,71.45
05-11-2025 17:00,17,2,11,0,0,26.7,1.68,0,60.09
05-11-2025 18:00,18,2,11,0,0,22.67,2.37,1,72.9
05-11-2025 19:00,19,2,11,0,0,25.83,1.95,1,92.97
05-11-2025 20:00,20,2,11,0,0,19.85,2.56,1,93.75
05-11-2025 21:00,21,2,11,0,0,23.62,1.57,1,85.93
05-11-2025 22:00,22,2,11,0,0,15.95,6.44,0,72.76
05-11-2025 23:00,23,2,11,0,0,13.44,0.99,0,57.85
06-11-2025 00:00,0,3,11,0,0,17.28,5.16,0,26.06
06-11-2025 01:00,1,3,11,0,0,13.1,3.67,0,27.41
06-11-2025 02:00,2,3,11,0,0,10.25,6.06,0,34.41
06-11-2025 03:00,3,3,11,0,0,9.47,3.17,0,24.71
06-11-2025 04:00,4,3,11,0,0,9.23,3.71,0,38.83
06-11-2025 05:00,5,3,11,0,0,12.95,4.09,0,40.95
06-11-2025 06:00,6,3,11,0,0,17.01,0.5,0,53.64
06-11-2025 07:00,7,3,11,0,0,17.55,3.14,1,63.68
06-11-2025 08:00,8,3,11,0,0,15.56,0.87,1,68.5
06-11-2025 09:00,9,3,11,0,0,19.43,6.49,1,65.56
06-11-2025 10:00,10,3,11,0,0,20.7,6.68,0,55.43
06-11-2025 11:00,11,3,11,0,0,27.32,1.72,0,49.89
06-11-2025 12:00,12,3,11,0,0,24.84,0.64,0,33.65
06-11-2025 13:00,13,3,11,0,0,29.44,0.93,0,46.05
06-11-2025 14:00,14,3,11,0,0,29.85,3.01,0,44.39
06-11-2025 15:00,15,3,11,0,0,30.77,1.71,0,53.61
06-11-2025 16:00,16,3,11,0,0,26.28,4.26,0,50.05
06-11-2025 17:00,17,3,11,0,0,31.33,2.82,0,75.99
06-11-2025 18:00,18,3,11,0,0,24.28,1.33,1,66.52
06-11-2025 19:00,19,3,11,0,0,22.15,4.23,1,89.06
06-11-2025 20:00,20,3,11,0,0,24.08,4.49,1,91.78
06-11-2025 21:00,21,3,11,0,0,21.03,5.19,1,86.72
06-11-2025 22:00,22,3,11,0,0,15.89,4.88,0,77.61
06-11-2025 23:00,23,3,11,0,0,15.59,0.5,0,63.79
07-11-2025 00:00,0,4,11,0,0,10.58,4.22,0,28.29
07-11-2025 01:00,1,4,11,0,0,11.97,4.84,0,30.61
07-11-2025 02:00,2,4,11,0,0,8.27,4.98,0,32.8
07-11-2025 03:00,3,4,11,0,0,4.51,4.25,0,27.83
07-11-2025 04:00,4,4,11,0,0,9.7,2.82,0,33
07-11-2025 05:00,5,4,11,0,0,9.97,3.33,0,47.22
07-11-2025 06:00,6,4,11,0,0,14.11,2.47,0,56.71
07-11-2025 07:00,7,4,11,0,0,14.8,3.19,1,71.27
07-11-2025 08:00,8,4,11,0,0,18.9,4.74,1,75.2
07-11-2025 09:00,9,4,11,0,0,21.82,3.51,1,62.63
07-11-2025 10:00,10,4,11,0,0,24.06,2.48,0,55.5
07-11-2025 11:00,11,4,11,0,0,23.87,2.26,0,45.74
07-11-2025 12:00,12,4,11,0,0,26.04,2.81,0,41.45
07-11-2025 13:00,13,4,11,0,0,28.92,2.37,0,44.42
07-11-2025 14:00,14,4,11,0,0,27.59,2.55,0,46.79
07-11-2025 15:00,15,4,11,0,0,29.66,1.97,0,53.33
07-11-2025 16:00,16,4,11,0,0,28.01,4.57,0,58.97
07-11-2025 17:00,17,4,11,0,0,27.8,2.42,0,64.1
07-11-2025 18:00,18,4,11,0,0,27.37,4.34,1,78.31
07-11-2025 19:00,19,4,11,0,0,23.57,3.72,1,85.59
07-11-2025 20:00,20,4,11,0,0,24.01,2.54,1,90.14
07-11-2025 21:00,21,4,11,0,0,18.39,2.67,1,89.67
07-11-2025 22:00,22,4,11,0,0,16.29,5.66,0,77.66
07-11-2025 23:00,23,4,11,0,0,16.21,3.16,0,50.4
08-11-2025 00:00,0,5,11,1,0,12.4,5.9,0,22.64
08-11-2025 01:00,1,5,11,1,0,11.94,7.35,0,29.81
08-11-2025 02:00,2,5,11,1,0,12.07,0.5,0,27.14
08-11-2025 03:00,3,5,11,1,0,10.9,3.73,0,25.41
08-11-2025 04:00,4,5,11,1,0,7.38,3.14,0,23.94
08-11-2025 05:00,5,5,11,1,0,9.72,4.86,0,33.41
08-11-2025 06:00,6,5,11,1,0,15.68,2.45,0,44.55
08-11-2025 07:00,7,5,11,1,0,16.33,2.87,1,51.19
08-11-2025 08:00,8,5,11,1,0,16.02,2.85,1,52.13
08-11-2025 09:00,9,5,11,1,0,20.36,4.77,1,53.75
08-11-2025 10:00,10,5,11,1,0,22.23,5.16,0,43.33
08-11-2025 11:00,11,5,11,1,0,22.51,4.59,0,37.4
08-11-2025 12:00,12,5,11,1,0,29.75,3.28,0,44.96
08-11-2025 13:00,13,5,11,1,0,28.91,5.77,0,35.9
08-11-2025 14:00,14,5,11,1,0,25.09,5.53,0,33.2
08-11-2025 15:00,15,5,11,1,0,29.65,0.5,0,42.4
08-11-2025 16:00,16,5,11,1,0,31.86,1.92,0,53.85
08-11-2025 17:00,17,5,11,1,0,29.93,5.53,0,59.2
08-11-2025 18:00,18,5,11,1,0,28.55,4.22,1,75.77
08-11-2025 19:00,19,5,11,1,0,24.82,2.97,1,73.24
08-11-2025 20:00,20,5,11,1,0,21.11,2.32,1,73.29
08-11-2025 21:00,21,5,11,1,0,18.17,4.13,1,65.25
08-11-2025 22:00,22,5,11,1,0,17.13,4.11,0,64.73
08-11-2025 23:00,23,5,11,1,0,17.28,3.7,0,47.1
09-11-2025 00:00,0,6,11,1,0,13.54,6.26,0,25.99
09-11-2025 01:00,1,6,11,1,0,11.19,2.32,0,20.44
09-11-2025 02:00,2,6,11,1,0,10.61,4.2,0,23.14
09-11-2025 03:00,3,6,11,1,0,7.54,4.34,0,26.31
09-11-2025 04:00,4,6,11,1,0,11.46,0.69,0,28.71
09-11-2025 05:00,5,6,11,1,0,12.18,3.58,0,34.94
09-11-2025 06:00,6,6,11,1,0,16.81,3.59,0,39.73
09-11-2025 07:00,7,6,11,1,0,16.04,3.52,1,48.48
09-11-2025 08:00,8,6,11,1,0,19.77,3.59,1,55.35
09-11-2025 09:00,9,6,11,1,0,16.97,2.41,1,50.92
09-11-2025 10:00,10,6,11,1,0,24.01,1.01,0,42.7
09-11-2025 11:00,11,6,11,1,0,23.39,2.76,0,31.11
09-11-2025 12:00,12,6,11,1,0,26.63,6.58,0,39.54
09-11-2025 13:00,13,6,11,1,0,28.29,2.08,0,43.9
09-11-2025 14:00,14,6,11,1,0,31.12,2.34,0,41.39
09-11-2025 15:00,15,6,11,1,0,32.33,4.14,0,51.76
09-11-2025 16:00,16,6,11,1,0,27.39,2.86,0,46.09
09-11-2025 17:00,17,6,11,1,0,26.72,1.95,0,54.36
09-11-2025 18:00,18,6,11,1,0,23.27,3.96,1,64.43
09-11-2025 19:00,19,6,11,1,0,23.13,2.81,1,71.89
09-11-2025 20:00,20,6,11,1,0,21.77,3.7,1,74.08
09-11-2025 21:00,21,6,11,1,0,17.24,1.91,1,63.76
09-11-2025 22:00,22,6,11,1,0,17.98,3.07,0,61.76
09-11-2025 23:00,23,6,11,1,0,13.65,5.32,0,46.11
10-11-2025 00:00,0,0,11,0,0,13.23,2.77,0,26.94
10-11-2025 01:00,1,0,11,0,0,10.62,1.66,0,32.2
10-11-2025 02:00,2,0,11,0,0,11.5,2.7,0,28.64
10-11-2025 03:00,3,0,11,0,0,7.82,4.49,0,34.11
10-11-2025 04:00,4,0,11,0,0,11.46,6.72,0,35.6
10-11-2025 05:00,5,0,11,0,0,11.77,6.01,0,38.76
10-11-2025 06:00,6,0,11,0,0,11.48,4.34,0,53.89
10-11-2025 07:00,7,0,11,0,0,17.12,1.96,1,68.09
10-11-2025 08:00,8,0,11,0,0,14.9,5.22,1,72.08
10-11-2025 09:00,9,0,11,0,0,19.04,4.31,1,63.86
10-11-2025 10:00,10,0,11,0,0,22.66,4.11,0,52.8
10-11-2025 11:00,11,0,11,0,0,23.52,2.67,0,47.73
10-11-2025 12:00,12,0,11,0,0,28.08,1.98,0,47.8
10-11-2025 13:00,13,0,11,0,0,25.9,2.74,0,36.07
10-11-2025 14:00,14,0,11,0,0,32.35,4.42,0,48.9
10-11-2025 15:00,15,0,11,0,0,28.34,3.08,0,52.9
10-11-2025 16:00,16,0,11,0,0,31.29,3.53,0,62.79
10-11-2025 17:00,17,0,11,0,0,32.12,3.29,0,79.32
10-11-2025 18:00,18,0,11,0,0,27.09,1.86,1,79.32
10-11-2025 19:00,19,0,11,0,0,30.01,1.64,1,97.07
10-11-2025 20:00,20,0,11,0,0,20.78,3.21,1,92.6
10-11-2025 21:00,21,0,11,0,0,20.28,1.28,1,90.16
10-11-2025 22:00,22,0,11,0,0,18.24,3.33,0,74.77
10-11-2025 23:00,23,0,11,0,0,12.3,2.11,0,62.59
11-11-2025 00:00,0,1,11,0,0,11.47,2.55,0,30.64
11-11-2025 01:00,1,1,11,0,0,12.7,5.11,0,30.08
11-11-2025 02:00,2,1,11,0,0,8.76,0.78,0,31.55
11-11-2025 03:00,3,1,11,0,0,12.95,1.4,0,35.92
11-11-2025 04:00,4,1,11,0,0,11.73,0.5,0,33.53
11-11-2025 05:00,5,1,11,0,0,9.41,2.43,0,40.32
11-11-2025 06:00,6,1,11,0,0,11.36,4.35,0,49.71
11-11-2025 07:00,7,1,11,0,0,15.78,3.75,1,66.49
11-11-2025 08:00,8,1,11,0,0,16.12,3.25,1,75.11
11-11-2025 09:00,9,1,11,0,0,20.05,3.69,1,63.6
11-11-2025 10:00,10,1,11,0,0,21.64,4.41,0,51.26
11-11-2025 11:00,11,1,11,0,0,23.32,0.5,0,46.82
11-11-2025 12:00,12,1,11,0,0,23.87,2.37,0,38.29
11-11-2025 13:00,13,1,11,0,0,28.07,4.96,0,39.24
11-11-2025 14:00,14,1,11,0,0,29.36,2.69,0,46.93
11-11-2025 15:00,15,1,11,0,0,30.67,2.48,0,57.29
11-11-2025 16:00,16,1,11,0,0,31.44,2.7,0,68.39
11-11-2025 17:00,17,1,11,0,0,25.06,4.59,0,62.46
11-11-2025 18:00,18,1,11,0,0,25.85,2.35,1,77.24
11-11-2025 19:00,19,1,11,0,0,23.91,7.24,1,88.32
11-11-2025 20:00,20,1,11,0,0,20.32,4.52,1,92.44
11-11-2025 21:00,21,1,11,0,0,20.91,5.48,1,87.27
11-11-2025 22:00,22,1,11,0,0,19.24,3.1,0,64.01
11-11-2025 23:00,23,1,11,0,0,13.23,3.18,0,63.38
12-11-2025 00:00,0,2,11,0,0,11.68,4.08,0,24.67
12-11-2025 01:00,1,2,11,0,0,15.33,4.49,0,27.61
12-11-2025 02:00,2,2,11,0,0,7.07,4.59,0,30.56
12-11-2025 03:00,3,2,11,0,0,6.75,5.08,0,33.65
12-11-2025 04:00,4,2,11,0,0,11.25,1.77,0,32
12-11-2025 05:00,5,2,11,0,0,11.12,1.71,0,40.2
12-11-2025 06:00,6,2,11,0,0,14,1.1,0,53.55
12-11-2025 07:00,7,2,11,0,0,14.16,3.59,1,64.24
12-11-2025 08:00,8,2,11,0,0,18.54,2.55,1,69.63
12-11-2025 09:00,9,2,11,0,0,18.82,5.58,1,65.23
12-11-2025 10:00,10,2,11,0,0,20.77,3.34,0,58.6
12-11-2025 11:00,11,2,11,0,0,21.86,5.51,0,41.43
12-11-2025 12:00,12,2,11,0,0,29.26,3.71,0,47.29
12-11-2025 13:00,13,2,11,0,0,30.07,2.9,0,47.89
12-11-2025 14:00,14,2,11,0,0,27.39,2.48,0,45.39
12-11-2025 15:00,15,2,11,0,0,31.72,3.11,0,58.83
12-11-2025 16:00,16,2,11,0,0,28.78,3.03,0,55.03
12-11-2025 17:00,17,2,11,0,0,26.92,5.24,0,64.55
12-11-2025 18:00,18,2,11,0,0,26.6,2.94,1,79.98
12-11-2025 19:00,19,2,11,0,0,24.48,2.85,1,89.09
12-11-2025 20:00,20,2,11,0,0,20.97,4.37,1,86.84
12-11-2025 21:00,21,2,11,0,0,20.16,5.22,1,86.01
12-11-2025 22:00,22,2,11,0,0,14.43,5.82,0,72.17
12-11-2025 23:00,23,2,11,0,0,14.58,2.03,0,63.07
13-11-2025 00:00,0,3,11,0,0,15.87,2.16,0,32.67
13-11-2025 01:00,1,3,11,0,0,10.79,2.32,0,29.03
13-11-2025 02:00,2,3,11,0,0,10.17,0.92,0,30.23
13-11-2025 03:00,3,3,11,0,0,7.69,3.54,0,31.27
13-11-2025 04:00,4,3,11,0,0,10.76,1.42,0,40.12
13-11-2025 05:00,5,3,11,0,0,11.7,6.62,0,41.49
13-11-2025 06:00,6,3,11,0,0,11.31,1.27,0,57.12
13-11-2025 07:00,7,3,11,0,0,13.31,5.01,1,68.24
13-11-2025 08:00,8,3,11,0,0,18.06,3.23,1,70.37
13-11-2025 09:00,9,3,11,0,0,20.77,2.58,1,65.58
13-11-2025 10:00,10,3,11,0,0,19.36,4.21,0,52.93
13-11-2025 11:00,11,3,11,0,0,23.05,7.6,0,41.62
13-11-2025 12:00,12,3,11,0,0,27.06,2.11,0,44.14
13-11-2025 13:00,13,3,11,0,0,28.17,5.53,0,40.69
13-11-2025 14:00,14,3,11,0,0,32.78,3.03,0,54.1
13-11-2025 15:00,15,3,11,0,0,27.43,3.08,0,46.9
13-11-2025 16:00,16,3,11,0,0,32.11,6.09,0,64.81
13-11-2025 17:00,17,3,11,0,0,28.81,3.55,0,71.37
13-11-2025 18:00,18,3,11,0,0,26.31,3.84,1,77.17
13-11-2025 19:00,19,3,11,0,0,25.03,3.88,1,84.46
13-11-2025 20:00,20,3,11,0,0,24.19,0.5,1,90.51
13-11-2025 21:00,21,3,11,0,0,23.65,3.82,1,89.49
13-11-2025 22:00,22,3,11,0,0,20.35,3.32,0,73.04
13-11-2025 23:00,23,3,11,0,0,14.11,3.27,0,61.96
14-11-2025 00:00,0,4,11,0,0,10.12,5,0,31.53
14-11-2025 01:00,1,4,11,0,0,13,2.29,0,25.1
14-11-2025 02:00,2,4,11,0,0,8.29,2.95,0,26.37
14-11-2025 03:00,3,4,11,0,0,12.95,1.86,0,30.86
14-11-2025 04:00,4,4,11,0,0,11.37,3.61,0,33.32
14-11-2025 05:00,5,4,11,0,0,10.69,2.95,0,44.32
14-11-2025 06:00,6,4,11,0,0,14.71,1.53,0,54.36
14-11-2025 07:00,7,4,11,0,0,13.63,3.61,1,68.9
14-11-2025 08:00,8,4,11,0,0,19.48,2.65,1,74.47
14-11-2025 09:00,9,4,11,0,0,19.49,2.98,1,68.27
14-11-2025 10:00,10,4,11,0,0,22.4,3.38,0,53.63
14-11-2025 11:00,11,4,11,0,0,24.06,1.27,0,46.81
14-11-2025 12:00,12,4,11,0,0,30.05,2.93,0,47.4
14-11-2025 13:00,13,4,11,0,0,27.93,2.44,0,42.68
14-11-2025 14:00,14,4,11,0,0,30.59,4.87,0,47.09
14-11-2025 15:00,15,4,11,0,0,30.89,2.31,0,54.36
14-11-2025 16:00,16,4,11,0,0,28.44,2.85,0,58.51
14-11-2025 17:00,17,4,11,0,0,30.39,3.82,0,71.62
14-11-2025 18:00,18,4,11,0,0,26.46,1.98,1,79.45
14-11-2025 19:00,19,4,11,0,0,23.72,4.05,1,88.9
14-11-2025 20:00,20,4,11,0,0,21.06,2.66,1,89.74
14-11-2025 21:00,21,4,11,0,0,19.81,2.73,1,86.8
14-11-2025 22:00,22,4,11,0,0,18.9,2.44,0,74.95
14-11-2025 23:00,23,4,11,0,0,13.38,5.09,0,58.42
15-11-2025 00:00,0,5,11,1,0,13.52,3.2,0,19.2
15-11-2025 01:00,1,5,11,1,0,11.53,3.51,0,22.02
15-11-2025 02:00,2,5,11,1,0,10.65,0.99,0,28.28
15-11-2025 03:00,3,5,11,1,0,7.75,0.5,0,22.47
15-11-2025 04:00,4,5,11,1,0,15.56,1.98,0,31.29
15-11-2025 05:00,5,5,11,1,0,11.44,5.25,0,31.56
15-11-2025 06:00,6,5,11,1,0,13.17,2.97,0,46.26
15-11-2025 07:00,7,5,11,1,0,16.39,2.66,1,53.51
15-11-2025 08:00,8,5,11,1,0,20.52,2.06,1,55.52
15-11-2025 09:00,9,5,11,1,0,23.45,3.03,1,52
15-11-2025 10:00,10,5,11,1,0,23.25,3.1,0,42.95
15-11-2025 11:00,11,5,11,1,0,25.3,5.11,0,35.35
15-11-2025 12:00,12,5,11,1,0,29.33,1.36,0,39.98
15-11-2025 13:00,13,5,11,1,0,28.05,4.16,0,34.38
15-11-2025 14:00,14,5,11,1,0,32.86,4.21,0,47.91
15-11-2025 15:00,15,5,11,1,0,29.36,0.82,0,45.31
15-11-2025 16:00,16,5,11,1,0,30.72,0.5,0,51.33
15-11-2025 17:00,17,5,11,1,0,26.6,6.55,0,57.77
15-11-2025 18:00,18,5,11,1,0,29.14,2.57,1,75.33
15-11-2025 19:00,19,5,11,1,0,27.31,5.15,1,76.27
15-11-2025 20:00,20,5,11,1,0,20.45,5.86,1,73.01
15-11-2025 21:00,21,5,11,1,0,17.4,2.16,1,69.69
15-11-2025 22:00,22,5,11,1,0,15.41,2.99,0,62.37
15-11-2025 23:00,23,5,11,1,0,16.08,3.35,0,47.64
16-11-2025 00:00,0,6,11,1,0,13.36,4.91,0,26.22
16-11-2025 01:00,1,6,11,1,0,13.46,4.33,0,25.53
16-11-2025 02:00,2,6,11,1,0,7.36,1.52,0,23.92
16-11-2025 03:00,3,6,11,1,0,7.98,1.95,0,27.91
16-11-2025 04:00,4,6,11,1,0,8.85,3.09,0,30.37
16-11-2025 05:00,5,6,11,1,0,10.66,1.45,0,36.14
16-11-2025 06:00,6,6,11,1,0,10.66,4.79,0,45.76
16-11-2025 07:00,7,6,11,1,0,13.21,3.43,1,53.68
16-11-2025 08:00,8,6,11,1,0,16.95,7.01,1,50.96
16-11-2025 09:00,9,6,11,1,0,19.37,3.02,1,49.76
16-11-2025 10:00,10,6,11,1,0,23.43,3.49,0,46.38
16-11-2025 11:00,11,6,11,1,0,23.78,4.26,0,37.11
16-11-2025 12:00,12,6,11,1,0,27.71,3.79,0,34.34
16-11-2025 13:00,13,6,11,1,0,26.14,1.08,0,27.25
16-11-2025 14:00,14,6,11,1,0,31.84,3.75,0,45.05
16-11-2025 15:00,15,6,11,1,0,26.05,4.01,0,38.67
16-11-2025 16:00,16,6,11,1,0,30.77,2.8,0,60.17
16-11-2025 17:00,17,6,11,1,0,30.84,5.29,0,63.81
16-11-2025 18:00,18,6,11,1,0,24.68,4.51,1,63.06
16-11-2025 19:00,19,6,11,1,0,26.28,2.46,1,73.47
16-11-2025 20:00,20,6,11,1,0,22.16,1.15,1,72.73
16-11-2025 21:00,21,6,11,1,0,20.19,3.59,1,70.8
16-11-2025 22:00,22,6,11,1,0,15.9,2.63,0,57.85
16-11-2025 23:00,23,6,11,1,0,13.08,3.11,0,46.04
17-11-2025 00:00,0,0,11,0,0,14.44,3.82,0,27.68
17-11-2025 01:00,1,0,11,0,0,11.92,4.53,0,30.1
17-11-2025 02:00,2,0,11,0,0,9.6,4.07,0,32.1
17-11-2025 03:00,3,0,11,0,0,5.76,1.93,0,34.45
17-11-2025 04:00,4,0,11,0,0,11.27,3.59,0,32.03
17-11-2025 05:00,5,0,11,0,0,9.97,7.22,0,47.44
17-11-2025 06:00,6,0,11,0,0,9.98,4.52,0,54.83
17-11-2025 07:00,7,0,11,0,0,13.36,3.76,1,66.75
17-11-2025 08:00,8,0,11,0,0,18.99,3.55,1,68.46
17-11-2025 09:00,9,0,11,0,0,19.73,5.91,1,62.53
17-11-2025 10:00,10,0,11,0,0,21.99,1.73,0,54.56
17-11-2025 11:00,11,0,11,0,0,26.35,3.73,0,47.9
17-11-2025 12:00,12,0,11,0,0,29.89,2.55,0,53.22
17-11-2025 13:00,13,0,11,0,0,29.96,2.42,0,53.05
17-11-2025 14:00,14,0,11,0,0,32.74,3.02,0,57.33
17-11-2025 15:00,15,0,11,0,0,30.56,3.84,0,53.5
17-11-2025 16:00,16,0,11,0,0,30.54,4.37,0,66.95
17-11-2025 17:00,17,0,11,0,0,27.11,2.66,0,65.69
17-11-2025 18:00,18,0,11,0,0,23.73,5.02,1,76.23
17-11-2025 19:00,19,0,11,0,0,26.49,4.67,1,86.51
17-11-2025 20:00,20,0,11,0,0,18.81,2.12,1,89.64
17-11-2025 21:00,21,0,11,0,0,18.22,1.29,1,86.11
17-11-2025 22:00,22,0,11,0,0,16.1,3.75,0,71.85
17-11-2025 23:00,23,0,11,0,0,13.8,5.49,0,55.52
18-11-2025 00:00,0,1,11,0,0,12.91,2.07,0,27.23
18-11-2025 01:00,1,1,11,0,0,9.63,1.72,0,32.51
18-11-2025 02:00,2,1,11,0,0,9.34,3.44,0,28.3
18-11-2025 03:00,3,1,11,0,0,13.81,2.47,0,26.54
18-11-2025 04:00,4,1,11,0,0,11.28,3.16,0,34.59
18-11-2025 05:00,5,1,11,0,0,14.11,4.77,0,46.79
18-11-2025 06:00,6,1,11,0,0,13.58,3.46,0,52.53
18-11-2025 07:00,7,1,11,0,0,12.68,4.57,1,67.02
18-11-2025 08:00,8,1,11,0,0,17.23,4.36,1,70.28
18-11-2025 09:00,9,1,11,0,0,17.31,4.79,1,64.63
18-11-2025 10:00,10,1,11,0,0,20.15,2.69,0,56.47
18-11-2025 11:00,11,1,11,0,0,25.36,5.33,0,44.78
18-11-2025 12:00,12,1,11,0,0,27.13,1.15,0,41.74
18-11-2025 13:00,13,1,11,0,0,30.15,5.19,0,52.94
18-11-2025 14:00,14,1,11,0,0,28.84,3.22,0,47.83
18-11-2025 15:00,15,1,11,0,0,32.12,1.8,0,65.16
18-11-2025 16:00,16,1,11,0,0,32.69,2.62,0,66.55
18-11-2025 17:00,17,1,11,0,0,25.6,4.22,0,66.39
18-11-2025 18:00,18,1,11,0,0,26.78,3.25,1,82.82
18-11-2025 19:00,19,1,11,0,0,22.16,2.51,1,79.9
18-11-2025 20:00,20,1,11,0,0,23.92,3.1,1,93.77
18-11-2025 21:00,21,1,11,0,0,19.7,1.86,1,87.38
18-11-2025 22:00,22,1,11,0,0,17.4,4.22,0,74.16
18-11-2025 23:00,23,1,11,0,0,13.08,1.97,0,58.54
19-11-2025 00:00,0,2,11,0,0,10.79,3.73,0,24.43
19-11-2025 01:00,1,2,11,0,0,13.2,1.18,0,27.91
19-11-2025 02:00,2,2,11,0,0,11.78,1.88,0,28.33
19-11-2025 03:00,3,2,11,0,0,12.12,0.63,0,32.05
19-11-2025 04:00,4,2,11,0,0,8.72,1.55,0,37.15
19-11-2025 05:00,5,2,11,0,0,11.01,3.42,0,42.44
19-11-2025 06:00,6,2,11,0,0,7.29,1.1,0,52.63
19-11-2025 07:00,7,2,11,0,0,12.8,1.77,1,59.42
19-11-2025 08:00,8,2,11,0,0,18.85,3.49,1,72.37
19-11-2025 09:00,9,2,11,0,0,19.36,3.46,1,65.21
19-11-2025 10:00,10,2,11,0,0,21.04,3.14,0,53.27
19-11-2025 11:00,11,2,11,0,0,27.54,4.35,0,48.9
19-11-2025 12:00,12,2,11,0,0,25.1,2.96,0,39.52
19-11-2025 13:00,13,2,11,0,0,30.94,0.5,0,49.02
19-11-2025 14:00,14,2,11,0,0,27.52,3.99,0,40.81
19-11-2025 15:00,15,2,11,0,0,27.62,3.81,0,49.48
19-11-2025 16:00,16,2,11,0,0,28.8,2.47,0,53.86
19-11-2025 17:00,17,2,11,0,0,23.92,4.33,0,58.77
19-11-2025 18:00,18,2,11,0,0,29.44,2.72,1,85.09
19-11-2025 19:00,19,2,11,0,0,26.6,6.57,1,90.33
19-11-2025 20:00,20,2,11,0,0,23.98,1.18,1,88.14
19-11-2025 21:00,21,2,11,0,0,21.97,3.85,1,88.72
19-11-2025 22:00,22,2,11,0,0,17.18,2.31,0,73.81
19-11-2025 23:00,23,2,11,0,0,12.38,2.36,0,55.96
20-11-2025 00:00,0,3,11,0,0,14.5,3.58,0,25.49
20-11-2025 01:00,1,3,11,0,0,12.69,5.01,0,31.67
20-11-2025 02:00,2,3,11,0,0,12.16,2.09,0,31.2
20-11-2025 03:00,3,3,11,0,0,10.56,4.42,0,31.33
20-11-2025 04:00,4,3,11,0,0,7.19,1.38,0,33.03
20-11-2025 05:00,5,3,11,0,0,13.15,3.67,0,44.41
20-11-2025 06:00,6,3,11,0,0,11.16,4.22,0,53.87
20-11-2025 07:00,7,3,11,0,0,15.01,2.26,1,63.82
20-11-2025 08:00,8,3,11,0,0,18.35,3.32,1,71.81
20-11-2025 09:00,9,3,11,0,0,22.12,3.02,1,66.89
20-11-2025 10:00,10,3,11,0,0,24.62,1.7,0,53.59
20-11-2025 11:00,11,3,11,0,0,22.49,3.6,0,40.48
20-11-2025 12:00,12,3,11,0,0,27.19,4.09,0,44.33
20-11-2025 13:00,13,3,11,0,0,31.01,1.59,0,49.79
20-11-2025 14:00,14,3,11,0,0,34.8,3.38,0,55.17
20-11-2025 15:00,15,3,11,0,0,29.52,2.21,0,52
20-11-2025 16:00,16,3,11,0,0,32.37,1.38,0,67.3
20-11-2025 17:00,17,3,11,0,0,29.6,2.95,0,70.76
20-11-2025 18:00,18,3,11,0,0,26,3.8,1,75.76
20-11-2025 19:00,19,3,11,0,0,23.4,3.21,1,87.03
20-11-2025 20:00,20,3,11,0,0,22.89,3.51,1,88.87
20-11-2025 21:00,21,3,11,0,0,20.6,5.9,1,92.15
20-11-2025 22:00,22,3,11,0,0,22.72,5.08,0,71.16
20-11-2025 23:00,23,3,11,0,0,13.55,4.37,0,59.59
21-11-2025 00:00,0,4,11,0,0,12.49,4.85,0,32.71
21-11-2025 01:00,1,4,11,0,0,15.88,5.44,0,35.42
21-11-2025 02:00,2,4,11,0,0,9.08,4.29,0,22.47
21-11-2025 03:00,3,4,11,0,0,10.02,5.81,0,33.02
21-11-2025 04:00,4,4,11,0,0,11.07,2.37,0,32.43
21-11-2025 05:00,5,4,11,0,0,12.04,4.24,0,44.27
21-11-2025 06:00,6,4,11,0,0,10.39,2.05,0,57.54
21-11-2025 07:00,7,4,11,0,0,14.18,2.29,1,64.47
21-11-2025 08:00,8,4,11,0,0,17.4,1.89,1,73.48
21-11-2025 09:00,9,4,11,0,0,21.59,1.92,1,68.08
21-11-2025 10:00,10,4,11,0,0,19.73,2.16,0,50.42
21-11-2025 11:00,11,4,11,0,0,27.29,2.98,0,49.49
21-11-2025 12:00,12,4,11,0,0,28.07,1.79,0,46.61
21-11-2025 13:00,13,4,11,0,0,25.56,1.62,0,34.11
21-11-2025 14:00,14,4,11,0,0,27.61,1.93,0,40.41
21-11-2025 15:00,15,4,11,0,0,31.36,2.98,0,53.23
21-11-2025 16:00,16,4,11,0,0,32.38,4.2,0,64.19
21-11-2025 17:00,17,4,11,0,0,26.69,3.67,0,62.72
21-11-2025 18:00,18,4,11,0,0,25.31,2.45,1,77.16
21-11-2025 19:00,19,4,11,0,0,25.39,3.7,1,94.26
21-11-2025 20:00,20,4,11,0,0,18.79,1.88,1,85.37
21-11-2025 21:00,21,4,11,0,0,20.89,3.22,1,84.12
21-11-2025 22:00,22,4,11,0,0,16.69,2.29,0,76.07
21-11-2025 23:00,23,4,11,0,0,20.95,0.5,0,56.89
22-11-2025 00:00,0,5,11,1,0,17.27,0.69,0,25.71
22-11-2025 01:00,1,5,11,1,0,9.46,1.1,0,24.35
22-11-2025 02:00,2,5,11,1,0,9.58,5.34,0,22.64
22-11-2025 03:00,3,5,11,1,0,9.23,4.85,0,22.9
22-11-2025 04:00,4,5,11,1,0,6.67,5.09,0,24.56
22-11-2025 05:00,5,5,11,1,0,12.69,2.21,0,38.87
22-11-2025 06:00,6,5,11,1,0,10.71,2.74,0,40.58
22-11-2025 07:00,7,5,11,1,0,15.8,2.15,1,49.43
22-11-2025 08:00,8,5,11,1,0,18.74,2.03,1,56.64
22-11-2025 09:00,9,5,11,1,0,18.57,6.09,1,50.24
22-11-2025 10:00,10,5,11,1,0,21.95,3.83,0,43.49
22-11-2025 11:00,11,5,11,1,0,23.86,5.28,0,32.53
22-11-2025 12:00,12,5,11,1,0,26.74,6.35,0,33.38
22-11-2025 13:00,13,5,11,1,0,29.2,2.05,0,40.55
22-11-2025 14:00,14,5,11,1,0,32.59,4.8,0,43.52
22-11-2025 15:00,15,5,11,1,0,31.14,3.88,0,43.88
22-11-2025 16:00,16,5,11,1,0,31.6,3.61,0,53.61
22-11-2025 17:00,17,5,11,1,0,28.78,4.13,0,61.2
22-11-2025 18:00,18,5,11,1,0,26.31,2.8,1,65.46
22-11-2025 19:00,19,5,11,1,0,23.31,2.22,1,67.2
22-11-2025 20:00,20,5,11,1,0,20.38,1.94,1,73.59
22-11-2025 21:00,21,5,11,1,0,20.28,1.92,1,62.74
22-11-2025 22:00,22,5,11,1,0,19.98,4.35,0,54.9
22-11-2025 23:00,23,5,11,1,0,14.31,4.46,0,46.57
23-11-2025 00:00,0,6,11,1,0,14.37,3.26,0,23.74
23-11-2025 01:00,1,6,11,1,0,10.44,7.78,0,25.13
23-11-2025 02:00,2,6,11,1,0,10.13,5.02,0,27.8
23-11-2025 03:00,3,6,11,1,0,9.55,3.33,0,31.85
23-11-2025 04:00,4,6,11,1,0,9.61,3.57,0,25.07
23-11-2025 05:00,5,6,11,1,0,9.83,2.68,0,32.41
23-11-2025 06:00,6,6,11,1,0,11.27,2.42,0,44.29
23-11-2025 07:00,7,6,11,1,0,15.76,6.76,1,49.46
23-11-2025 08:00,8,6,11,1,0,20.77,3.64,1,57.77
23-11-2025 09:00,9,6,11,1,0,20.63,2.91,1,56.95
23-11-2025 10:00,10,6,11,1,0,22.04,5.6,0,43.59
23-11-2025 11:00,11,6,11,1,0,26.53,4.71,0,42.1
23-11-2025 12:00,12,6,11,1,0,28.99,4.23,0,43.34
23-11-2025 13:00,13,6,11,1,0,31.76,5.35,0,46.84
23-11-2025 14:00,14,6,11,1,0,27.23,4.54,0,34.07
23-11-2025 15:00,15,6,11,1,0,29.55,2.32,0,39.34
23-11-2025 16:00,16,6,11,1,0,33.56,4.41,0,63.63
23-11-2025 17:00,17,6,11,1,0,25.18,2.96,0,50.2
23-11-2025 18:00,18,6,11,1,0,26.41,6.62,1,63.66
23-11-2025 19:00,19,6,11,1,0,24.4,3.03,1,70.49
23-11-2025 20:00,20,6,11,1,0,18.94,1.61,1,73.57
23-11-2025 21:00,21,6,11,1,0,22.38,2.31,1,64.78
23-11-2025 22:00,22,6,11,1,0,15.66,4.81,0,66.28
23-11-2025 23:00,23,6,11,1,0,12.69,1.76,0,48.13
24-11-2025 00:00,0,0,11,0,0,14.9,2.67,0,33.76
24-11-2025 01:00,1,0,11,0,0,12.78,2.38,0,23.47
24-11-2025 02:00,2,0,11,0,0,12.22,4.52,0,32.93
24-11-2025 03:00,3,0,11,0,0,12.64,4.95,0,31.24
24-11-2025 04:00,4,0,11,0,0,12.28,2.91,0,38.14
24-11-2025 05:00,5,0,11,0,0,13.29,3.88,0,43.62
24-11-2025 06:00,6,0,11,0,0,15.94,5.38,0,56.84
24-11-2025 07:00,7,0,11,0,0,12.2,4.24,1,60.29
24-11-2025 08:00,8,0,11,0,0,19.14,3.99,1,68.17
24-11-2025 09:00,9,0,11,0,0,22.41,2.99,1,66.56
24-11-2025 10:00,10,0,11,0,0,26.92,1.89,0,58
24-11-2025 11:00,11,0,11,0,0,23.26,5.03,0,37.01
24-11-2025 12:00,12,0,11,0,0,25.41,2.92,0,39.91
24-11-2025 13:00,13,0,11,0,0,30.25,1.96,0,43.92
24-11-2025 14:00,14,0,11,0,0,30.82,2.07,0,55.79
24-11-2025 15:00,15,0,11,0,0,32.21,3.94,0,59.25
24-11-2025 16:00,16,0,11,0,0,28.07,4.92,0,57.03
24-11-2025 17:00,17,0,11,0,0,28.68,2.66,0,67.64
24-11-2025 18:00,18,0,11,0,0,26.5,1.69,1,76.79
24-11-2025 19:00,19,0,11,0,0,27.95,3.13,1,95.13
24-11-2025 20:00,20,0,11,0,0,22.97,5.8,1,88.64
24-11-2025 21:00,21,0,11,0,0,17.64,4.19,1,89.78
24-11-2025 22:00,22,0,11,0,0,12.67,4.28,0,73.7
24-11-2025 23:00,23,0,11,0,0,16.71,7.37,0,53.98
25-11-2025 00:00,0,1,11,0,0,14.22,0.5,0,24.16
25-11-2025 01:00,1,1,11,0,0,11.37,2.1,0,26.49
25-11-2025 02:00,2,1,11,0,0,12.73,0.5,0,32.89
25-11-2025 03:00,3,1,11,0,0,11.91,1.37,0,30.38
25-11-2025 04:00,4,1,11,0,0,11.06,6.14,0,37.04
25-11-2025 05:00,5,1,11,0,0,11.91,4.52,0,42.81
25-11-2025 06:00,6,1,11,0,0,10.64,4.81,0,54.12
25-11-2025 07:00,7,1,11,0,0,14.96,5.48,1,62.68
25-11-2025 08:00,8,1,11,0,0,20.47,1.39,1,75.87
25-11-2025 09:00,9,1,11,0,0,22.77,3.01,1,64.4
25-11-2025 10:00,10,1,11,0,0,22.75,3.87,0,52.63
25-11-2025 11:00,11,1,11,0,0,23.44,3.38,0,43.42
25-11-2025 12:00,12,1,11,0,0,25.28,5.57,0,36.75
25-11-2025 13:00,13,1,11,0,0,27.89,4.44,0,42.54
25-11-2025 14:00,14,1,11,0,0,32.69,1.82,0,52.41
25-11-2025 15:00,15,1,11,0,0,31.95,3.35,0,57.7
25-11-2025 16:00,16,1,11,0,0,29.28,3.87,0,65.06
25-11-2025 17:00,17,1,11,0,0,30.59,1.44,0,73.03
25-11-2025 18:00,18,1,11,0,0,25.16,5.31,1,75.16
25-11-2025 19:00,19,1,11,0,0,26.35,1.78,1,94.65
25-11-2025 20:00,20,1,11,0,0,21.79,5.29,1,91.85
25-11-2025 21:00,21,1,11,0,0,19.68,3.13,1,83.68
25-11-2025 22:00,22,1,11,0,0,18.29,3.32,0,71.22
25-11-2025 23:00,23,1,11,0,0,13.38,1.25,0,63.69
26-11-2025 00:00,0,2,11,0,0,11.45,4.25,0,28.9
26-11-2025 01:00,1,2,11,0,0,6.94,3.35,0,21.93
26-11-2025 02:00,2,2,11,0,0,10.85,2.98,0,32.87
26-11-2025 03:00,3,2,11,0,0,11.81,4.14,0,29.57
26-11-2025 04:00,4,2,11,0,0,10.95,4.37,0,36.57
26-11-2025 05:00,5,2,11,0,0,14,2.32,0,43.59
26-11-2025 06:00,6,2,11,0,0,17.09,1.35,0,54.39
26-11-2025 07:00,7,2,11,0,0,11.71,3.73,1,66.73
26-11-2025 08:00,8,2,11,0,0,16.58,3,1,68.66
26-11-2025 09:00,9,2,11,0,0,18.42,3.68,1,62.54
26-11-2025 10:00,10,2,11,0,0,22.42,4.26,0,53.16
26-11-2025 11:00,11,2,11,0,0,21.91,4.06,0,39.48
26-11-2025 12:00,12,2,11,0,0,30.29,4.42,0,56.94
26-11-2025 13:00,13,2,11,0,0,29.44,4.37,0,41.07
26-11-2025 14:00,14,2,11,0,0,28.5,4.13,0,50.35
26-11-2025 15:00,15,2,11,0,0,31.46,4.05,0,54.98
26-11-2025 16:00,16,2,11,0,0,25.38,5.85,0,52.04
26-11-2025 17:00,17,2,11,0,0,30.69,4.57,0,75.95
26-11-2025 18:00,18,2,11,0,0,25.7,4.11,1,79.5
26-11-2025 19:00,19,2,11,0,0,26.24,3.04,1,92.07
26-11-2025 20:00,20,2,11,0,0,26.66,1.42,1,100.79
26-11-2025 21:00,21,2,11,0,0,22.92,3.89,1,81.14
26-11-2025 22:00,22,2,11,0,0,14.28,3.09,0,70.23
26-11-2025 23:00,23,2,11,0,0,13.26,2.42,0,53.76
27-11-2025 00:00,0,3,11,0,0,12.1,2.91,0,28.19
27-11-2025 01:00,1,3,11,0,0,10.16,3.36,0,30.6
27-11-2025 02:00,2,3,11,0,0,8.92,3.49,0,25.92
27-11-2025 03:00,3,3,11,0,0,8.54,2.96,0,29.81
27-11-2025 04:00,4,3,11,0,0,12.86,2.76,0,31.38
27-11-2025 05:00,5,3,11,0,0,11.25,3.83,0,43.45
27-11-2025 06:00,6,3,11,0,0,15.56,2.76,0,59.17
27-11-2025 07:00,7,3,11,0,0,15.58,3.8,1,66.13
27-11-2025 08:00,8,3,11,0,0,17.09,2,1,69.47
27-11-2025 09:00,9,3,11,0,0,18.38,0.5,1,58.02
27-11-2025 10:00,10,3,11,0,0,22.36,5.83,0,49.07
27-11-2025 11:00,11,3,11,0,0,21.81,3.84,0,42.41
27-11-2025 12:00,12,3,11,0,0,29.72,2.41,0,54.96
27-11-2025 13:00,13,3,11,0,0,27.96,2.43,0,41.71
27-11-2025 14:00,14,3,11,0,0,33.62,3.3,0,55.1
27-11-2025 15:00,15,3,11,0,0,26.41,0.5,0,39.01
27-11-2025 16:00,16,3,11,0,0,31.92,4.5,0,66.99
27-11-2025 17:00,17,3,11,0,0,27.55,3.22,0,69.13
27-11-2025 18:00,18,3,11,0,0,27.45,5.09,1,79.25
27-11-2025 19:00,19,3,11,0,0,24.11,1.75,1,81.58
27-11-2025 20:00,20,3,11,0,0,19.68,6.59,1,86.64
27-11-2025 21:00,21,3,11,0,0,15.25,3.98,1,91.71
27-11-2025 22:00,22,3,11,0,0,16.83,2.91,0,71.37
27-11-2025 23:00,23,3,11,0,0,15.76,2.35,0,57.62
28-11-2025 00:00,0,4,11,0,0,14.28,3.99,0,28.94
28-11-2025 01:00,1,4,11,0,0,9.14,5.14,0,29.93
28-11-2025 02:00,2,4,11,0,0,9.97,3.18,0,24.87
28-11-2025 03:00,3,4,11,0,0,9.21,3.46,0,30.99
28-11-2025 04:00,4,4,11,0,0,11.93,4.2,0,36.72
28-11-2025 05:00,5,4,11,0,0,8.79,0.5,0,43.12
28-11-2025 06:00,6,4,11,0,0,11.16,7.29,0,56.77
28-11-2025 07:00,7,4,11,0,0,12.21,3.95,1,57.93
28-11-2025 08:00,8,4,11,0,0,15.74,2.63,1,74.24
28-11-2025 09:00,9,4,11,0,0,18.18,2.53,1,62.04
28-11-2025 10:00,10,4,11,0,0,23.51,3.46,0,55.33
28-11-2025 11:00,11,4,11,0,0,25.81,3.41,0,46.11
28-11-2025 12:00,12,4,11,0,0,29.38,4.7,0,51.76
28-11-2025 13:00,13,4,11,0,0,31.47,1.94,0,55.3
28-11-2025 14:00,14,4,11,0,0,29.83,2.67,0,45.97
28-11-2025 15:00,15,4,11,0,0,28.77,4.6,0,44.93
28-11-2025 16:00,16,4,11,0,0,30.91,4.9,0,62.63
28-11-2025 17:00,17,4,11,0,0,26.96,0.9,0,61.19
28-11-2025 18:00,18,4,11,0,0,26.83,5.79,1,82.44
28-11-2025 19:00,19,4,11,0,0,23.55,1.25,1,83.13
28-11-2025 20:00,20,4,11,0,0,20.43,3.84,1,81.37
28-11-2025 21:00,21,4,11,0,0,21.8,4.13,1,81.57
28-11-2025 22:00,22,4,11,0,0,15.59,3.56,0,75.92
28-11-2025 23:00,23,4,11,0,0,13.8,3.42,0,55.63
29-11-2025 00:00,0,5,11,1,0,12.77,2.2,0,26.6
29-11-2025 01:00,1,5,11,1,0,8.27,3.14,0,23.59
29-11-2025 02:00,2,5,11,1,0,9.29,1.8,0,23.42
29-11-2025 03:00,3,5,11,1,0,11.79,4.28,0,20.5
29-11-2025 04:00,4,5,11,1,0,7.52,4.04,0,25.21
29-11-2025 05:00,5,5,11,1,0,11.51,4.13,0,36.27
29-11-2025 06:00,6,5,11,1,0,14.12,4.39,0,40.67
29-11-2025 07:00,7,5,11,1,0,16.96,4.76,1,50.3
29-11-2025 08:00,8,5,11,1,0,17.28,4.31,1,56.32
29-11-2025 09:00,9,5,11,1,0,16.27,4.14,1,57.77
29-11-2025 10:00,10,5,11,1,0,22.31,1.77,0,45.23
29-11-2025 11:00,11,5,11,1,0,26.4,2.03,0,43.23
29-11-2025 12:00,12,5,11,1,0,25.02,6.38,0,29.27
29-11-2025 13:00,13,5,11,1,0,29.59,1.84,0,43.32
29-11-2025 14:00,14,5,11,1,0,32.6,3.65,0,53.2
29-11-2025 15:00,15,5,11,1,0,30.06,4.21,0,51.44
29-11-2025 16:00,16,5,11,1,0,28.01,0.6,0,50.06
29-11-2025 17:00,17,5,11,1,0,27.85,4.84,0,57.49
29-11-2025 18:00,18,5,11,1,0,29.49,3.43,1,71.14
29-11-2025 19:00,19,5,11,1,0,26.08,3.01,1,73.36
29-11-2025 20:00,20,5,11,1,0,23.25,4.33,1,72.53
29-11-2025 21:00,21,5,11,1,0,18.33,3.15,1,61.74
29-11-2025 22:00,22,5,11,1,0,18.67,3.52,0,54.4
29-11-2025 23:00,23,5,11,1,0,13.98,5.46,0,41.95
30-11-2025 00:00,0,6,11,1,0,11.9,3,0,26.15
30-11-2025 01:00,1,6,11,1,0,11.52,1.8,0,28.64
30-11-2025 02:00,2,6,11,1,0,8.74,5.14,0,23.57
30-11-2025 03:00,3,6,11,1,0,8.86,4.51,0,27.32
30-11-2025 04:00,4,6,11,1,0,12.61,1.84,0,24.51
30-11-2025 05:00,5,6,11,1,0,15.85,2.82,0,34.85
30-11-2025 06:00,6,6,11,1,0,12.74,3.68,0,43.67
30-11-2025 07:00,7,6,11,1,0,14.95,3.19,1,55.05
30-11-2025 08:00,8,6,11,1,0,21.09,4.88,1,51.31
30-11-2025 09:00,9,6,11,1,0,19.02,4.66,1,50.53
30-11-2025 10:00,10,6,11,1,0,21.63,2.02,0,40.66
30-11-2025 11:00,11,6,11,1,0,24.43,4.14,0,35.73
30-11-2025 12:00,12,6,11,1,0,28.88,1.61,0,46.05
30-11-2025 13:00,13,6,11,1,0,28.39,4.23,0,37.3
30-11-2025 14:00,14,6,11,1,0,30.92,2.92,0,46.08
30-11-2025 15:00,15,6,11,1,0,26.02,3.01,0,41.66
30-11-2025 16:00,16,6,11,1,0,28.78,6,0,51.65
30-11-2025 17:00,17,6,11,1,0,29.84,2.92,0,58.64
30-11-2025 18:00,18,6,11,1,0,27.41,5.28,1,69.33
30-11-2025 19:00,19,6,11,1,0,27.62,4.4,1,74.19
30-11-2025 20:00,20,6,11,1,0,22.58,0.57,1,73.91
30-11-2025 21:00,21,6,11,1,0,19.37,2.05,1,64.38
30-11-2025 22:00,22,6,11,1,0,17.26,4.03,0,57.84
30-11-2025 23:00,23,6,11,1,0,12.98,2.09,0,44.61
01-12-2025 00:00,0,0,12,0,0,13.28,5.08,0,33.54
01-12-2025 01:00,1,0,12,0,0,11.45,4.46,0,23.83
01-12-2025 02:00,2,0,12,0,0,12.98,2.13,0,31.4
01-12-2025 03:00,3,0,12,0,0,11.27,3.08,0,29.12
01-12-2025 04:00,4,0,12,0,0,7.49,2.14,0,29.26
01-12-2025 05:00,5,0,12,0,0,10.75,1.96,0,43.3
01-12-2025 06:00,6,0,12,0,0,13.31,3.35,0,54.47
01-12-2025 07:00,7,0,12,0,0,16.34,3.07,1,61.38
01-12-2025 08:00,8,0,12,0,0,19.22,3.45,1,69.64
01-12-2025 09:00,9,0,12,0,0,17.51,2.53,1,66.69
01-12-2025 10:00,10,0,12,0,0,22.24,4.22,0,51.01
01-12-2025 11:00,11,0,12,0,0,24.49,2.1,0,51.89
01-12-2025 12:00,12,0,12,0,0,27.56,2.54,0,35.99
01-12-2025 13:00,13,0,12,0,0,24.99,3.11,0,39.01
01-12-2025 14:00,14,0,12,0,0,30.83,4.91,0,46.73
01-12-2025 15:00,15,0,12,0,0,30.72,5.82,0,52.35
01-12-2025 16:00,16,0,12,0,0,29.65,2.79,0,64.41
01-12-2025 17:00,17,0,12,0,0,33.03,5.32,0,81.56
01-12-2025 18:00,18,0,12,0,0,27.46,3.96,1,81.21
01-12-2025 19:00,19,0,12,0,0,23.1,2.62,1,82.96
01-12-2025 20:00,20,0,12,0,0,24.07,3.02,1,92.06
01-12-2025 21:00,21,0,12,0,0,22.72,5.26,1,84.63
01-12-2025 22:00,22,0,12,0,0,16.86,1.61,0,77.61
01-12-2025 23:00,23,0,12,0,0,13.58,1.74,0,55.8
02-12-2025 00:00,0,1,12,0,0,13.84,4.5,0,32.98
02-12-2025 01:00,1,1,12,0,0,12.17,3.03,0,29.77
02-12-2025 02:00,2,1,12,0,0,7.51,4.9,0,28.87
02-12-2025 03:00,3,1,12,0,0,13.59,3.35,0,34.69
02-12-2025 04:00,4,1,12,0,0,10.4,0.5,0,31.04
02-12-2025 05:00,5,1,12,0,0,11.51,0.5,0,39.39
02-12-2025 06:00,6,1,12,0,0,11.03,1.87,0,50.28
02-12-2025 07:00,7,1,12,0,0,14.58,3.01,1,68.05
02-12-2025 08:00,8,1,12,0,0,18.27,3.25,1,64.19
02-12-2025 09:00,9,1,12,0,0,21.31,2.97,1,67.3
02-12-2025 10:00,10,1,12,0,0,23.15,5.26,0,59.89
02-12-2025 11:00,11,1,12,0,0,23.29,4.04,0,50.92
02-12-2025 12:00,12,1,12,0,0,27.6,4,0,43.47
02-12-2025 13:00,13,1,12,0,0,31.72,2.29,0,47.14
02-12-2025 14:00,14,1,12,0,0,28.56,4.18,0,39.65
02-12-2025 15:00,15,1,12,0,0,29.87,4.92,0,53.44
02-12-2025 16:00,16,1,12,0,0,29.89,5.68,0,65
02-12-2025 17:00,17,1,12,0,0,28.64,4,0,72
02-12-2025 18:00,18,1,12,0,0,28.25,0.8,1,80.57
02-12-2025 19:00,19,1,12,0,0,22.5,1.09,1,85.84
02-12-2025 20:00,20,1,12,0,0,21.41,2.95,1,90.91
02-12-2025 21:00,21,1,12,0,0,20.32,6.2,1,91.19
02-12-2025 22:00,22,1,12,0,0,20.54,0.5,0,70.04
02-12-2025 23:00,23,1,12,0,0,13.75,6.84,0,58.71
03-12-2025 00:00,0,2,12,0,0,13.65,4.14,0,27.67
03-12-2025 01:00,1,2,12,0,0,13.06,6.02,0,31.34
03-12-2025 02:00,2,2,12,0,0,14.56,4.24,0,33.15
03-12-2025 03:00,3,2,12,0,0,11.83,3.35,0,31.6
03-12-2025 04:00,4,2,12,0,0,8.19,1.24,0,33.57
03-12-2025 05:00,5,2,12,0,0,9.66,4.57,0,42.81
03-12-2025 06:00,6,2,12,0,0,10.65,3.12,0,57.91
03-12-2025 07:00,7,2,12,0,0,16.25,4.85,1,62.49
03-12-2025 08:00,8,2,12,0,0,17.1,3.51,1,69.11
03-12-2025 09:00,9,2,12,0,0,17.32,2.77,1,64.54
03-12-2025 10:00,10,2,12,0,0,24.96,1.83,0,56.29
03-12-2025 11:00,11,2,12,0,0,20.43,2.06,0,40.15
03-12-2025 12:00,12,2,12,0,0,28.28,0.64,0,44.87
03-12-2025 13:00,13,2,12,0,0,28.33,4.3,0,44.38
03-12-2025 14:00,14,2,12,0,0,30.71,3.92,0,50.37
03-12-2025 15:00,15,2,12,0,0,29.23,2.63,0,47.15
03-12-2025 16:00,16,2,12,0,0,29.06,6.12,0,52.36
03-12-2025 17:00,17,2,12,0,0,29.45,0.5,0,75.48
03-12-2025 18:00,18,2,12,0,0,28.08,4.37,1,84.25
03-12-2025 19:00,19,2,12,0,0,21.54,4.95,1,84.01
03-12-2025 20:00,20,2,12,0,0,20.31,2.75,1,87.42
03-12-2025 21:00,21,2,12,0,0,22.7,4.12,1,87.82
03-12-2025 22:00,22,2,12,0,0,14.83,3.3,0,69.56
03-12-2025 23:00,23,2,12,0,0,16.56,4.4,0,62.69
04-12-2025 00:00,0,3,12,0,0,14.7,3.54,0,33.79
04-12-2025 01:00,1,3,12,0,0,11.78,6.1,0,30.82
04-12-2025 02:00,2,3,12,0,0,13.1,4.12,0,32.11
04-12-2025 03:00,3,3,12,0,0,6.98,5.28,0,32.9
04-12-2025 04:00,4,3,12,0,0,12.03,4.91,0,37.68
04-12-2025 05:00,5,3,12,0,0,14.42,3.51,0,40.86
04-12-2025 06:00,6,3,12,0,0,12.93,4.69,0,51.51
04-12-2025 07:00,7,3,12,0,0,13.57,2.61,1,65.26
04-12-2025 08:00,8,3,12,0,0,16.85,1.61,1,72.71
04-12-2025 09:00,9,3,12,0,0,15.23,2.34,1,66.94
04-12-2025 10:00,10,3,12,0,0,21.86,3.49,0,60.48
04-12-2025 11:00,11,3,12,0,0,19.71,2.51,0,44.24
04-12-2025 12:00,12,3,12,0,0,28.16,2.36,0,47.26
04-12-2025 13:00,13,3,12,0,0,28.65,5.15,0,42.44
04-12-2025 14:00,14,3,12,0,0,30.27,1.34,0,50.35
04-12-2025 15:00,15,3,12,0,0,31.54,5.29,0,56.25
04-12-2025 16:00,16,3,12,0,0,28.21,3.47,0,52.73
04-12-2025 17:00,17,3,12,0,0,28.17,4.94,0,68.88
04-12-2025 18:00,18,3,12,0,0,26.58,2.33,1,81.45
04-12-2025 19:00,19,3,12,0,0,25.86,4.27,1,87.05
04-12-2025 20:00,20,3,12,0,0,20.35,3.91,1,87
04-12-2025 21:00,21,3,12,0,0,20.24,3.63,1,86.64
04-12-2025 22:00,22,3,12,0,0,19.76,2.54,0,68.35
04-12-2025 23:00,23,3,12,0,0,16.26,1.85,0,53.67
05-12-2025 00:00,0,4,12,0,0,15.92,3.46,0,34.89
05-12-2025 01:00,1,4,12,0,0,10.1,2.43,0,30
05-12-2025 02:00,2,4,12,0,0,11.43,3.26,0,33.58
05-12-2025 03:00,3,4,12,0,0,11.97,3.17,0,30.59
05-12-2025 04:00,4,4,12,0,0,9.88,1.04,0,33.83
05-12-2025 05:00,5,4,12,0,0,10.52,3.18,0,41.32
05-12-2025 06:00,6,4,12,0,0,9.13,4.73,0,57.75
05-12-2025 07:00,7,4,12,0,0,17.42,2.33,1,64.61
05-12-2025 08:00,8,4,12,0,0,18.01,4.47,1,75.61
05-12-2025 09:00,9,4,12,0,0,19.44,5.49,1,64.64
05-12-2025 10:00,10,4,12,0,0,24.29,2.72,0,57.41
05-12-2025 11:00,11,4,12,0,0,25.5,6.3,0,43.88
05-12-2025 12:00,12,4,12,0,0,26.87,5.4,0,40.15
05-12-2025 13:00,13,4,12,0,0,27.82,4.15,0,46.97
05-12-2025 14:00,14,4,12,0,0,32.88,3.88,0,59.51
05-12-2025 15:00,15,4,12,0,0,29.75,3.29,0,52.1
05-12-2025 16:00,16,4,12,0,0,32.86,4.88,0,67.74
05-12-2025 17:00,17,4,12,0,0,32.78,5.29,0,83.36
05-12-2025 18:00,18,4,12,0,0,29.13,3.72,1,83.38
05-12-2025 19:00,19,4,12,0,0,23.42,1.9,1,89.25
05-12-2025 20:00,20,4,12,0,0,24.09,1.39,1,90.09
05-12-2025 21:00,21,4,12,0,0,22.18,3.83,1,84.06
05-12-2025 22:00,22,4,12,0,0,19.75,3.06,0,76.89
05-12-2025 23:00,23,4,12,0,0,12.5,3.32,0,54.61
06-12-2025 00:00,0,5,12,1,0,14.3,2.7,0,25.43
06-12-2025 01:00,1,5,12,1,0,12.5,3.8,0,24.46
06-12-2025 02:00,2,5,12,1,0,12.94,2.31,0,19
06-12-2025 03:00,3,5,12,1,0,11.34,4.03,0,21.46
06-12-2025 04:00,4,5,12,1,0,8.71,6.77,0,29.95
06-12-2025 05:00,5,5,12,1,0,14.77,2.92,0,37.15
06-12-2025 06:00,6,5,12,1,0,11.59,3.87,0,36.3
06-12-2025 07:00,7,5,12,1,0,17.8,0.86,1,52.17
06-12-2025 08:00,8,5,12,1,0,18.07,3.38,1,51.94
06-12-2025 09:00,9,5,12,1,0,18.82,3.75,1,53.45
06-12-2025 10:00,10,5,12,1,0,17.64,1.57,0,43.73
06-12-2025 11:00,11,5,12,1,0,24.49,3.52,0,32.5
06-12-2025 12:00,12,5,12,1,0,26.41,4.77,0,35.03
06-12-2025 13:00,13,5,12,1,0,23.9,5.08,0,25.14
06-12-2025 14:00,14,5,12,1,0,29.59,3.25,0,40.6
06-12-2025 15:00,15,5,12,1,0,30.49,4.23,0,48.95
06-12-2025 16:00,16,5,12,1,0,24.68,1.93,0,34.33
06-12-2025 17:00,17,5,12,1,0,29.27,5.37,0,61.82
06-12-2025 18:00,18,5,12,1,0,29.09,3.82,1,69.38
06-12-2025 19:00,19,5,12,1,0,24.9,1.74,1,71.41
06-12-2025 20:00,20,5,12,1,0,25.79,6.64,1,76.89
06-12-2025 21:00,21,5,12,1,0,20.04,3.03,1,64.16
06-12-2025 22:00,22,5,12,1,0,16.8,4.1,0,60.17
06-12-2025 23:00,23,5,12,1,0,15.25,2.8,0,46.48
07-12-2025 00:00,0,6,12,1,0,12.32,2.19,0,24.52
07-12-2025 01:00,1,6,12,1,0,9.11,3.7,0,26.16
07-12-2025 02:00,2,6,12,1,0,6.21,3.7,0,27.74
07-12-2025 03:00,3,6,12,1,0,8.89,5.11,0,26.38
07-12-2025 04:00,4,6,12,1,0,11.25,7.08,0,27.52
07-12-2025 05:00,5,6,12,1,0,12.65,1.89,0,30.44
07-12-2025 06:00,6,6,12,1,0,12.91,2.98,0,40.44
07-12-2025 07:00,7,6,12,1,0,17.31,2.19,1,56.82
07-12-2025 08:00,8,6,12,1,0,17.95,4.68,1,51.83
07-12-2025 09:00,9,6,12,1,0,19.55,4.59,1,50.07
07-12-2025 10:00,10,6,12,1,0,23.93,2.86,0,45.53
07-12-2025 11:00,11,6,12,1,0,28.43,2.31,0,43.86
07-12-2025 12:00,12,6,12,1,0,29.05,2.6,0,37.82
07-12-2025 13:00,13,6,12,1,0,29.39,0.83,0,42.46
07-12-2025 14:00,14,6,12,1,0,30.06,4.03,0,45.83
07-12-2025 15:00,15,6,12,1,0,33.26,3.55,0,50.32
07-12-2025 16:00,16,6,12,1,0,30.77,4.34,0,52.4
07-12-2025 17:00,17,6,12,1,0,27.98,4.42,0,59.68
07-12-2025 18:00,18,6,12,1,0,25.81,2.44,1,59.19
07-12-2025 19:00,19,6,12,1,0,25.34,3.89,1,70.29
07-12-2025 20:00,20,6,12,1,0,24.88,3.08,1,80.33
07-12-2025 21:00,21,6,12,1,0,16.93,1.26,1,70.26
07-12-2025 22:00,22,6,12,1,0,13.79,5.52,0,63.25
07-12-2025 23:00,23,6,12,1,0,16.08,7.69,0,46.07
08-12-2025 00:00,0,0,12,0,0,14.77,2.42,0,28.3
08-12-2025 01:00,1,0,12,0,0,10.53,3.43,0,26.98
08-12-2025 02:00,2,0,12,0,0,8.61,1.78,0,31.09
08-12-2025 03:00,3,0,12,0,0,10.99,1.36,0,35.66
08-12-2025 04:00,4,0,12,0,0,11.58,1,0,36.79
08-12-2025 05:00,5,0,12,0,0,13.34,4.88,0,44.09
08-12-2025 06:00,6,0,12,0,0,13.03,3.85,0,53.67
08-12-2025 07:00,7,0,12,0,0,15.16,3.23,1,66.34
08-12-2025 08:00,8,0,12,0,0,14.5,3.85,1,73.26
08-12-2025 09:00,9,0,12,0,0,23.56,5.82,1,63.78
08-12-2025 10:00,10,0,12,0,0,20.78,1,0,52.56
08-12-2025 11:00,11,0,12,0,0,24.8,4.02,0,48.74
08-12-2025 12:00,12,0,12,0,0,26.4,5.08,0,45.51
08-12-2025 13:00,13,0,12,0,0,29.94,4.67,0,43.27
08-12-2025 14:00,14,0,12,0,0,31,1.64,0,50.44
08-12-2025 15:00,15,0,12,0,0,30.02,4.73,0,52.97
08-12-2025 16:00,16,0,12,0,0,30.79,2.6,0,65.33
08-12-2025 17:00,17,0,12,0,0,29.08,5.15,0,70.55
08-12-2025 18:00,18,0,12,0,0,24.62,3.94,1,72.77
08-12-2025 19:00,19,0,12,0,0,23.54,3.98,1,81.92
08-12-2025 20:00,20,0,12,0,0,19.62,2.12,1,90.18
08-12-2025 21:00,21,0,12,0,0,20.62,3.4,1,80.12
08-12-2025 22:00,22,0,12,0,0,18.55,5.13,0,72.03
08-12-2025 23:00,23,0,12,0,0,15.76,4.72,0,59.21
09-12-2025 00:00,0,1,12,0,0,14.58,5.15,0,32.48
09-12-2025 01:00,1,1,12,0,0,10.06,3.84,0,35.31
09-12-2025 02:00,2,1,12,0,0,11.89,1.12,0,24.9
09-12-2025 03:00,3,1,12,0,0,7.31,3.3,0,27.92
09-12-2025 04:00,4,1,12,0,0,7.46,4.19,0,34.78
09-12-2025 05:00,5,1,12,0,0,12.18,4.4,0,45.16
09-12-2025 06:00,6,1,12,0,0,14.39,4.15,0,53.33
09-12-2025 07:00,7,1,12,0,0,16.95,2.67,1,64.64
09-12-2025 08:00,8,1,12,0,0,16.69,2.26,1,69.92
09-12-2025 09:00,9,1,12,0,0,20.14,4.39,1,65.67
09-12-2025 10:00,10,1,12,0,0,20.4,4.93,0,56.06
09-12-2025 11:00,11,1,12,0,0,21.68,0.5,0,40.92
09-12-2025 12:00,12,1,12,0,0,26.72,3.45,0,45.46
09-12-2025 13:00,13,1,12,0,0,31.49,3.72,0,51.61
09-12-2025 14:00,14,1,12,0,0,29.77,4.97,0,47.72
09-12-2025 15:00,15,1,12,0,0,29.49,2.79,0,51.59
09-12-2025 16:00,16,1,12,0,0,31.35,2.56,0,65.76
09-12-2025 17:00,17,1,12,0,0,28.77,3.31,0,69.61
09-12-2025 18:00,18,1,12,0,0,25.68,3.4,1,82.73
09-12-2025 19:00,19,1,12,0,0,22.85,0.5,1,84.86
09-12-2025 20:00,20,1,12,0,0,23.89,4.15,1,92.68
09-12-2025 21:00,21,1,12,0,0,18.65,3.53,1,86.69
09-12-2025 22:00,22,1,12,0,0,14.46,2.2,0,78.85
09-12-2025 23:00,23,1,12,0,0,14.07,4.44,0,54.39
10-12-2025 00:00,0,2,12,0,0,13.89,2.1,0,27.46
10-12-2025 01:00,1,2,12,0,0,13.72,1.79,0,30.58
10-12-2025 02:00,2,2,12,0,0,10.95,2.84,0,33.94
10-12-2025 03:00,3,2,12,0,0,7.76,3.1,0,27.04
10-12-2025 04:00,4,2,12,0,0,10.97,2.65,0,31.58
10-12-2025 05:00,5,2,12,0,0,13.28,5.7,0,47.26
10-12-2025 06:00,6,2,12,0,0,12.22,4.23,0,56.96
10-12-2025 07:00,7,2,12,0,0,16.95,3.7,1,66.67
10-12-2025 08:00,8,2,12,0,0,14.02,3.27,1,70.42
10-12-2025 09:00,9,2,12,0,0,22.69,3.03,1,64.59
10-12-2025 10:00,10,2,12,0,0,25.62,3.84,0,57.97
10-12-2025 11:00,11,2,12,0,0,25.56,2.08,0,45.99
10-12-2025 12:00,12,2,12,0,0,29.18,3.01,0,51.76
10-12-2025 13:00,13,2,12,0,0,30.62,3.49,0,45.47
10-12-2025 14:00,14,2,12,0,0,29.22,5.57,0,42.72
10-12-2025 15:00,15,2,12,0,0,30.37,2.22,0,51.73
10-12-2025 16:00,16,2,12,0,0,32.49,1.68,0,69.79
10-12-2025 17:00,17,2,12,0,0,28.25,5.18,0,74.4
10-12-2025 18:00,18,2,12,0,0,26.84,5.27,1,78.32
10-12-2025 19:00,19,2,12,0,0,27.96,2.34,1,93.18
10-12-2025 20:00,20,2,12,0,0,22.47,3.83,1,91.25
10-12-2025 21:00,21,2,12,0,0,18.11,2.67,1,84.51
10-12-2025 22:00,22,2,12,0,0,18.38,3.41,0,75.77
10-12-2025 23:00,23,2,12,0,0,15.6,1.57,0,56.01
11-12-2025 00:00,0,3,12,0,0,14.99,4.23,0,27.61
11-12-2025 01:00,1,3,12,0,0,9.97,2.11,0,33.69
11-12-2025 02:00,2,3,12,0,0,7.53,4.82,0,34.42
11-12-2025 03:00,3,3,12,0,0,9.75,2.73,0,29.71
11-12-2025 04:00,4,3,12,0,0,12.15,3.82,0,37.41
11-12-2025 05:00,5,3,12,0,0,9.36,6.3,0,44.34
11-12-2025 06:00,6,3,12,0,0,8.92,1.49,0,50.49
11-12-2025 07:00,7,3,12,0,0,12.25,2.32,1,71.88
11-12-2025 08:00,8,3,12,0,0,20.92,5.47,1,65.5
11-12-2025 09:00,9,3,12,0,0,21.26,1.71,1,65.79
11-12-2025 10:00,10,3,12,0,0,21.53,4.76,0,52.23
11-12-2025 11:00,11,3,12,0,0,25.47,4.83,0,52.03
11-12-2025 12:00,12,3,12,0,0,25.91,2.82,0,38.73
11-12-2025 13:00,13,3,12,0,0,24.88,5.61,0,38.74
11-12-2025 14:00,14,3,12,0,0,34.26,4.62,0,60.32
11-12-2025 15:00,15,3,12,0,0,30.48,2.72,0,46.37
11-12-2025 16:00,16,3,12,0,0,32.29,3.46,0,66.94
11-12-2025 17:00,17,3,12,0,0,27.95,7.2,0,65.58
11-12-2025 18:00,18,3,12,0,0,26.78,4.32,1,81.64
11-12-2025 19:00,19,3,12,0,0,25.82,4.21,1,90.51
11-12-2025 20:00,20,3,12,0,0,25.66,2.07,1,90.76
11-12-2025 21:00,21,3,12,0,0,20.98,4.44,1,86.71
11-12-2025 22:00,22,3,12,0,0,18.53,2.41,0,71.04
11-12-2025 23:00,23,3,12,0,0,13.39,4.97,0,60.82
12-12-2025 00:00,0,4,12,0,0,14.48,1.05,0,29.9
12-12-2025 01:00,1,4,12,0,0,10.95,2.55,0,34.69
12-12-2025 02:00,2,4,12,0,0,13.91,3.35,0,28.5
12-12-2025 03:00,3,4,12,0,0,10.08,0.9,0,32.65
12-12-2025 04:00,4,4,12,0,0,11.4,3.48,0,38.5
12-12-2025 05:00,5,4,12,0,0,15.57,2.68,0,42.37
12-12-2025 06:00,6,4,12,0,0,11.26,3.68,0,51.62
12-12-2025 07:00,7,4,12,0,0,14.98,0.5,1,64.27
12-12-2025 08:00,8,4,12,0,0,21.66,2.31,1,69.98
12-12-2025 09:00,9,4,12,0,0,20.37,4.66,1,65.79
12-12-2025 10:00,10,4,12,0,0,24.43,3.48,0,58.66
12-12-2025 11:00,11,4,12,0,0,22.28,4.71,0,45.28
12-12-2025 12:00,12,4,12,0,0,26.62,2.23,0,37.1
12-12-2025 13:00,13,4,12,0,0,32.02,2.37,0,54.56
12-12-2025 14:00,14,4,12,0,0,30.87,4.91,0,50.91
12-12-2025 15:00,15,4,12,0,0,28.86,2.53,0,47.44
12-12-2025 16:00,16,4,12,0,0,33.89,3.55,0,69.64
12-12-2025 17:00,17,4,12,0,0,30.86,2.37,0,76.58
12-12-2025 18:00,18,4,12,0,0,23.75,6.51,1,74.17
12-12-2025 19:00,19,4,12,0,0,26.21,3.85,1,87.89
12-12-2025 20:00,20,4,12,0,0,23.03,4.24,1,93.43
12-12-2025 21:00,21,4,12,0,0,18.3,5.26,1,86.12
12-12-2025 22:00,22,4,12,0,0,18.67,2.72,0,71.35
12-12-2025 23:00,23,4,12,0,0,15.58,2.09,0,60.46
13-12-2025 00:00,0,5,12,1,0,14.43,5.55,0,26.93
13-12-2025 01:00,1,5,12,1,0,11.74,5.03,0,21.62
13-12-2025 02:00,2,5,12,1,0,8.95,1.67,0,18.8
13-12-2025 03:00,3,5,12,1,0,11.41,3.92,0,25.84
13-12-2025 04:00,4,5,12,1,0,10.15,6.01,0,20.46
13-12-2025 05:00,5,5,12,1,0,13.56,2.93,0,35.44
13-12-2025 06:00,6,5,12,1,0,11.54,1.4,0,48.03
13-12-2025 07:00,7,5,12,1,0,13.69,6.95,1,49.41
13-12-2025 08:00,8,5,12,1,0,21.43,3.7,1,53.91
13-12-2025 09:00,9,5,12,1,0,19.37,2.07,1,48.5
13-12-2025 10:00,10,5,12,1,0,24.28,6.01,0,43.66
13-12-2025 11:00,11,5,12,1,0,25.57,5.15,0,36.86
13-12-2025 12:00,12,5,12,1,0,26.82,2.99,0,30.02
13-12-2025 13:00,13,5,12,1,0,28.72,3.6,0,38.82
13-12-2025 14:00,14,5,12,1,0,29.63,4.74,0,39.46
13-12-2025 15:00,15,5,12,1,0,29.21,2.36,0,42.21
13-12-2025 16:00,16,5,12,1,0,27.28,1.63,0,41.36
13-12-2025 17:00,17,5,12,1,0,32.53,2.64,0,68.81
13-12-2025 18:00,18,5,12,1,0,28.88,4.39,1,64.68
13-12-2025 19:00,19,5,12,1,0,26.06,3.9,1,75.67
13-12-2025 20:00,20,5,12,1,0,22.63,4.25,1,70.06
13-12-2025 21:00,21,5,12,1,0,19.15,7.25,1,70.17
13-12-2025 22:00,22,5,12,1,0,16.88,2.79,0,57.6
13-12-2025 23:00,23,5,12,1,0,13.57,3.54,0,49.82
14-12-2025 00:00,0,6,12,1,0,12.81,3.96,0,26.96
14-12-2025 01:00,1,6,12,1,0,9.44,2.23,0,22.06
14-12-2025 02:00,2,6,12,1,0,10.75,3.94,0,18.03
14-12-2025 03:00,3,6,12,1,0,6.65,2.91,0,30.53
14-12-2025 04:00,4,6,12,1,0,5.68,4.86,0,25.05
14-12-2025 05:00,5,6,12,1,0,10.56,2.18,0,33.66
14-12-2025 06:00,6,6,12,1,0,12.81,1.4,0,41.91
14-12-2025 07:00,7,6,12,1,0,16.29,2.92,1,50.41
14-12-2025 08:00,8,6,12,1,0,17.63,3.85,1,54.23
14-12-2025 09:00,9,6,12,1,0,21.02,8.12,1,50.97
14-12-2025 10:00,10,6,12,1,0,23.7,1.97,0,44.86
14-12-2025 11:00,11,6,12,1,0,28.2,2.88,0,48.38
14-12-2025 12:00,12,6,12,1,0,30.6,0.88,0,48.66
14-12-2025 13:00,13,6,12,1,0,27,5.77,0,32.45
14-12-2025 14:00,14,6,12,1,0,25.57,1.15,0,31.77
14-12-2025 15:00,15,6,12,1,0,29.42,3.8,0,46.15
14-12-2025 16:00,16,6,12,1,0,27.99,5.08,0,43.98
14-12-2025 17:00,17,6,12,1,0,29.97,4.7,0,65.81
14-12-2025 18:00,18,6,12,1,0,25.77,5.78,1,63.12
14-12-2025 19:00,19,6,12,1,0,24.59,5.75,1,69.81
14-12-2025 20:00,20,6,12,1,0,23.36,1.24,1,76.45
14-12-2025 21:00,21,6,12,1,0,15.61,1.91,1,68.97
14-12-2025 22:00,22,6,12,1,0,13.08,3.41,0,57.88
14-12-2025 23:00,23,6,12,1,0,18.31,3.34,0,49.05
15-12-2025 00:00,0,0,12,0,0,15.32,5.38,0,28.17
15-12-2025 01:00,1,0,12,0,0,13.37,2.63,0,31.46
15-12-2025 02:00,2,0,12,0,0,8.43,3.89,0,28.92
15-12-2025 03:00,3,0,12,0,0,8.92,3.06,0,36.74
15-12-2025 04:00,4,0,12,0,0,10.03,2.64,0,35.8
15-12-2025 05:00,5,0,12,0,0,8.87,4.91,0,42.78
15-12-2025 06:00,6,0,12,0,0,14,5.72,0,56.79
15-12-2025 07:00,7,0,12,0,0,15.17,2.54,1,61.24
15-12-2025 08:00,8,0,12,0,0,16.73,2.72,1,69.97
15-12-2025 09:00,9,0,12,0,0,19.37,3.75,1,71.25
15-12-2025 10:00,10,0,12,0,0,25.47,4.66,0,58.1
15-12-2025 11:00,11,0,12,0,0,24.56,2.11,0,40.29
15-12-2025 12:00,12,0,12,0,0,26.13,5.72,0,39.62
15-12-2025 13:00,13,0,12,0,0,29.23,0.9,0,43.93
15-12-2025 14:00,14,0,12,0,0,29.56,2.66,0,46.3
15-12-2025 15:00,15,0,12,0,0,28.32,4.23,0,58.66
15-12-2025 16:00,16,0,12,0,0,33.33,2.44,0,69.17
15-12-2025 17:00,17,0,12,0,0,30.38,3.06,0,78.69
15-12-2025 18:00,18,0,12,0,0,28.95,4.2,1,85.86
15-12-2025 19:00,19,0,12,0,0,27.11,4.92,1,92.86
15-12-2025 20:00,20,0,12,0,0,20.52,3.85,1,91.76
15-12-2025 21:00,21,0,12,0,0,21.42,3.07,1,78.76
15-12-2025 22:00,22,0,12,0,0,18.68,1.78,0,73.94
15-12-2025 23:00,23,0,12,0,0,13.16,4.27,0,59.67
16-12-2025 00:00,0,1,12,0,0,14.05,0.9,0,33.53
16-12-2025 01:00,1,1,12,0,0,13.14,3.81,0,33.88
16-12-2025 02:00,2,1,12,0,0,10.45,5.39,0,28.09
16-12-2025 03:00,3,1,12,0,0,13.92,3.02,0,27.79
16-12-2025 04:00,4,1,12,0,0,12.36,2.64,0,39.27
16-12-2025 05:00,5,1,12,0,0,14.85,1.45,0,39.71
16-12-2025 06:00,6,1,12,0,0,14.03,4.01,0,53.27
16-12-2025 07:00,7,1,12,0,0,17.93,2.47,1,64.43
16-12-2025 08:00,8,1,12,0,0,18.17,4.09,1,70.28
16-12-2025 09:00,9,1,12,0,0,17.75,4.65,1,67.18
16-12-2025 10:00,10,1,12,0,0,19.69,6.67,0,55.23
16-12-2025 11:00,11,1,12,0,0,25.85,3.62,0,47.43
16-12-2025 12:00,12,1,12,0,0,29.27,3.02,0,47.72
16-12-2025 13:00,13,1,12,0,0,31.18,2.93,0,51.45
16-12-2025 14:00,14,1,12,0,0,30.13,4.78,0,45.09
16-12-2025 15:00,15,1,12,0,0,30.83,7.07,0,50.07
16-12-2025 16:00,16,1,12,0,0,28.2,3.02,0,56.86
16-12-2025 17:00,17,1,12,0,0,26.98,3.69,0,69.09
16-12-2025 18:00,18,1,12,0,0,28.28,1.3,1,80.85
16-12-2025 19:00,19,1,12,0,0,25.08,2.13,1,85.24
16-12-2025 20:00,20,1,12,0,0,24.13,2.81,1,88.01
16-12-2025 21:00,21,1,12,0,0,20.77,4.21,1,86.35
16-12-2025 22:00,22,1,12,0,0,19.57,5.46,0,68.5
16-12-2025 23:00,23,1,12,0,0,11.84,3.12,0,54.08
17-12-2025 00:00,0,2,12,0,0,14.55,2.39,0,25.05
17-12-2025 01:00,1,2,12,0,0,11.22,4.99,0,29.34
17-12-2025 02:00,2,2,12,0,0,13.07,3.99,0,27.82
17-12-2025 03:00,3,2,12,0,0,6.67,1.96,0,33.26
17-12-2025 04:00,4,2,12,0,0,13.34,4.63,0,34.64
17-12-2025 05:00,5,2,12,0,0,15.21,2.22,0,42.1
17-12-2025 06:00,6,2,12,0,0,15.55,1.82,0,52.18
17-12-2025 07:00,7,2,12,0,0,16.15,4.1,1,66.65
17-12-2025 08:00,8,2,12,0,0,15.3,6,1,68.01
17-12-2025 09:00,9,2,12,0,0,21.13,1.3,1,63.05
17-12-2025 10:00,10,2,12,0,0,22.96,3.69,0,53.92
17-12-2025 11:00,11,2,12,0,0,25.46,4.47,0,49.85
17-12-2025 12:00,12,2,12,0,0,27.16,3.62,0,41.63
17-12-2025 13:00,13,2,12,0,0,28.5,3.8,0,43.9
17-12-2025 14:00,14,2,12,0,0,33.24,3.61,0,58.09
17-12-2025 15:00,15,2,12,0,0,27.91,1.06,0,41.64
17-12-2025 16:00,16,2,12,0,0,30.97,3.42,0,59.39
17-12-2025 17:00,17,2,12,0,0,29.5,2.43,0,72.23
17-12-2025 18:00,18,2,12,0,0,26.23,1.4,1,73.13
17-12-2025 19:00,19,2,12,0,0,26.3,4.78,1,87.91
17-12-2025 20:00,20,2,12,0,0,19.48,2.53,1,86.16
17-12-2025 21:00,21,2,12,0,0,19.97,4.52,1,84.94
17-12-2025 22:00,22,2,12,0,0,17.07,3.35,0,69.79
17-12-2025 23:00,23,2,12,0,0,16.82,4,0,59.25
18-12-2025 00:00,0,3,12,0,0,11.54,1.78,0,29.66
18-12-2025 01:00,1,3,12,0,0,7.75,4.6,0,28.42
18-12-2025 02:00,2,3,12,0,0,10.32,3.21,0,32.49
18-12-2025 03:00,3,3,12,0,0,11.3,3.05,0,26.9
18-12-2025 04:00,4,3,12,0,0,11.11,3.96,0,40.06
18-12-2025 05:00,5,3,12,0,0,15.16,2.03,0,43.97
18-12-2025 06:00,6,3,12,0,0,14.19,2.29,0,50.58
18-12-2025 07:00,7,3,12,0,0,16.17,2.97,1,66.27
18-12-2025 08:00,8,3,12,0,0,19.41,1.22,1,69.45
18-12-2025 09:00,9,3,12,0,0,22.37,3.19,1,68.19
18-12-2025 10:00,10,3,12,0,0,22.48,4.42,0,51.9
18-12-2025 11:00,11,3,12,0,0,21.7,6.58,0,47
18-12-2025 12:00,12,3,12,0,0,28.93,2.16,0,49.82
18-12-2025 13:00,13,3,12,0,0,29.78,3.55,0,45.17
18-12-2025 14:00,14,3,12,0,0,31.32,3.18,0,54
18-12-2025 15:00,15,3,12,0,0,30.21,5.07,0,51.89
18-12-2025 16:00,16,3,12,0,0,26.55,5.83,0,45.77
18-12-2025 17:00,17,3,12,0,0,27.15,3.3,0,61.36
18-12-2025 18:00,18,3,12,0,0,27.63,1.47,1,86.35
18-12-2025 19:00,19,3,12,0,0,22.17,2.72,1,82.35
18-12-2025 20:00,20,3,12,0,0,23.51,0.63,1,85.77
18-12-2025 21:00,21,3,12,0,0,20.36,3.21,1,92.43
18-12-2025 22:00,22,3,12,0,0,18.26,3.97,0,77.1
18-12-2025 23:00,23,3,12,0,0,16.33,3.58,0,59.51
19-12-2025 00:00,0,4,12,0,0,9.41,2,0,25.4
19-12-2025 01:00,1,4,12,0,0,13.21,3.74,0,22.53
19-12-2025 02:00,2,4,12,0,0,10.83,5.68,0,38.87
19-12-2025 03:00,3,4,12,0,0,9.29,4.43,0,31.31
19-12-2025 04:00,4,4,12,0,0,10.32,3.35,0,36.22
19-12-2025 05:00,5,4,12,0,0,14.14,3.67,0,46.04
19-12-2025 06:00,6,4,12,0,0,13.71,3.63,0,59.58
19-12-2025 07:00,7,4,12,0,0,13.86,0.5,1,65.26
19-12-2025 08:00,8,4,12,0,0,16.02,4.02,1,69.97
19-12-2025 09:00,9,4,12,0,0,19.04,4.92,1,64.08
19-12-2025 10:00,10,4,12,0,0,25.24,2.3,0,56.16
19-12-2025 11:00,11,4,12,0,0,23.92,3.1,0,41.81
19-12-2025 12:00,12,4,12,0,0,25.17,3.56,0,40.52
19-12-2025 13:00,13,4,12,0,0,31.93,3.33,0,50.26
19-12-2025 14:00,14,4,12,0,0,30.03,2.67,0,45.79
19-12-2025 15:00,15,4,12,0,0,29.13,6.19,0,48.79
19-12-2025 16:00,16,4,12,0,0,28.23,5.2,0,56.12
19-12-2025 17:00,17,4,12,0,0,29.94,3.83,0,74.66
19-12-2025 18:00,18,4,12,0,0,27.64,3.69,1,84.24
19-12-2025 19:00,19,4,12,0,0,23.47,4.67,1,87.68
19-12-2025 20:00,20,4,12,0,0,23.42,4.33,1,89.46
19-12-2025 21:00,21,4,12,0,0,18.61,4.89,1,83.11
19-12-2025 22:00,22,4,12,0,0,16.1,3.94,0,71.39
19-12-2025 23:00,23,4,12,0,0,14.28,4.5,0,59.57
20-12-2025 00:00,0,5,12,1,0,13.4,1.13,0,25.79
20-12-2025 01:00,1,5,12,1,0,10.47,3.18,0,20.72
20-12-2025 02:00,2,5,12,1,0,8.71,2.69,0,28.42
20-12-2025 03:00,3,5,12,1,0,11.45,3.52,0,25.43
20-12-2025 04:00,4,5,12,1,0,6.09,3.45,0,30.25
20-12-2025 05:00,5,5,12,1,0,12.01,3.53,0,35.26
20-12-2025 06:00,6,5,12,1,0,15.44,3.64,0,46.49
20-12-2025 07:00,7,5,12,1,0,16.18,3.28,1,55.82
20-12-2025 08:00,8,5,12,1,0,14.48,5.2,1,59.69
20-12-2025 09:00,9,5,12,1,0,18.12,1.4,1,50.68
20-12-2025 10:00,10,5,12,1,0,19.04,0.98,0,42.92
20-12-2025 11:00,11,5,12,1,0,24.95,4.21,0,37.2
20-12-2025 12:00,12,5,12,1,0,29.79,2.95,0,46.45
20-12-2025 13:00,13,5,12,1,0,28.64,3.99,0,37.8
20-12-2025 14:00,14,5,12,1,0,27.5,0.78,0,35.37
20-12-2025 15:00,15,5,12,1,0,28.9,4.9,0,42.7
20-12-2025 16:00,16,5,12,1,0,31.62,1.71,0,52.86
20-12-2025 17:00,17,5,12,1,0,30.32,0.96,0,62.37
20-12-2025 18:00,18,5,12,1,0,22.73,6.19,1,56.4
20-12-2025 19:00,19,5,12,1,0,24.44,3.82,1,69.13
20-12-2025 20:00,20,5,12,1,0,24.37,4.3,1,66.09
20-12-2025 21:00,21,5,12,1,0,24.26,4.96,1,66.43
20-12-2025 22:00,22,5,12,1,0,20.2,5.19,0,57.82
20-12-2025 23:00,23,5,12,1,0,12.28,2.3,0,39.13
21-12-2025 00:00,0,6,12,1,0,13.73,4.18,0,22.56
21-12-2025 01:00,1,6,12,1,0,10.92,4.22,0,23.17
21-12-2025 02:00,2,6,12,1,0,10.42,1.64,0,25.69
21-12-2025 03:00,3,6,12,1,0,11.66,1.08,0,25
21-12-2025 04:00,4,6,12,1,0,12.87,3.5,0,27.14
21-12-2025 05:00,5,6,12,1,0,12.78,3.34,0,36.52
21-12-2025 06:00,6,6,12,1,0,14.1,2.98,0,41.49
21-12-2025 07:00,7,6,12,1,0,15.79,3.56,1,51.69
21-12-2025 08:00,8,6,12,1,0,17.35,3.69,1,52.31
21-12-2025 09:00,9,6,12,1,0,18.24,3.07,1,48.38
21-12-2025 10:00,10,6,12,1,0,21.79,3.99,0,42.85
21-12-2025 11:00,11,6,12,1,0,24.45,5.22,0,34.13
21-12-2025 12:00,12,6,12,1,0,27.99,0.94,0,40.7
21-12-2025 13:00,13,6,12,1,0,26.99,2.97,0,32.42
21-12-2025 14:00,14,6,12,1,0,30.1,3.77,0,35.95
21-12-2025 15:00,15,6,12,1,0,28.97,2.18,0,43.08
21-12-2025 16:00,16,6,12,1,0,33.89,4.58,0,60.72
21-12-2025 17:00,17,6,12,1,0,30.24,5.82,0,54.86
21-12-2025 18:00,18,6,12,1,0,25.32,3.03,1,62.19
21-12-2025 19:00,19,6,12,1,0,24.03,6.03,1,71.19
21-12-2025 20:00,20,6,12,1,0,19.55,2.08,1,72.58
21-12-2025 21:00,21,6,12,1,0,20.21,1.66,1,66.04
21-12-2025 22:00,22,6,12,1,0,15.97,2.16,0,58.6
21-12-2025 23:00,23,6,12,1,0,15.29,3.44,0,47.02
22-12-2025 00:00,0,0,12,0,0,12.98,1.97,0,29.43
22-12-2025 01:00,1,0,12,0,0,13.37,2.67,0,29.82
22-12-2025 02:00,2,0,12,0,0,9.27,6.43,0,35.6
22-12-2025 03:00,3,0,12,0,0,7.19,4.79,0,26.85
22-12-2025 04:00,4,0,12,0,0,8.74,3.33,0,42.8
22-12-2025 05:00,5,0,12,0,0,14.72,4.79,0,42.43
22-12-2025 06:00,6,0,12,0,0,14.01,5.17,0,56.43
22-12-2025 07:00,7,0,12,0,0,14.04,3.33,1,62.86
22-12-2025 08:00,8,0,12,0,0,18.34,3,1,68.53
22-12-2025 09:00,9,0,12,0,0,17.81,1.96,1,70.85
22-12-2025 10:00,10,0,12,0,0,22.74,3.22,0,55.65
22-12-2025 11:00,11,0,12,0,0,25.41,5.06,0,45.34
22-12-2025 12:00,12,0,12,0,0,29.26,3.17,0,47.03
22-12-2025 13:00,13,0,12,0,0,28.06,2.59,0,41.71
22-12-2025 14:00,14,0,12,0,0,31.41,4.85,0,46.61
22-12-2025 15:00,15,0,12,0,0,32.05,6.3,0,62.02
22-12-2025 16:00,16,0,12,0,0,30.85,5.54,0,61.72
22-12-2025 17:00,17,0,12,0,0,31,4.01,0,76.15
22-12-2025 18:00,18,0,12,0,0,26.68,3.73,1,83.53
22-12-2025 19:00,19,0,12,0,0,24.4,4.37,1,91.84
22-12-2025 20:00,20,0,12,0,0,24.48,4.08,1,96.81
22-12-2025 21:00,21,0,12,0,0,21.34,5.29,1,82.6
22-12-2025 22:00,22,0,12,0,0,18.69,4.28,0,78.04
22-12-2025 23:00,23,0,12,0,0,15.78,4.13,0,54.87
23-12-2025 00:00,0,1,12,0,0,14.84,4.64,0,26.06
23-12-2025 01:00,1,1,12,0,0,9.65,2.87,0,31.97
23-12-2025 02:00,2,1,12,0,0,10.03,0.5,0,29.29
23-12-2025 03:00,3,1,12,0,0,10.56,2.23,0,33.95
23-12-2025 04:00,4,1,12,0,0,8.57,2.14,0,37.85
23-12-2025 05:00,5,1,12,0,0,11.19,5.18,0,48.74
23-12-2025 06:00,6,1,12,0,0,13.66,6.15,0,58.48
23-12-2025 07:00,7,1,12,0,0,14.46,4.12,1,69.39
23-12-2025 08:00,8,1,12,0,0,14.32,0.75,1,72.27
23-12-2025 09:00,9,1,12,0,0,17.29,2,1,67.42
23-12-2025 10:00,10,1,12,0,0,23.2,2.97,0,52.99
23-12-2025 11:00,11,1,12,0,0,23.62,4.72,0,43.11
23-12-2025 12:00,12,1,12,0,0,26.97,3.62,0,38.9
23-12-2025 13:00,13,1,12,0,0,27.64,2.9,0,39.41
23-12-2025 14:00,14,1,12,0,0,32.71,5.18,0,54.63
23-12-2025 15:00,15,1,12,0,0,30.15,0.5,0,52.82
23-12-2025 16:00,16,1,12,0,0,28.91,2.98,0,59.16
23-12-2025 17:00,17,1,12,0,0,31.04,3.39,0,73.34
23-12-2025 18:00,18,1,12,0,0,27.32,3.41,1,85.11
23-12-2025 19:00,19,1,12,0,0,22.77,4.57,1,88.45
23-12-2025 20:00,20,1,12,0,0,22.92,3.11,1,89.05
23-12-2025 21:00,21,1,12,0,0,19.18,3.78,1,84.71
23-12-2025 22:00,22,1,12,0,0,19.66,3.47,0,78.59
23-12-2025 23:00,23,1,12,0,0,14.87,4.13,0,55.5
24-12-2025 00:00,0,2,12,0,0,15.56,5.27,0,25.8
24-12-2025 01:00,1,2,12,0,0,10.38,3.05,0,30.71
24-12-2025 02:00,2,2,12,0,0,9.23,1.91,0,35.11
24-12-2025 03:00,3,2,12,0,0,10.56,3.68,0,33.84
24-12-2025 04:00,4,2,12,0,0,7.93,2.68,0,37
24-12-2025 05:00,5,2,12,0,0,11.74,3.36,0,43.39
24-12-2025 06:00,6,2,12,0,0,11.66,4.36,0,53.39
24-12-2025 07:00,7,2,12,0,0,16.82,6.97,1,65.6
24-12-2025 08:00,8,2,12,0,0,17.18,6.31,1,74.05
24-12-2025 09:00,9,2,12,0,0,17.31,3.88,1,65.44
24-12-2025 10:00,10,2,12,0,0,17.97,7.21,0,55.45
24-12-2025 11:00,11,2,12,0,0,25.81,1.44,0,48.68
24-12-2025 12:00,12,2,12,0,0,26.4,2.7,0,45.29
24-12-2025 13:00,13,2,12,0,0,31.67,4.13,0,54.54
24-12-2025 14:00,14,2,12,0,0,27.34,2.88,0,41.31
24-12-2025 15:00,15,2,12,0,0,31.4,3.51,0,56.9
24-12-2025 16:00,16,2,12,0,0,29.53,5.49,0,58.77
24-12-2025 17:00,17,2,12,0,0,26.74,2.73,0,70.63
24-12-2025 18:00,18,2,12,0,0,26.25,2.52,1,77.74
24-12-2025 19:00,19,2,12,0,0,22.83,2.24,1,79.4
24-12-2025 20:00,20,2,12,0,0,21.54,6.4,1,90.89
24-12-2025 21:00,21,2,12,0,0,21.08,2.98,1,84
24-12-2025 22:00,22,2,12,0,0,18.47,3.51,0,73.23
24-12-2025 23:00,23,2,12,0,0,17.89,4.56,0,55.1
25-12-2025 00:00,0,3,12,0,1,10.61,2.57,0,21.92
25-12-2025 01:00,1,3,12,0,1,8.9,0.5,0,25.71
25-12-2025 02:00,2,3,12,0,1,12.48,0.9,0,28.52
25-12-2025 03:00,3,3,12,0,1,10.02,2.36,0,22.79
25-12-2025 04:00,4,3,12,0,1,9.7,2.97,0,29.59
25-12-2025 05:00,5,3,12,0,1,12.04,2.06,0,33.28
25-12-2025 06:00,6,3,12,0,1,12.98,1.23,0,45.44
25-12-2025 07:00,7,3,12,0,1,15.38,4.47,1,50.93
25-12-2025 08:00,8,3,12,0,1,17.72,4.37,1,50.07
25-12-2025 09:00,9,3,12,0,1,20.56,6.04,1,48.37
25-12-2025 10:00,10,3,12,0,1,20.69,2.31,0,49.15
25-12-2025 11:00,11,3,12,0,1,25.21,2.34,0,38.75
25-12-2025 12:00,12,3,12,0,1,28.09,2.29,0,37.69
25-12-2025 13:00,13,3,12,0,1,28.43,3.06,0,38.24
25-12-2025 14:00,14,3,12,0,1,30.7,1.61,0,40.84
25-12-2025 15:00,15,3,12,0,1,32.05,3.83,0,54.61
25-12-2025 16:00,16,3,12,0,1,32.44,3.3,0,60.69
25-12-2025 17:00,17,3,12,0,1,28.44,7.41,0,54.88
25-12-2025 18:00,18,3,12,0,1,28.89,4.81,1,64.42
25-12-2025 19:00,19,3,12,0,1,24.84,3.9,1,73.08
25-12-2025 20:00,20,3,12,0,1,22.42,2.42,1,73.46
25-12-2025 21:00,21,3,12,0,1,23.16,2.05,1,69.67
25-12-2025 22:00,22,3,12,0,1,18.28,2.03,0,55.58
25-12-2025 23:00,23,3,12,0,1,12.82,2.75,0,47.15
26-12-2025 00:00,0,4,12,0,0,14.17,3.99,0,30.27
26-12-2025 01:00,1,4,12,0,0,13.83,3.26,0,28.05
26-12-2025 02:00,2,4,12,0,0,11.2,6.16,0,33.46
26-12-2025 03:00,3,4,12,0,0,10.34,6.83,0,27.64
26-12-2025 04:00,4,4,12,0,0,11.34,3.13,0,37.9
26-12-2025 05:00,5,4,12,0,0,10.24,1.74,0,42.27
26-12-2025 06:00,6,4,12,0,0,14.71,2.49,0,55.92
26-12-2025 07:00,7,4,12,0,0,15.57,2.52,1,64.36
26-12-2025 08:00,8,4,12,0,0,19.41,3.72,1,69.48
26-12-2025 09:00,9,4,12,0,0,16.43,5.24,1,64.77
26-12-2025 10:00,10,4,12,0,0,19.56,2.92,0,51.35
26-12-2025 11:00,11,4,12,0,0,25.78,3.33,0,47.04
26-12-2025 12:00,12,4,12,0,0,26.05,2.02,0,42.6
26-12-2025 13:00,13,4,12,0,0,29.08,1.11,0,46.74
26-12-2025 14:00,14,4,12,0,0,30.67,2.64,0,46.06
26-12-2025 15:00,15,4,12,0,0,29.3,0.97,0,51.69
26-12-2025 16:00,16,4,12,0,0,31.89,3.73,0,64.99
26-12-2025 17:00,17,4,12,0,0,26.72,3.18,0,67.22
26-12-2025 18:00,18,4,12,0,0,28.71,1.03,1,86.6
26-12-2025 19:00,19,4,12,0,0,26.36,3.64,1,86.24
26-12-2025 20:00,20,4,12,0,0,24.28,4.09,1,89.98
26-12-2025 21:00,21,4,12,0,0,17.38,5.5,1,77.77
26-12-2025 22:00,22,4,12,0,0,13.3,3.25,0,73.41
26-12-2025 23:00,23,4,12,0,0,13.94,3.96,0,60.38
27-12-2025 00:00,0,5,12,1,0,10.49,5.54,0,23.23
27-12-2025 01:00,1,5,12,1,0,12.93,2.72,0,25.2
27-12-2025 02:00,2,5,12,1,0,13.19,3.26,0,22.6
27-12-2025 03:00,3,5,12,1,0,10.89,4.06,0,25.9
27-12-2025 04:00,4,5,12,1,0,11.19,5.05,0,25.27
27-12-2025 05:00,5,5,12,1,0,9.46,4.57,0,36.91
27-12-2025 06:00,6,5,12,1,0,12.49,5,0,43.49
27-12-2025 07:00,7,5,12,1,0,16.95,2,1,49.64
27-12-2025 08:00,8,5,12,1,0,21.64,4.88,1,60.84
27-12-2025 09:00,9,5,12,1,0,20.47,3.74,1,53.46
27-12-2025 10:00,10,5,12,1,0,22.63,1.34,0,45.15
27-12-2025 11:00,11,5,12,1,0,25.93,1.54,0,37.92
27-12-2025 12:00,12,5,12,1,0,29.34,3.88,0,43.08
27-12-2025 13:00,13,5,12,1,0,31.95,1.9,0,39.39
27-12-2025 14:00,14,5,12,1,0,31.22,3.22,0,38.19
27-12-2025 15:00,15,5,12,1,0,25.53,3.56,0,36.15
27-12-2025 16:00,16,5,12,1,0,29.64,5.66,0,47.79
27-12-2025 17:00,17,5,12,1,0,30.93,4.04,0,66.98
27-12-2025 18:00,18,5,12,1,0,25.3,4.15,1,56.57
27-12-2025 19:00,19,5,12,1,0,28.02,2.27,1,78.82
27-12-2025 20:00,20,5,12,1,0,20.35,3.23,1,72.82
27-12-2025 21:00,21,5,12,1,0,20.14,3.35,1,74.71
27-12-2025 22:00,22,5,12,1,0,19.06,1.64,0,60.91
27-12-2025 23:00,23,5,12,1,0,13.89,3.77,0,48.3
28-12-2025 00:00,0,6,12,1,0,12.51,3.35,0,23.47
28-12-2025 01:00,1,6,12,1,0,8.74,5.58,0,22.89
28-12-2025 02:00,2,6,12,1,0,10.82,3.74,0,22.34
28-12-2025 03:00,3,6,12,1,0,10.14,0.5,0,27.14
28-12-2025 04:00,4,6,12,1,0,9.84,2.33,0,27.08
28-12-2025 05:00,5,6,12,1,0,7.96,5.37,0,36.05
28-12-2025 06:00,6,6,12,1,0,14.36,5.49,0,43.11
28-12-2025 07:00,7,6,12,1,0,15.66,1.63,1,55.49
28-12-2025 08:00,8,6,12,1,0,17.41,3.02,1,52.74
28-12-2025 09:00,9,6,12,1,0,17,5.68,1,50.78
28-12-2025 10:00,10,6,12,1,0,22.34,4.65,0,40.99
28-12-2025 11:00,11,6,12,1,0,26.71,0.5,0,44.46
28-12-2025 12:00,12,6,12,1,0,27.94,2.72,0,42.54
28-12-2025 13:00,13,6,12,1,0,30.48,5.14,0,43.36
28-12-2025 14:00,14,6,12,1,0,27.12,3.98,0,33.72
28-12-2025 15:00,15,6,12,1,0,28.71,5.75,0,40.68
28-12-2025 16:00,16,6,12,1,0,28.98,3.15,0,47.68
28-12-2025 17:00,17,6,12,1,0,29.89,3.04,0,61.16
28-12-2025 18:00,18,6,12,1,0,27.66,3.53,1,61.06
28-12-2025 19:00,19,6,12,1,0,26.97,3.08,1,72.73
28-12-2025 20:00,20,6,12,1,0,22.67,4.12,1,72.75
28-12-2025 21:00,21,6,12,1,0,22.63,5.35,1,69.81
28-12-2025 22:00,22,6,12,1,0,16.58,5.1,0,50.56
28-12-2025 23:00,23,6,12,1,0,18.01,2.89,0,46.78
29-12-2025 00:00,0,0,12,0,0,14.82,4.75,0,29.72
29-12-2025 01:00,1,0,12,0,0,11.58,1.83,0,27.67
29-12-2025 02:00,2,0,12,0,0,13.76,4.08,0,29.47
29-12-2025 03:00,3,0,12,0,0,12,4.84,0,30.35
29-12-2025 04:00,4,0,12,0,0,12.46,1.6,0,33.57
29-12-2025 05:00,5,0,12,0,0,10.06,4.45,0,43.78
29-12-2025 06:00,6,0,12,0,0,11.12,2.74,0,51.19
29-12-2025 07:00,7,0,12,0,0,15.28,2.83,1,64.64
29-12-2025 08:00,8,0,12,0,0,16.08,6.04,1,73.14
29-12-2025 09:00,9,0,12,0,0,18.61,2.17,1,63.99
29-12-2025 10:00,10,0,12,0,0,22.74,2.33,0,53.44
29-12-2025 11:00,11,0,12,0,0,26.72,3.1,0,48.65
29-12-2025 12:00,12,0,12,0,0,28.35,2.49,0,39.37
29-12-2025 13:00,13,0,12,0,0,26.42,5.73,0,34.34
29-12-2025 14:00,14,0,12,0,0,27.7,0.76,0,43.6
29-12-2025 15:00,15,0,12,0,0,32.12,2.52,0,48.39
29-12-2025 16:00,16,0,12,0,0,31.15,1.35,0,61.62
29-12-2025 17:00,17,0,12,0,0,27.18,2.39,0,61.74
29-12-2025 18:00,18,0,12,0,0,29.23,2.93,1,89.67
29-12-2025 19:00,19,0,12,0,0,28.17,2.71,1,95.45
29-12-2025 20:00,20,0,12,0,0,21.13,4.45,1,85.57
29-12-2025 21:00,21,0,12,0,0,18.68,3.3,1,87.94
29-12-2025 22:00,22,0,12,0,0,18.57,3.83,0,72.1
29-12-2025 23:00,23,0,12,0,0,17.11,4.8,0,56.99
30-12-2025 00:00,0,1,12,0,0,13.89,5.64,0,29.15
30-12-2025 01:00,1,1,12,0,0,14.35,4.71,0,25.33
30-12-2025 02:00,2,1,12,0,0,12.95,4.01,0,32.75
30-12-2025 03:00,3,1,12,0,0,9.27,5.34,0,30.74
30-12-2025 04:00,4,1,12,0,0,6.94,4.36,0,32
30-12-2025 05:00,5,1,12,0,0,11.82,4.96,0,42.54
30-12-2025 06:00,6,1,12,0,0,12.07,3.68,0,52.1
30-12-2025 07:00,7,1,12,0,0,19.53,4.26,1,62.89
30-12-2025 08:00,8,1,12,0,0,15.69,3.63,1,70.87
30-12-2025 09:00,9,1,12,0,0,22.04,4.09,1,63.5
30-12-2025 10:00,10,1,12,0,0,23.52,2.07,0,54.34
30-12-2025 11:00,11,1,12,0,0,25.96,2.45,0,56.47
30-12-2025 12:00,12,1,12,0,0,27.43,1.73,0,45.06
30-12-2025 13:00,13,1,12,0,0,28.93,4.62,0,43.14
30-12-2025 14:00,14,1,12,0,0,34.93,2.46,0,55.83
30-12-2025 15:00,15,1,12,0,0,29.46,6.53,0,47.11
30-12-2025 16:00,16,1,12,0,0,30.09,5.46,0,64.65
30-12-2025 17:00,17,1,12,0,0,28.21,2.5,0,75.08
30-12-2025 18:00,18,1,12,0,0,23.45,1.92,1,73.89
30-12-2025 19:00,19,1,12,0,0,25.33,4.33,1,87.56
30-12-2025 20:00,20,1,12,0,0,24.1,4.1,1,86
30-12-2025 21:00,21,1,12,0,0,19.41,4.5,1,86.26
30-12-2025 22:00,22,1,12,0,0,13.54,3.07,0,69.9
30-12-2025 23:00,23,1,12,0,0,18.7,3.79,0,56.17
31-12-2025 00:00,0,2,12,0,0,13.03,3.78,0,30.8
31-12-2025 01:00,1,2,12,0,0,9.34,4.8,0,30.84
31-12-2025 02:00,2,2,12,0,0,8.41,4.29,0,29.63
31-12-2025 03:00,3,2,12,0,0,10.64,2.2,0,27.97
31-12-2025 04:00,4,2,12,0,0,12.91,2.75,0,30.48
31-12-2025 05:00,5,2,12,0,0,7.1,3.61,0,40.77
31-12-2025 06:00,6,2,12,0,0,13.06,4.9,0,55.52
31-12-2025 07:00,7,2,12,0,0,16.43,2.29,1,61.25
31-12-2025 08:00,8,2,12,0,0,14.26,3.77,1,71.23
31-12-2025 09:00,9,2,12,0,0,19.72,5.47,1,61.52
31-12-2025 10:00,10,2,12,0,0,24.3,4.9,0,53.82
31-12-2025 11:00,11,2,12,0,0,27.82,3.83,0,60.61
31-12-2025 12:00,12,2,12,0,0,26.81,3.63,0,43.73
31-12-2025 13:00,13,2,12,0,0,32.93,3.9,0,57.34
31-12-2025 14:00,14,2,12,0,0,32.06,2.82,0,56.03
31-12-2025 15:00,15,2,12,0,0,33.23,4.78,0,65.69
31-12-2025 16:00,16,2,12,0,0,30.44,6.23,0,59.64
31-12-2025 17:00,17,2,12,0,0,28.29,4.09,0,64.95
31-12-2025 18:00,18,2,12,0,0,27.29,0.71,1,84.53
31-12-2025 19:00,19,2,12,0,0,26.58,2,1,91.71
31-12-2025 20:00,20,2,12,0,0,22.13,2.32,1,90.91
31-12-2025 21:00,21,2,12,0,0,22.17,3.04,1,85.83
31-12-2025 22:00,22,2,12,0,0,17.4,4.44,0,71.64
31-12-2025 23:00,23,2,12,0,0,17.02,2.3,0,58.15
