timestamp,hour_of_day,month,day_of_year,cloud_cover_pct,shortwave_radiation_wm2,direct_radiation_wm2,temperature_c,humidity_pct,solar_generation_kw
01-01-2025 00:00,0,1,1,71.84,0,0,12.49,58.43,0
01-01-2025 01:00,1,1,1,3.67,0,0,14.41,66.61,0
01-01-2025 02:00,2,1,1,31.21,0,0,8.23,73.32,0
01-01-2025 03:00,3,1,1,34.52,0,0,9.3,60.56,0
01-01-2025 04:00,4,1,1,0,0,0,10.98,66.13,0
01-01-2025 05:00,5,1,1,5.98,0,0,9.34,53.63,0
01-01-2025 06:00,6,1,1,34.7,0,0,12.51,61.96,0
01-01-2025 07:00,7,1,1,18.49,222.94,181.72,17.19,60.23,16.43
01-01-2025 08:00,8,1,1,52.02,304.94,146.32,14.91,58.79,25.19
01-01-2025 09:00,9,1,1,6.76,671.26,625.89,18.48,60.02,54.34
01-01-2025 10:00,10,1,1,0,866.03,866.03,20.86,62.24,68.32
01-01-2025 11:00,11,1,1,49.61,606.54,305.64,29.46,65.31,48.28
01-01-2025 12:00,12,1,1,21.51,838.69,658.31,26.44,51.26,66.47
01-01-2025 13:00,13,1,1,15.06,856.82,727.77,24.06,63.05,68.67
01-01-2025 14:00,14,1,1,16.87,756.43,628.8,30.2,48.97,57.81
01-01-2025 15:00,15,1,1,10.89,649.35,578.63,32.8,53.45,49.47
01-01-2025 16:00,16,1,1,56.83,286.87,123.83,29.34,51.66,22.65
01-01-2025 17:00,17,1,1,44.72,172,95.08,28.31,57.48,15.56
01-01-2025 18:00,18,1,1,4.89,0,0,29.1,62.61,0.13
01-01-2025 19:00,19,1,1,24.9,0,0,26.02,53.13,0
01-01-2025 20:00,20,1,1,88.13,0,0,21.52,60.61,0
01-01-2025 21:00,21,1,1,40.11,0,0,19.08,61.63,0
01-01-2025 22:00,22,1,1,31.35,0,0,22.76,54.56,0
01-01-2025 23:00,23,1,1,39.71,0,0,16.26,63.23,0
02-01-2025 00:00,0,1,2,68.04,0,0,15.08,60.67,0
02-01-2025 01:00,1,1,2,38.23,0,0,14.51,59.39,0
02-01-2025 02:00,2,1,2,19.14,0,0,12.35,66.29,0
02-01-2025 03:00,3,1,2,46.06,0,0,8.58,65.89,0
02-01-2025 04:00,4,1,2,17.26,0,0,8.31,74.99,0
02-01-2025 05:00,5,1,2,51.34,0,0,7.66,70.21,0
02-01-2025 06:00,6,1,2,39.61,0,0,16.03,58.7,0
02-01-2025 07:00,7,1,2,0,258.82,258.82,16.41,63.98,21.49
02-01-2025 08:00,8,1,2,27.34,397.47,288.79,18.09,66.89,32.88
02-01-2025 09:00,9,1,2,35.67,517.94,333.19,21.51,55.78,40.98
02-01-2025 10:00,10,1,2,65.47,440.75,152.17,25.55,51.7,35.43
02-01-2025 11:00,11,1,2,23.45,796.05,609.38,25.51,49.92,63.64
02-01-2025 12:00,12,1,2,42.12,684.11,395.97,27.63,57.82,54.44
02-01-2025 13:00,13,1,2,18.53,831.66,677.53,25.94,57.95,66.04
02-01-2025 14:00,14,1,2,55.63,504.67,223.9,31.42,50.27,39.45
02-01-2025 15:00,15,1,2,22.03,590.29,460.26,34.35,51.23,45.44
02-01-2025 16:00,16,1,2,48.98,316.33,161.4,29.69,55.86,25.04
02-01-2025 17:00,17,1,2,26.04,208.27,154.03,27.89,56.49,17.46
02-01-2025 18:00,18,1,2,38.29,0,0,25.44,61.85,0
02-01-2025 19:00,19,1,2,49.52,0,0,26.34,59.24,0
02-01-2025 20:00,20,1,2,17.57,0,0,22.25,58.49,0
02-01-2025 21:00,21,1,2,0,0,0,20.51,57.07,0
02-01-2025 22:00,22,1,2,17.79,0,0,18.89,58.26,0
02-01-2025 23:00,23,1,2,55.87,0,0,17.47,66.95,0
03-01-2025 00:00,0,1,3,22.8,0,0,12.83,73.33,0
03-01-2025 01:00,1,1,3,60.4,0,0,7.39,60.83,0
03-01-2025 02:00,2,1,3,30.49,0,0,7.74,60.07,0
03-01-2025 03:00,3,1,3,58.26,0,0,9.19,64.33,0
03-01-2025 04:00,4,1,3,52.67,0,0,9.4,64.52,0
03-01-2025 05:00,5,1,3,26.05,0,0,6.41,63.39,0
03-01-2025 06:00,6,1,3,0,0,0,12.81,60.82,0
03-01-2025 07:00,7,1,3,49.92,161.91,81.08,16.98,59.37,14.59
03-01-2025 08:00,8,1,3,15.58,441.58,372.79,18.56,54.71,33.6
03-01-2025 09:00,9,1,3,40.74,491.05,291,20.44,54.36,38.9
03-01-2025 10:00,10,1,3,35.3,636.73,411.94,22.64,57.79,51.03
03-01-2025 11:00,11,1,3,0,965.93,965.93,23,61.64,77.51
03-01-2025 12:00,12,1,3,51.14,616.49,301.24,24.78,54.78,48.35
03-01-2025 13:00,13,1,3,9.78,895.1,807.6,28.2,54.57,71.7
03-01-2025 14:00,14,1,3,9.72,802.91,724.88,32.35,54.35,62.79
03-01-2025 15:00,15,1,3,42.07,483.99,280.37,29.83,52.77,37.22
03-01-2025 16:00,16,1,3,33.44,374.6,249.34,30.96,53.35,28.02
03-01-2025 17:00,17,1,3,40.45,180.31,107.38,30.86,55.72,15.23
03-01-2025 18:00,18,1,3,32.38,0,0,26.69,49.65,1.34
03-01-2025 19:00,19,1,3,0,0,0,20.29,56.55,0
03-01-2025 20:00,20,1,3,3.12,0,0,21.53,64.55,0
03-01-2025 21:00,21,1,3,20.54,0,0,20.44,55.04,0
03-01-2025 22:00,22,1,3,67.25,0,0,15.97,66.66,0
03-01-2025 23:00,23,1,3,27.46,0,0,14.74,60.57,0
04-01-2025 00:00,0,1,4,3.21,0,0,14.09,66,0
04-01-2025 01:00,1,1,4,50.8,0,0,9.13,59.31,0
04-01-2025 02:00,2,1,4,17.57,0,0,8.7,59.66,0
04-01-2025 03:00,3,1,4,16.82,0,0,11.06,60.87,0
04-01-2025 04:00,4,1,4,19.32,0,0,9.17,71.27,0
04-01-2025 05:00,5,1,4,27.07,0,0,9.34,62.18,0
04-01-2025 06:00,6,1,4,25.44,0,0,13.44,68.03,0
04-01-2025 07:00,7,1,4,33.21,194.35,129.8,14.78,57.61,16
04-01-2025 08:00,8,1,4,45.9,327.87,177.37,20.03,71.93,25.43
04-01-2025 09:00,9,1,4,0,707.11,707.11,17.65,60.85,57.82
04-01-2025 10:00,10,1,4,24.07,709.66,538.81,23.01,49.51,57.22
04-01-2025 11:00,11,1,4,23.35,796.75,610.69,25.68,51.97,62.1
04-01-2025 12:00,12,1,4,30.41,771.94,537.21,26.96,57.03,60.72
04-01-2025 13:00,13,1,4,43.12,653.51,371.69,32.25,59.57,51.67
04-01-2025 14:00,14,1,4,65.49,440.67,152.08,29.27,52.73,34.63
04-01-2025 15:00,15,1,4,11.7,645.07,569.61,29.54,66.16,50.96
04-01-2025 16:00,16,1,4,41.84,343.1,199.54,30.92,45.65,27.12
04-01-2025 17:00,17,1,4,7.29,244.67,226.83,24.86,56.58,19.27
04-01-2025 18:00,18,1,4,30.36,0,0,23.93,56.01,0
04-01-2025 19:00,19,1,4,18.98,0,0,22.76,57.1,0
04-01-2025 20:00,20,1,4,29.7,0,0,22.41,59.96,0
04-01-2025 21:00,21,1,4,12.93,0,0,23.25,59.67,0
04-01-2025 22:00,22,1,4,13.99,0,0,17.94,68.16,0
04-01-2025 23:00,23,1,4,25.29,0,0,15.28,56.69,0
05-01-2025 00:00,0,1,5,42.53,0,0,12.52,66.94,0
05-01-2025 01:00,1,1,5,16.6,0,0,15.67,67.65,0
05-01-2025 02:00,2,1,5,0,0,0,5.79,67.01,0
05-01-2025 03:00,3,1,5,44.94,0,0,9.23,53.99,0
05-01-2025 04:00,4,1,5,46.92,0,0,11.6,67.32,0
05-01-2025 05:00,5,1,5,81.29,0,0,9.77,68.28,0
05-01-2025 06:00,6,1,5,5.84,0,0,13.74,56.24,0
05-01-2025 07:00,7,1,5,36.41,188.14,119.64,12.62,62.54,14.92
05-01-2025 08:00,8,1,5,20.62,422.68,335.53,15.38,62.5,34.06
05-01-2025 09:00,9,1,5,25.71,570.76,424.03,18.43,65,45.1
05-01-2025 10:00,10,1,5,26.09,696.56,514.83,22.65,51.76,57.92
05-01-2025 11:00,11,1,5,27.02,770.2,562.11,21.02,66.96,59.74
05-01-2025 12:00,12,1,5,21.02,842.32,665.23,30.3,50.68,64.3
05-01-2025 13:00,13,1,5,36.99,697.97,439.81,27.08,53.75,55.9
05-01-2025 14:00,14,1,5,21.34,727.43,572.2,26.64,61.62,57.65
05-01-2025 15:00,15,1,5,9.96,654.3,589.14,31.91,52.97,50.65
05-01-2025 16:00,16,1,5,66.99,248.79,82.12,27.38,56.3,17.5
05-01-2025 17:00,17,1,5,46.5,168.56,90.18,26.14,52.57,14.39
05-01-2025 18:00,18,1,5,50,0,0,26.3,58.95,0
05-01-2025 19:00,19,1,5,5.58,0,0,24.19,63.32,0
05-01-2025 20:00,20,1,5,10.56,0,0,24.41,64.75,0
05-01-2025 21:00,21,1,5,24.64,0,0,19.56,55.2,0
05-01-2025 22:00,22,1,5,20.41,0,0,15.89,55.24,0
05-01-2025 23:00,23,1,5,53.76,0,0,14.49,58.42,0
06-01-2025 00:00,0,1,6,42.76,0,0,13.21,62.6,0
06-01-2025 01:00,1,1,6,33.97,0,0,8.51,65.88,0
06-01-2025 02:00,2,1,6,23.22,0,0,13.51,58.76,0
06-01-2025 03:00,3,1,6,4.5,0,0,12.36,57.61,0
06-01-2025 04:00,4,1,6,24.77,0,0,10.09,64.59,0
06-01-2025 05:00,5,1,6,73.91,0,0,8.64,70.57,0
06-01-2025 06:00,6,1,6,26.86,0,0,8.91,66.02,0
06-01-2025 07:00,7,1,6,0,258.82,258.82,13.92,61.83,20.17
06-01-2025 08:00,8,1,6,9.18,465.58,422.84,17.47,50.58,37.47
06-01-2025 09:00,9,1,6,70.97,330.73,96.01,20.32,56.18,26.4
06-01-2025 10:00,10,1,6,29.71,673.08,473.14,25.21,65.71,52.16
06-01-2025 11:00,11,1,6,25.38,782.06,583.57,22.98,58.31,62.97
06-01-2025 12:00,12,1,6,26.33,802.54,591.24,28.88,49.89,62.52
06-01-2025 13:00,13,1,6,49.68,606.06,305,27.46,61.77,49.61
06-01-2025 14:00,14,1,6,22.92,717.18,552.84,32.15,55.47,56.12
06-01-2025 15:00,15,1,6,51.33,434.88,211.65,31.11,59.72,35.14
06-01-2025 16:00,16,1,6,5.08,480.94,456.49,29.28,48.64,39.14
06-01-2025 17:00,17,1,6,0,258.82,258.82,25.84,47.49,21.47
06-01-2025 18:00,18,1,6,27.39,0,0,25.88,56.68,0
06-01-2025 19:00,19,1,6,29.83,0,0,22.98,58.6,0
06-01-2025 20:00,20,1,6,59.47,0,0,20.72,56.35,0
06-01-2025 21:00,21,1,6,53.54,0,0,15.27,70.1,0
06-01-2025 22:00,22,1,6,24.42,0,0,15.19,67.42,0
06-01-2025 23:00,23,1,6,29.08,0,0,14.86,72.02,0
07-01-2025 00:00,0,1,7,49.97,0,0,13.14,73.54,0
07-01-2025 01:00,1,1,7,6.98,0,0,11.35,62.95,0
07-01-2025 02:00,2,1,7,96.93,0,0,9.25,70.14,0
07-01-2025 03:00,3,1,7,40.22,0,0,10.87,60.42,0
07-01-2025 04:00,4,1,7,43.77,0,0,10.41,63.23,0
07-01-2025 05:00,5,1,7,16.72,0,0,10.88,74.93,0
07-01-2025 06:00,6,1,7,50.3,0,0,12.46,66.37,0
07-01-2025 07:00,7,1,7,45.87,169.78,91.91,13.51,63.46,13.71
07-01-2025 08:00,8,1,7,24.89,406.68,305.47,17.15,60.4,32.48
07-01-2025 09:00,9,1,7,52.96,426.27,200.54,19.3,57.89,34.82
07-01-2025 10:00,10,1,7,30.16,670.11,467.99,24.99,59.91,52.97
07-01-2025 11:00,11,1,7,59.37,535.8,217.68,22.54,57.61,41.2
07-01-2025 12:00,12,1,7,23.83,821.24,625.5,29.94,59.31,65.4
07-01-2025 13:00,13,1,7,30.31,746.36,520.16,29.34,54.59,57.56
07-01-2025 14:00,14,1,7,0.13,865.18,864.05,25.83,55.27,69.31
07-01-2025 15:00,15,1,7,17.03,616.77,511.7,32.59,55.19,47.98
07-01-2025 16:00,16,1,7,44.68,332.45,183.92,34.75,52.17,23.89
07-01-2025 17:00,17,1,7,80.54,102.48,19.94,27.89,59.87,7.5
07-01-2025 18:00,18,1,7,26.24,0,0,28.05,59.92,0
07-01-2025 19:00,19,1,7,36.07,0,0,24.65,53.76,0
07-01-2025 20:00,20,1,7,35.18,0,0,24.69,63.98,0
07-01-2025 21:00,21,1,7,15.12,0,0,21.13,53.38,0
07-01-2025 22:00,22,1,7,9.98,0,0,15.21,72.65,0
07-01-2025 23:00,23,1,7,52.26,0,0,13.43,66.25,0
08-01-2025 00:00,0,1,8,29.44,0,0,11.93,65.23,0
08-01-2025 01:00,1,1,8,0,0,0,11.4,70.65,0
08-01-2025 02:00,2,1,8,0,0,0,12.56,62.17,0
08-01-2025 03:00,3,1,8,54.47,0,0,11.05,62.8,0
08-01-2025 04:00,4,1,8,43.27,0,0,8.94,65.18,0
08-01-2025 05:00,5,1,8,56.16,0,0,13.81,67.5,0
08-01-2025 06:00,6,1,8,46.9,0,0,15.42,61.14,0
08-01-2025 07:00,7,1,8,25.03,210.24,157.63,14.82,61.78,18.1
08-01-2025 08:00,8,1,8,40.14,349.47,209.19,13.69,67.63,26.92
08-01-2025 09:00,9,1,8,95.6,200.11,8.8,20.45,58.92,15.57
08-01-2025 10:00,10,1,8,35.5,635.42,409.82,22.76,62.16,52.03
08-01-2025 11:00,11,1,8,37.72,692.68,431.42,24.81,52.97,54.92
08-01-2025 12:00,12,1,8,84.66,365.03,55.98,27.1,61.01,27.76
08-01-2025 13:00,13,1,8,34.4,716.71,470.16,28.35,51.76,55.59
08-01-2025 14:00,14,1,8,33.37,649.3,432.65,30.62,52.27,51.15
08-01-2025 15:00,15,1,8,12.04,643.26,565.82,30.1,44.84,50.73
08-01-2025 16:00,16,1,8,47.9,320.37,166.91,29.04,55.74,28.52
08-01-2025 17:00,17,1,8,52.7,156.51,74.03,29.12,51.78,12.38
08-01-2025 18:00,18,1,8,68.52,0,0,25.24,56.77,0
08-01-2025 19:00,19,1,8,87.94,0,0,25.03,59.29,0
08-01-2025 20:00,20,1,8,27.54,0,0,18.34,62.8,0
08-01-2025 21:00,21,1,8,29.61,0,0,15.13,63.72,0
08-01-2025 22:00,22,1,8,7.91,0,0,15.78,67.49,0
08-01-2025 23:00,23,1,8,43.89,0,0,15.3,76.52,0
09-01-2025 00:00,0,1,9,22.44,0,0,12.45,63.62,0
09-01-2025 01:00,1,1,9,25.72,0,0,10.53,65.75,0
09-01-2025 02:00,2,1,9,7.09,0,0,10.5,63.49,0
09-01-2025 03:00,3,1,9,50.18,0,0,12.03,57.17,0
09-01-2025 04:00,4,1,9,30.2,0,0,8.17,64.87,0
09-01-2025 05:00,5,1,9,23.31,0,0,15.06,56.88,0
09-01-2025 06:00,6,1,9,37.84,0,0,10.56,52.63,0
09-01-2025 07:00,7,1,9,50.12,161.52,80.56,14.88,70.21,12.43
09-01-2025 08:00,8,1,9,44.71,332.33,183.74,16.4,66.12,26.22
09-01-2025 09:00,9,1,9,0,707.11,707.11,19.88,63.94,56.94
09-01-2025 10:00,10,1,9,20.07,735.66,588,23.26,47.56,58.49
09-01-2025 11:00,11,1,9,33.85,720.67,476.69,25.72,62.06,57.49
09-01-2025 12:00,12,1,9,64.26,518.01,185.11,25.13,56.31,41.42
09-01-2025 13:00,13,1,9,43.64,649.77,366.2,29.92,45.47,51.63
09-01-2025 14:00,14,1,9,14.44,772.24,660.74,31.16,48.68,60.17
09-01-2025 15:00,15,1,9,41.21,488.56,287.23,26.44,58.54,38.01
09-01-2025 16:00,16,1,9,33.65,373.81,248.02,27.85,56.94,29.05
09-01-2025 17:00,17,1,9,40.86,179.51,106.16,29.26,54.49,14.23
09-01-2025 18:00,18,1,9,0,0,0,27.22,59.07,0.24
09-01-2025 19:00,19,1,9,0,0,0,25.01,56.22,0
09-01-2025 20:00,20,1,9,27.69,0,0,22.45,53.22,0
09-01-2025 21:00,21,1,9,56.68,0,0,20.31,55.74,0
09-01-2025 22:00,22,1,9,35.69,0,0,13.58,66.64,0
09-01-2025 23:00,23,1,9,31.97,0,0,14.28,62.45,0
10-01-2025 00:00,0,1,10,37.11,0,0,13.93,57.05,0
10-01-2025 01:00,1,1,10,23.85,0,0,13.76,64.79,0
10-01-2025 02:00,2,1,10,38.17,0,0,8.87,60.47,0
10-01-2025 03:00,3,1,10,20.41,0,0,10.88,64.83,0
10-01-2025 04:00,4,1,10,18.55,0,0,9.56,69.55,0
10-01-2025 05:00,5,1,10,35.66,0,0,14.49,61.73,0
10-01-2025 06:00,6,1,10,29.56,0,0,16.2,57.17,0
10-01-2025 07:00,7,1,10,33.81,193.19,127.88,17.56,57.74,16.18
10-01-2025 08:00,8,1,10,12.71,452.34,394.84,13.87,65.58,35.74
10-01-2025 09:00,9,1,10,31.21,541.57,372.53,20.53,56.86,42.26
10-01-2025 10:00,10,1,10,35.52,635.33,409.67,26.61,56.27,51.95
10-01-2025 11:00,11,1,10,53.62,577.44,267.79,25.92,52.89,45.77
10-01-2025 12:00,12,1,10,30.37,772.19,537.65,34.48,61.18,57.27
10-01-2025 13:00,13,1,10,39.87,677.08,407.11,30.21,52.35,50.98
10-01-2025 14:00,14,1,10,51.28,532.94,259.63,28.67,53.58,42.82
10-01-2025 15:00,15,1,10,48.63,449.19,230.73,27.52,66.34,34.1
10-01-2025 16:00,16,1,10,47.45,322.04,169.22,29.73,53.4,26.02
10-01-2025 17:00,17,1,10,7.64,243.99,225.36,30.65,57.12,19.78
10-01-2025 18:00,18,1,10,18.72,0,0,27.06,55.76,0.84
10-01-2025 19:00,19,1,10,54.57,0,0,23.64,63.06,0
10-01-2025 20:00,20,1,10,19.15,0,0,20.3,65.95,0
10-01-2025 21:00,21,1,10,17.07,0,0,19.08,59.76,0
10-01-2025 22:00,22,1,10,37.37,0,0,18.38,61.28,0
10-01-2025 23:00,23,1,10,42.07,0,0,14.66,65.65,0
11-01-2025 00:00,0,1,11,35.97,0,0,11.49,68.63,0
11-01-2025 01:00,1,1,11,46.71,0,0,10.77,63.85,0
11-01-2025 02:00,2,1,11,46.67,0,0,8.58,59.37,0
11-01-2025 03:00,3,1,11,32.19,0,0,9.33,71.37,0
11-01-2025 04:00,4,1,11,36.99,0,0,6.96,70.42,0
11-01-2025 05:00,5,1,11,40.67,0,0,12.85,59.05,0
11-01-2025 06:00,6,1,11,54.93,0,0,12.77,72,0
11-01-2025 07:00,7,1,11,32.88,195,130.89,12.29,57.79,14.65
11-01-2025 08:00,8,1,11,45.87,328,177.56,16.2,57.53,23.97
11-01-2025 09:00,9,1,11,80.51,280.13,54.59,20.9,55.83,21.07
11-01-2025 10:00,10,1,11,55.69,504.32,223.48,23.97,63.09,40.22
11-01-2025 11:00,11,1,11,0,965.93,965.93,25.79,52.21,75.44
11-01-2025 12:00,12,1,11,45.07,662,363.66,22.73,55.08,52.21
11-01-2025 13:00,13,1,11,25.84,778.76,577.56,29.38,60.06,61.24
11-01-2025 14:00,14,1,11,27.82,685.3,494.62,26.21,52.83,54.65
11-01-2025 15:00,15,1,11,35.88,516.82,331.37,29.37,43.43,40.64
11-01-2025 16:00,16,1,11,16.15,439.44,368.46,28.84,61.7,36.35
11-01-2025 17:00,17,1,11,33.8,193.21,127.91,28.32,50.65,16.35
11-01-2025 18:00,18,1,11,9.3,0,0,26.73,55.86,0.12
11-01-2025 19:00,19,1,11,44.03,0,0,23.19,55.64,0
11-01-2025 20:00,20,1,11,52.75,0,0,20.54,57.21,0
11-01-2025 21:00,21,1,11,30.74,0,0,19.26,51.62,0
11-01-2025 22:00,22,1,11,10.91,0,0,16.34,70.93,0
11-01-2025 23:00,23,1,11,16.9,0,0,15.4,58.96,0
12-01-2025 00:00,0,1,12,40.53,0,0,12.58,61.53,0
12-01-2025 01:00,1,1,12,53.33,0,0,13.38,71.93,0
12-01-2025 02:00,2,1,12,36.88,0,0,9.33,71.57,0
12-01-2025 03:00,3,1,12,37.8,0,0,12.5,65.05,0
12-01-2025 04:00,4,1,12,14.11,0,0,10.21,67.28,0
12-01-2025 05:00,5,1,12,32.41,0,0,7.59,74.28,0
12-01-2025 06:00,6,1,12,84.53,0,0,12.89,68.36,0
12-01-2025 07:00,7,1,12,36.23,188.5,120.21,14.7,69.1,16.63
12-01-2025 08:00,8,1,12,12.67,452.48,395.13,13.05,65.83,35.84
12-01-2025 09:00,9,1,12,80.03,282.67,56.44,19.08,71.61,21.93
12-01-2025 10:00,10,1,12,24.07,709.66,538.82,20.66,50.89,57.53
12-01-2025 11:00,11,1,12,29.17,754.57,534.43,22.88,53.17,60.84
12-01-2025 12:00,12,1,12,72.09,459.32,128.2,25.1,55.95,37.14
12-01-2025 13:00,13,1,12,36.65,700.43,443.74,28.66,55.61,56.3
12-01-2025 14:00,14,1,12,15.99,762.14,640.24,30.41,55,59.66
12-01-2025 15:00,15,1,12,15.52,624.8,527.84,34.02,59.94,48.51
12-01-2025 16:00,16,1,12,42.49,340.65,195.89,27.71,63.02,25.69
12-01-2025 17:00,17,1,12,48.4,164.87,85.07,29.49,59.74,13.37
12-01-2025 18:00,18,1,12,25.84,0,0,26.57,48.9,0.8
12-01-2025 19:00,19,1,12,44.78,0,0,23.42,57.77,0
12-01-2025 20:00,20,1,12,0,0,0,24.04,55.89,0
12-01-2025 21:00,21,1,12,31.98,0,0,19.09,61.22,0
12-01-2025 22:00,22,1,12,33.95,0,0,18.09,63.48,0
12-01-2025 23:00,23,1,12,80.87,0,0,15.9,67.98,0
13-01-2025 00:00,0,1,13,52.14,0,0,10.93,62.5,0
13-01-2025 01:00,1,1,13,62.46,0,0,11.42,63.22,0
13-01-2025 02:00,2,1,13,22.34,0,0,9.22,65.61,0
13-01-2025 03:00,3,1,13,58.78,0,0,10.83,70.01,0
13-01-2025 04:00,4,1,13,48.44,0,0,10.95,68.82,0
13-01-2025 05:00,5,1,13,40.7,0,0,9.42,73.13,0
13-01-2025 06:00,6,1,13,11.67,0,0,10.48,62.47,0
13-01-2025 07:00,7,1,13,46.6,168.37,89.92,14.69,72.13,10.95
13-01-2025 08:00,8,1,13,39.8,350.76,211.16,18.41,63.18,27.11
13-01-2025 09:00,9,1,13,48.55,449.63,231.33,19.69,55.92,36.75
13-01-2025 10:00,10,1,13,6.15,826.08,775.27,25.95,65.91,64.37
13-01-2025 11:00,11,1,13,23.23,797.65,612.37,26.16,64.67,64.63
13-01-2025 12:00,12,1,13,11.7,912.27,805.55,25.56,57.36,72.7
13-01-2025 13:00,13,1,13,30.53,744.77,517.4,28.22,45.42,57.97
13-01-2025 14:00,14,1,13,0,866.03,866.03,29.88,53.75,68
13-01-2025 15:00,15,1,13,12.06,643.17,565.63,34.4,49.26,49.61
13-01-2025 16:00,16,1,13,42.64,340.09,195.07,24.77,64.1,27.22
13-01-2025 17:00,17,1,13,13.6,232.42,200.81,30.8,63.62,18.13
13-01-2025 18:00,18,1,13,56.06,0,0,26.17,52.17,0
13-01-2025 19:00,19,1,13,51.57,0,0,20.79,68.48,0
13-01-2025 20:00,20,1,13,26.47,0,0,21.53,60.82,0
13-01-2025 21:00,21,1,13,52.7,0,0,18.87,59.84,0
13-01-2025 22:00,22,1,13,50.43,0,0,20.09,63.1,0
13-01-2025 23:00,23,1,13,40.38,0,0,13.93,53.4,0
14-01-2025 00:00,0,1,14,17.09,0,0,14.31,65.5,0
14-01-2025 01:00,1,1,14,59.51,0,0,8.35,64.56,0
14-01-2025 02:00,2,1,14,10.18,0,0,14.94,69.17,0
14-01-2025 03:00,3,1,14,34.63,0,0,8.89,63.16,0
14-01-2025 04:00,4,1,14,60.96,0,0,8.06,61.37,0
14-01-2025 05:00,5,1,14,17.44,0,0,12.13,58.97,0
14-01-2025 06:00,6,1,14,10.47,0,0,9.68,63.39,0
14-01-2025 07:00,7,1,14,43.99,173.43,97.14,14.33,62.72,13.48
14-01-2025 08:00,8,1,14,46.17,326.85,175.94,17.59,52.25,25.42
14-01-2025 09:00,9,1,14,62.18,377.36,142.73,19.97,52.75,31.44
14-01-2025 10:00,10,1,14,54.97,508.97,229.18,20.75,58.82,40.94
14-01-2025 11:00,11,1,14,37.91,691.26,429.17,24.9,59.97,57.27
14-01-2025 12:00,12,1,14,39.67,702.45,423.76,23.63,60.58,55.33
14-01-2025 13:00,13,1,14,14.2,863.07,740.54,28.7,51.75,67.26
14-01-2025 14:00,14,1,14,52.8,523.09,246.91,30.65,54.34,41.13
14-01-2025 15:00,15,1,14,22.62,587.17,454.38,31.74,57.91,45.39
14-01-2025 16:00,16,1,14,75.04,218.61,54.57,31.37,50.43,17.33
14-01-2025 17:00,17,1,14,17.15,225.54,186.87,28.84,66.09,18.19
14-01-2025 18:00,18,1,14,37.01,0,0,26.5,69.54,0
14-01-2025 19:00,19,1,14,11.59,0,0,21.48,63,0
14-01-2025 20:00,20,1,14,17.57,0,0,23.47,57.58,0
14-01-2025 21:00,21,1,14,32.98,0,0,20.91,60.31,0
14-01-2025 22:00,22,1,14,41.29,0,0,17.9,59.75,0
14-01-2025 23:00,23,1,14,38.22,0,0,17.36,53.62,0
15-01-2025 00:00,0,1,15,0,0,0,12.39,60.31,0
15-01-2025 01:00,1,1,15,17.92,0,0,9.26,65.52,0
15-01-2025 02:00,2,1,15,12.61,0,0,9.31,61.51,0
15-01-2025 03:00,3,1,15,0,0,0,11.79,58.48,0
15-01-2025 04:00,4,1,15,41.39,0,0,13.55,60.12,0
15-01-2025 05:00,5,1,15,61.85,0,0,12.89,62.36,0
15-01-2025 06:00,6,1,15,19.54,0,0,13.99,58.77,0
15-01-2025 07:00,7,1,15,26.52,207.34,152.35,14.47,63.42,15.74
15-01-2025 08:00,8,1,15,7.18,473.08,439.12,21.07,65.48,36.89
15-01-2025 09:00,9,1,15,0,707.11,707.11,18.55,62.24,58.48
15-01-2025 10:00,10,1,15,3.51,843.25,813.67,19.61,60.28,67.19
15-01-2025 11:00,11,1,15,32.59,729.82,491.97,26.6,63.49,57.4
15-01-2025 12:00,12,1,15,33.91,745.67,492.8,25.38,48.62,57.73
15-01-2025 13:00,13,1,15,47.18,624.13,329.66,31.57,58.98,47.41
15-01-2025 14:00,14,1,15,28.97,677.85,481.47,25.76,58.13,55.35
15-01-2025 15:00,15,1,15,6.76,671.25,625.86,28.34,53.82,52.64
15-01-2025 16:00,16,1,15,18.59,430.28,350.27,31.18,56.32,33.72
15-01-2025 17:00,17,1,15,76.51,110.31,25.92,28.13,56.11,8.01
15-01-2025 18:00,18,1,15,28.76,0,0,24.84,63.8,2.5
15-01-2025 19:00,19,1,15,11.93,0,0,19,66.31,0
15-01-2025 20:00,20,1,15,18.89,0,0,26.76,50.8,0
15-01-2025 21:00,21,1,15,51.09,0,0,19.43,58.99,0
15-01-2025 22:00,22,1,15,57.82,0,0,16.28,62.53,0
15-01-2025 23:00,23,1,15,51.63,0,0,16.94,64.57,0
16-01-2025 00:00,0,1,16,52.64,0,0,11.05,66.04,0
16-01-2025 01:00,1,1,16,27.01,0,0,14.7,62.27,0
16-01-2025 02:00,2,1,16,7.27,0,0,9.4,62.29,0
16-01-2025 03:00,3,1,16,0.04,0,0,10.47,72.97,0
16-01-2025 04:00,4,1,16,0,0,0,14.34,55.67,0
16-01-2025 05:00,5,1,16,39.93,0,0,10.03,67.09,0
16-01-2025 06:00,6,1,16,38.82,0,0,11.71,56.65,0
16-01-2025 07:00,7,1,16,20.48,219.06,174.19,14.52,64.99,19.12
16-01-2025 08:00,8,1,16,34.84,369.33,240.64,20.56,60.29,29.54
16-01-2025 09:00,9,1,16,20.07,600.68,480.14,15.76,53.63,48.26
16-01-2025 10:00,10,1,16,24.34,707.92,535.6,21.13,66.43,56.69
16-01-2025 11:00,11,1,16,18.78,829.87,674.02,24.11,46.89,65.5
16-01-2025 12:00,12,1,16,20.37,847.25,674.69,24.28,50.89,68.65
16-01-2025 13:00,13,1,16,0.1,965.21,964.26,26.68,56.6,77.69
16-01-2025 14:00,14,1,16,32.69,653.7,440.01,27.15,58.02,50.73
16-01-2025 15:00,15,1,16,41.57,486.66,284.37,26.14,53.37,40.49
16-01-2025 16:00,16,1,16,0,500,500,31.06,56.62,39.3
16-01-2025 17:00,17,1,16,34.16,192.52,126.76,27.24,47.75,14.25
16-01-2025 18:00,18,1,16,15.58,0,0,28.42,54.83,0
16-01-2025 19:00,19,1,16,27.29,0,0,26.4,53.66,0
16-01-2025 20:00,20,1,16,40.83,0,0,23.38,57.02,0
16-01-2025 21:00,21,1,16,55.36,0,0,19,52.71,0
16-01-2025 22:00,22,1,16,32.06,0,0,18.54,55.65,0
16-01-2025 23:00,23,1,16,60.79,0,0,16.1,62.16,0
17-01-2025 00:00,0,1,17,32.19,0,0,14.5,63.79,0
17-01-2025 01:00,1,1,17,48.12,0,0,9.28,58.2,0
17-01-2025 02:00,2,1,17,2.49,0,0,8.44,66.29,0
17-01-2025 03:00,3,1,17,59.24,0,0,10.62,65.67,0
17-01-2025 04:00,4,1,17,36.43,0,0,8.62,70.28,0
17-01-2025 05:00,5,1,17,9.59,0,0,11.29,75.74,0
17-01-2025 06:00,6,1,17,34.8,0,0,10.37,57.7,0
17-01-2025 07:00,7,1,17,36.74,187.49,118.6,16.13,65.3,14.97
17-01-2025 08:00,8,1,17,77.79,208.29,46.26,15.66,71.36,15
17-01-2025 09:00,9,1,17,37.3,509.27,319.29,21.87,59.24,41.06
17-01-2025 10:00,10,1,17,53.31,519.75,242.66,18.98,56.11,40.94
17-01-2025 11:00,11,1,17,31.84,735.25,501.13,24.93,47.72,58.58
17-01-2025 12:00,12,1,17,0,1000,1000,28.65,58.78,78.59
17-01-2025 13:00,13,1,17,12.03,878.75,773.01,30.71,48.85,68.61
17-01-2025 14:00,14,1,17,34.23,643.69,423.35,31.24,62.37,48.48
17-01-2025 15:00,15,1,17,62.1,377.77,143.17,27.37,56.9,31.67
17-01-2025 16:00,16,1,17,49.42,314.67,159.15,30.56,52.84,23.8
17-01-2025 17:00,17,1,17,31.61,197.46,135.05,27.87,61.24,16.44
17-01-2025 18:00,18,1,17,53.86,0,0,30.14,54.27,0
17-01-2025 19:00,19,1,17,10.78,0,0,24.91,47.58,0
17-01-2025 20:00,20,1,17,25.46,0,0,24.22,58.97,0
17-01-2025 21:00,21,1,17,30.66,0,0,18.86,59.57,0
17-01-2025 22:00,22,1,17,33.83,0,0,13.44,63.06,0
17-01-2025 23:00,23,1,17,0,0,0,15.08,64.09,0
18-01-2025 00:00,0,1,18,23.13,0,0,11.36,69.67,0
18-01-2025 01:00,1,1,18,44.01,0,0,11.44,62.33,0
18-01-2025 02:00,2,1,18,19.86,0,0,5.77,69.98,0
18-01-2025 03:00,3,1,18,57.84,0,0,8.88,59.2,0
18-01-2025 04:00,4,1,18,69.96,0,0,11,64.12,0
18-01-2025 05:00,5,1,18,15.94,0,0,11.12,63.3,0
18-01-2025 06:00,6,1,18,69.91,0,0,11.5,63.33,0
18-01-2025 07:00,7,1,18,25.61,209.11,155.56,17.34,66.21,17.13
18-01-2025 08:00,8,1,18,47.53,321.77,168.84,15.15,69.88,25.74
18-01-2025 09:00,9,1,18,1.31,700.14,690.94,17.48,63.33,54.83
18-01-2025 10:00,10,1,18,46.2,565.98,304.52,25.33,56.37,45.58
18-01-2025 11:00,11,1,18,15.59,852.96,719.96,23.23,62.15,67.88
18-01-2025 12:00,12,1,18,19.3,855.27,690.22,24.74,58.52,67.01
18-01-2025 13:00,13,1,18,14.89,858.04,730.26,26.04,58.85,69.27
18-01-2025 14:00,14,1,18,19.44,739.74,595.91,28.22,49.79,58.83
18-01-2025 15:00,15,1,18,13.03,638,554.86,29.52,58.36,50.06
18-01-2025 16:00,16,1,18,49.91,312.84,156.71,32.33,57.3,23.44
18-01-2025 17:00,17,1,18,9.22,240.93,218.72,31.53,53.77,19.74
18-01-2025 18:00,18,1,18,32.41,0,0,27.09,52.03,0
18-01-2025 19:00,19,1,18,33.12,0,0,23.84,52.45,0
18-01-2025 20:00,20,1,18,56.75,0,0,23.3,62.5,0
18-01-2025 21:00,21,1,18,17.98,0,0,19.71,58.3,0
18-01-2025 22:00,22,1,18,23.61,0,0,20.67,62.34,0
18-01-2025 23:00,23,1,18,31.52,0,0,12.86,66.83,0
19-01-2025 00:00,0,1,19,34.49,0,0,14.38,67.39,0
19-01-2025 01:00,1,1,19,37.64,0,0,11.88,64.31,0
19-01-2025 02:00,2,1,19,10.91,0,0,13.06,65.36,0
19-01-2025 03:00,3,1,19,47.07,0,0,11.18,70.71,0
19-01-2025 04:00,4,1,19,27.24,0,0,9.75,63.2,0
19-01-2025 05:00,5,1,19,0,0,0,11.02,66.72,0
19-01-2025 06:00,6,1,19,0,0,0,14.36,64.27,0
19-01-2025 07:00,7,1,19,66.94,128.89,42.61,13.1,61.27,9.97
19-01-2025 08:00,8,1,19,33.86,373.01,246.69,17.03,64.45,30.24
19-01-2025 09:00,9,1,19,0,707.11,707.11,20.07,60.6,55.66
19-01-2025 10:00,10,1,19,5.88,827.81,779.09,22.57,61.39,66.36
19-01-2025 11:00,11,1,19,0,965.93,965.93,26.51,61.24,78.7
19-01-2025 12:00,12,1,19,0,1000,1000,28.79,61.82,77.99
19-01-2025 13:00,13,1,19,38.61,686.23,421.28,27.34,58.23,54.34
19-01-2025 14:00,14,1,19,15.63,764.53,645.06,30.34,60.92,58.42
19-01-2025 15:00,15,1,19,30.91,543.19,375.3,32.07,58.13,42.82
19-01-2025 16:00,16,1,19,33.38,374.84,249.73,25.23,55.2,27.71
19-01-2025 17:00,17,1,19,55.9,150.31,66.29,31.92,51.42,10.76
19-01-2025 18:00,18,1,19,50.23,0,0,27.2,56.27,0
19-01-2025 19:00,19,1,19,5.53,0,0,27.42,51.52,0
19-01-2025 20:00,20,1,19,17.71,0,0,22.77,60.15,0
19-01-2025 21:00,21,1,19,46.33,0,0,17.24,62.68,0
19-01-2025 22:00,22,1,19,34.24,0,0,17.27,64.88,0
19-01-2025 23:00,23,1,19,70.36,0,0,16.46,67.34,0
20-01-2025 00:00,0,1,20,9.26,0,0,12.7,69.44,0
20-01-2025 01:00,1,1,20,49.26,0,0,12.89,63.92,0
20-01-2025 02:00,2,1,20,0,0,0,8.96,69.57,0
20-01-2025 03:00,3,1,20,19.9,0,0,8.9,69.88,0
20-01-2025 04:00,4,1,20,43.44,0,0,9.96,70.45,0
20-01-2025 05:00,5,1,20,41.44,0,0,8.89,64.79,0
20-01-2025 06:00,6,1,20,65.23,0,0,11.86,59.96,0
20-01-2025 07:00,7,1,20,35.72,189.47,121.78,14.22,58.12,14.4
20-01-2025 08:00,8,1,20,0,500,500,17.93,58.02,39.45
20-01-2025 09:00,9,1,20,5.37,678.61,642.14,20.33,60.83,54.17
20-01-2025 10:00,10,1,20,39.3,610.77,370.74,23.91,52.6,48.45
20-01-2025 11:00,11,1,20,35.47,708.94,457.46,28.14,61.23,54.83
20-01-2025 12:00,12,1,20,32.37,757.24,512.13,26.91,62.65,60.73
20-01-2025 13:00,13,1,20,0,965.93,965.93,27.15,50.26,76.42
20-01-2025 14:00,14,1,20,26.32,695.09,512.17,29.65,50.13,54.98
20-01-2025 15:00,15,1,20,4.63,682.55,650.94,31.03,64.62,52.87
20-01-2025 16:00,16,1,20,18.03,432.4,354.45,30.84,52.78,33.71
20-01-2025 17:00,17,1,20,43.37,174.63,98.9,29.13,51.79,12.74
20-01-2025 18:00,18,1,20,13.26,0,0,26.94,65.86,0.88
20-01-2025 19:00,19,1,20,36.06,0,0,22.82,60.8,0
20-01-2025 20:00,20,1,20,3.26,0,0,25.52,66.81,0
20-01-2025 21:00,21,1,20,44.4,0,0,19.13,69.05,0
20-01-2025 22:00,22,1,20,42.55,0,0,14.94,63.35,0
20-01-2025 23:00,23,1,20,77.43,0,0,14.36,75.32,0
21-01-2025 00:00,0,1,21,20.82,0,0,11.5,60.98,0
21-01-2025 01:00,1,1,21,37.93,0,0,13.78,69.87,0
21-01-2025 02:00,2,1,21,64.62,0,0,12.78,61.13,0
21-01-2025 03:00,3,1,21,32.43,0,0,8.15,59.09,0
21-01-2025 04:00,4,1,21,45.8,0,0,10.67,65.84,0
21-01-2025 05:00,5,1,21,27.79,0,0,11.64,66.85,0
21-01-2025 06:00,6,1,21,4.27,0,0,12.45,56.65,0
21-01-2025 07:00,7,1,21,0,258.82,258.82,15.17,63.12,19.01
21-01-2025 08:00,8,1,21,51.69,306.16,147.9,14.68,63.47,24.88
21-01-2025 09:00,9,1,21,0,707.11,707.11,18.07,62.02,57.86
21-01-2025 10:00,10,1,21,31.75,659.81,450.32,21.39,62.81,52.44
21-01-2025 11:00,11,1,21,11,886.24,788.75,23.19,55.84,70.46
21-01-2025 12:00,12,1,21,39.36,704.84,427.45,25.35,62.71,55.25
21-01-2025 13:00,13,1,21,36.49,701.55,445.52,28.22,51.52,55.1
21-01-2025 14:00,14,1,21,16.49,758.94,633.81,29.07,57.37,58.53
21-01-2025 15:00,15,1,21,30.11,547.42,382.58,26.77,58.75,43.31
21-01-2025 16:00,16,1,21,38.47,355.73,218.87,32.59,59.65,27.25
21-01-2025 17:00,17,1,21,37.52,185.98,116.2,28.26,56.39,15.2
21-01-2025 18:00,18,1,21,18.41,0,0,23.21,62.19,0
21-01-2025 19:00,19,1,21,19.01,0,0,24.88,60.17,0
21-01-2025 20:00,20,1,21,35.2,0,0,19.65,64.07,0
21-01-2025 21:00,21,1,21,41.65,0,0,19.25,63.71,0
21-01-2025 22:00,22,1,21,15.95,0,0,15.34,58.06,0
21-01-2025 23:00,23,1,21,41.41,0,0,11.56,64.82,0
22-01-2025 00:00,0,1,22,4,0,0,10.61,67.16,0
22-01-2025 01:00,1,1,22,70.09,0,0,13.41,52.66,0
22-01-2025 02:00,2,1,22,41.1,0,0,8.34,64.66,0
22-01-2025 03:00,3,1,22,2.27,0,0,9.29,66.18,0
22-01-2025 04:00,4,1,22,0,0,0,12.39,61.66,0
22-01-2025 05:00,5,1,22,14.7,0,0,9.23,70.05,0
22-01-2025 06:00,6,1,22,6.71,0,0,12.82,66.02,0
22-01-2025 07:00,7,1,22,51.58,158.69,76.83,13.85,64.02,12.64
22-01-2025 08:00,8,1,22,18.28,431.46,352.59,19.74,60.34,34.02
22-01-2025 09:00,9,1,22,15.32,625.84,529.93,23.55,59.36,47.77
22-01-2025 10:00,10,1,22,36.08,631.66,403.74,19.41,59.38,51.1
22-01-2025 11:00,11,1,22,36.37,702.44,446.96,26.04,55.88,56.34
22-01-2025 12:00,12,1,22,13.24,900.74,781.52,29.45,57.39,70.83
22-01-2025 13:00,13,1,22,22.58,802.36,621.2,30.63,52.12,61.64
22-01-2025 14:00,14,1,22,12.01,788.05,693.44,29.69,53.66,61.35
22-01-2025 15:00,15,1,22,26.53,566.4,416.12,28.82,47.76,45.17
22-01-2025 16:00,16,1,22,53.27,300.23,140.29,29.94,53.33,22.45
22-01-2025 17:00,17,1,22,22.45,215.23,166.91,31.55,53.1,15.42
22-01-2025 18:00,18,1,22,34.63,0,0,27.29,52.82,0.73
22-01-2025 19:00,19,1,22,22.55,0,0,23.56,58.82,0
22-01-2025 20:00,20,1,22,21.41,0,0,18.01,59.63,0
22-01-2025 21:00,21,1,22,0,0,0,16.48,70.58,0
22-01-2025 22:00,22,1,22,0,0,0,18.32,62.34,0
22-01-2025 23:00,23,1,22,41.38,0,0,14.7,59.68,0
23-01-2025 00:00,0,1,23,17.02,0,0,10.28,64.28,0
23-01-2025 01:00,1,1,23,31.53,0,0,11.76,61.43,0
23-01-2025 02:00,2,1,23,12.53,0,0,9.47,71.7,0
23-01-2025 03:00,3,1,23,41.85,0,0,9.82,62.4,0
23-01-2025 04:00,4,1,23,44.72,0,0,9.2,60.45,0
23-01-2025 05:00,5,1,23,62.58,0,0,12.71,69.05,0
23-01-2025 06:00,6,1,23,51.97,0,0,12.83,59,0
23-01-2025 07:00,7,1,23,37.26,186.49,117,16.23,67.17,13.63
23-01-2025 08:00,8,1,23,36.18,364.34,232.54,15.13,64.57,29.9
23-01-2025 09:00,9,1,23,11.58,645.71,570.97,20.92,58.31,49.85
23-01-2025 10:00,10,1,23,0,866.03,866.03,18.98,66.42,70.85
23-01-2025 11:00,11,1,23,11.08,885.69,787.59,25.44,56.89,69.75
23-01-2025 12:00,12,1,23,52.48,606.37,288.13,27.66,51.72,47.33
23-01-2025 13:00,13,1,23,28.71,757.95,540.36,28.82,53.97,58.98
23-01-2025 14:00,14,1,23,26.88,691.42,505.56,25.57,65.67,54.54
23-01-2025 15:00,15,1,23,5.52,677.82,640.39,32.82,50.51,52.41
23-01-2025 16:00,16,1,23,0,500,500,30.36,55.08,38.66
23-01-2025 17:00,17,1,23,12.1,235.33,206.85,31.05,39.71,18.99
23-01-2025 18:00,18,1,23,75.21,0,0,29.15,60.67,0.16
23-01-2025 19:00,19,1,23,48.87,0,0,23.02,45.39,0
23-01-2025 20:00,20,1,23,15.68,0,0,21.83,60.07,0
23-01-2025 21:00,21,1,23,38.84,0,0,19.73,60.05,0
23-01-2025 22:00,22,1,23,52.71,0,0,17.07,57.98,0
23-01-2025 23:00,23,1,23,17.84,0,0,14.81,65.23,0
24-01-2025 00:00,0,1,24,13.5,0,0,12.6,62.87,0
24-01-2025 01:00,1,1,24,50.96,0,0,12.19,61.76,0
24-01-2025 02:00,2,1,24,43.9,0,0,13.93,58.28,0
24-01-2025 03:00,3,1,24,45.39,0,0,10.43,64.32,0
24-01-2025 04:00,4,1,24,27.35,0,0,10.17,64.92,0
24-01-2025 05:00,5,1,24,49.78,0,0,10.98,70.83,0
24-01-2025 06:00,6,1,24,37.05,0,0,11.79,67.4,0
24-01-2025 07:00,7,1,24,45.64,170.22,92.53,13.15,62.65,15.22
24-01-2025 08:00,8,1,24,22.14,416.98,324.67,17.28,61.4,32.27
24-01-2025 09:00,9,1,24,21.77,591.63,462.8,24.55,53.41,45.93
24-01-2025 10:00,10,1,24,18.71,744.51,605.22,24.28,67.26,59.84
24-01-2025 11:00,11,1,24,52.36,586.61,279.46,26.46,55.6,45.04
24-01-2025 12:00,12,1,24,26.47,801.47,589.32,27.85,58.56,63.44
24-01-2025 13:00,13,1,24,0,965.93,965.93,28.53,65.51,75.84
24-01-2025 14:00,14,1,24,8.23,812.55,745.65,29.89,61.89,64.11
24-01-2025 15:00,15,1,24,30.05,547.72,383.11,29.91,55.14,44.03
24-01-2025 16:00,16,1,24,63.99,260.02,93.62,29.32,62.39,19.94
24-01-2025 17:00,17,1,24,0,258.82,258.82,33.21,56.42,21.06
24-01-2025 18:00,18,1,24,47.42,0,0,31.05,54.29,0
24-01-2025 19:00,19,1,24,4.46,0,0,27.64,50.04,0
24-01-2025 20:00,20,1,24,43.21,0,0,22.69,64.83,0
24-01-2025 21:00,21,1,24,50.78,0,0,19.27,60.29,0
24-01-2025 22:00,22,1,24,40.32,0,0,19.63,62.96,0
24-01-2025 23:00,23,1,24,39.6,0,0,8.82,56.14,0
25-01-2025 00:00,0,1,25,31.05,0,0,10.13,69.27,0
25-01-2025 01:00,1,1,25,34.63,0,0,10.84,61.55,0
25-01-2025 02:00,2,1,25,33.14,0,0,10.25,62.37,0
25-01-2025 03:00,3,1,25,0,0,0,11.88,67.2,0
25-01-2025 04:00,4,1,25,34.61,0,0,8.49,69.57,0
25-01-2025 05:00,5,1,25,60.58,0,0,13.54,56.21,0
25-01-2025 06:00,6,1,25,36.1,0,0,11.84,61.52,0
25-01-2025 07:00,7,1,25,58.24,145.77,60.87,14.99,57.94,12.33
25-01-2025 08:00,8,1,25,29.81,388.2,272.47,16.16,55.05,30.58
25-01-2025 09:00,9,1,25,57.27,403.4,172.38,18.46,65.24,31.84
25-01-2025 10:00,10,1,25,49.74,542.93,272.85,22.96,46.94,44.09
25-01-2025 11:00,11,1,25,79.51,389.92,79.89,26.74,54.55,31.32
25-01-2025 12:00,12,1,25,24.07,819.51,622.29,25.71,48.97,65.04
25-01-2025 13:00,13,1,25,0,965.93,965.93,26.24,60.3,77.74
25-01-2025 14:00,14,1,25,6.78,822.01,766.3,32.08,56.03,65.03
25-01-2025 15:00,15,1,25,5.09,680.09,645.45,30.12,58.4,51.97
25-01-2025 16:00,16,1,25,30.34,386.23,269.06,31.46,56.68,29.49
25-01-2025 17:00,17,1,25,20.09,219.82,175.65,29.7,53.27,16.77
25-01-2025 18:00,18,1,25,25.85,0,0,32.79,51.92,1.01
25-01-2025 19:00,19,1,25,32.29,0,0,27.4,55.98,0
25-01-2025 20:00,20,1,25,47.11,0,0,21.11,48.44,0
25-01-2025 21:00,21,1,25,39,0,0,23.27,57.57,0
25-01-2025 22:00,22,1,25,48.52,0,0,17.1,63.88,0
25-01-2025 23:00,23,1,25,43.54,0,0,13.45,63.33,0
26-01-2025 00:00,0,1,26,47.48,0,0,12.11,65.31,0
26-01-2025 01:00,1,1,26,30.27,0,0,13.16,62.05,0
26-01-2025 02:00,2,1,26,15.26,0,0,8.15,68.67,0
26-01-2025 03:00,3,1,26,53.67,0,0,7.79,68.15,0
26-01-2025 04:00,4,1,26,20.9,0,0,10.06,61.24,0
26-01-2025 05:00,5,1,26,14.67,0,0,10.27,63.81,0
26-01-2025 06:00,6,1,26,64.65,0,0,12.66,63.73,0
26-01-2025 07:00,7,1,26,50.97,159.89,78.4,16.71,65.7,13.36
26-01-2025 08:00,8,1,26,31.69,381.15,260.35,16.75,56.76,31.53
26-01-2025 09:00,9,1,26,0,707.11,707.11,20.66,65.55,54.71
26-01-2025 10:00,10,1,26,31.56,661.06,452.45,22.36,67.73,51.71
26-01-2025 11:00,11,1,26,59.9,531.96,213.3,25.62,62.64,41.94
26-01-2025 12:00,12,1,26,19.3,855.29,690.26,27.79,67.46,66.9
26-01-2025 13:00,13,1,26,70.52,455.06,134.16,26.49,59.64,36.37
26-01-2025 14:00,14,1,26,60.95,470.15,183.6,29.26,59.74,37.17
26-01-2025 15:00,15,1,26,23.26,583.76,447.99,29.57,50.03,45.91
26-01-2025 16:00,16,1,26,2.49,490.66,478.43,30.69,61.9,37.41
26-01-2025 17:00,17,1,26,5.1,248.92,236.23,28.4,51.3,21.49
26-01-2025 18:00,18,1,26,27.16,0,0,24.01,57.11,0
26-01-2025 19:00,19,1,26,79.33,0,0,22.77,58.95,0
26-01-2025 20:00,20,1,26,55.57,0,0,23.48,60.74,0
26-01-2025 21:00,21,1,26,0.72,0,0,19.81,65.12,0
26-01-2025 22:00,22,1,26,8.1,0,0,15.49,65.94,0
26-01-2025 23:00,23,1,26,0,0,0,15.19,55.33,0
27-01-2025 00:00,0,1,27,2.45,0,0,11.85,66.56,0
27-01-2025 01:00,1,1,27,42.37,0,0,10.75,68.24,0
27-01-2025 02:00,2,1,27,0,0,0,8.39,64.34,0
27-01-2025 03:00,3,1,27,31.86,0,0,12.27,63.05,0
27-01-2025 04:00,4,1,27,43.39,0,0,10.8,67.45,0
27-01-2025 05:00,5,1,27,8.66,0,0,13.61,67.28,0
27-01-2025 06:00,6,1,27,40.68,0,0,13.5,66.91,0
27-01-2025 07:00,7,1,27,20.27,219.48,175,15.52,62.11,17.2
27-01-2025 08:00,8,1,27,36.79,362.05,228.86,18.91,59.58,27.72
27-01-2025 09:00,9,1,27,0.94,702.12,695.51,20.99,58.3,55.55
27-01-2025 10:00,10,1,27,51.93,528.71,254.13,22.24,62.65,41.8
27-01-2025 11:00,11,1,27,39.1,682.65,415.71,22.33,53.49,54.39
27-01-2025 12:00,12,1,27,26.95,797.87,582.84,26.73,60.91,63.58
27-01-2025 13:00,13,1,27,0,965.93,965.93,29.13,59.8,77.05
27-01-2025 14:00,14,1,27,42.7,588.65,337.27,29.35,51.33,44.85
27-01-2025 15:00,15,1,27,40.18,494.01,295.5,30.09,63.95,40.13
27-01-2025 16:00,16,1,27,52.23,304.13,145.28,28.85,55.87,23.43
27-01-2025 17:00,17,1,27,7.86,243.57,224.44,29.11,47.61,20.26
27-01-2025 18:00,18,1,27,2.94,0,0,28.49,51.7,0.78
27-01-2025 19:00,19,1,27,34.07,0,0,23.87,62.64,0
27-01-2025 20:00,20,1,27,64.16,0,0,21.22,55.92,0
27-01-2025 21:00,21,1,27,4.56,0,0,21.55,60.17,0
27-01-2025 22:00,22,1,27,56.51,0,0,15.09,60.04,0
27-01-2025 23:00,23,1,27,33.03,0,0,18.45,67.77,0
28-01-2025 00:00,0,1,28,18.86,0,0,16.63,58.75,0
28-01-2025 01:00,1,1,28,27.84,0,0,9.39,77.53,0
28-01-2025 02:00,2,1,28,35.33,0,0,11.26,57.71,0
28-01-2025 03:00,3,1,28,27.8,0,0,8.91,63.65,0
28-01-2025 04:00,4,1,28,16.24,0,0,9.27,57.34,0
28-01-2025 05:00,5,1,28,27.34,0,0,14.47,57.29,0
28-01-2025 06:00,6,1,28,0,0,0,10.97,67.95,0
28-01-2025 07:00,7,1,28,31.51,197.66,135.38,15.51,62.91,16.21
28-01-2025 08:00,8,1,28,23.36,412.41,316.07,16.31,59.83,31.28
28-01-2025 09:00,9,1,28,90.16,228.95,22.52,16.99,57.51,18.36
28-01-2025 10:00,10,1,28,68.5,421.12,132.67,20.46,59.54,32.82
28-01-2025 11:00,11,1,28,38.43,687.5,423.28,26.47,56.35,55.44
28-01-2025 12:00,12,1,28,28.93,783.06,556.55,29.12,47.53,61.31
28-01-2025 13:00,13,1,28,0,965.93,965.93,29.2,54.58,76.65
28-01-2025 14:00,14,1,28,66.29,435.49,146.82,30.44,57.86,32.92
28-01-2025 15:00,15,1,28,51.6,433.47,209.82,27.89,54.9,34.44
28-01-2025 16:00,16,1,28,31.43,382.15,262.05,30.39,52.09,30.15
28-01-2025 17:00,17,1,28,51.41,159.03,77.27,26.64,56.56,13.2
28-01-2025 18:00,18,1,28,15.86,0,0,26.44,54.93,0
28-01-2025 19:00,19,1,28,9.93,0,0,27.85,59.85,0
28-01-2025 20:00,20,1,28,0,0,0,21.98,58.19,0
28-01-2025 21:00,21,1,28,28.93,0,0,17.65,52.67,0
28-01-2025 22:00,22,1,28,47.84,0,0,21.11,64.76,0
28-01-2025 23:00,23,1,28,48.47,0,0,14.11,66.02,0
29-01-2025 00:00,0,1,29,45.29,0,0,11.02,61.79,0
29-01-2025 01:00,1,1,29,37.85,0,0,13.07,66.8,0
29-01-2025 02:00,2,1,29,44.6,0,0,11.85,62.54,0
29-01-2025 03:00,3,1,29,26.19,0,0,9.29,62.45,0
29-01-2025 04:00,4,1,29,20.62,0,0,11.32,70.57,0
29-01-2025 05:00,5,1,29,32.75,0,0,12.26,65.4,0
29-01-2025 06:00,6,1,29,53.59,0,0,14.14,74.6,0
29-01-2025 07:00,7,1,29,52.73,156.46,73.96,12.85,65.87,13.12
29-01-2025 08:00,8,1,29,19.96,425.16,340.32,19.45,48.33,33.18
29-01-2025 09:00,9,1,29,36.41,513.99,326.83,21.49,57.87,41.03
29-01-2025 10:00,10,1,29,63.9,451,162.82,21.94,55.67,35.47
29-01-2025 11:00,11,1,29,34.45,716.39,469.63,21.08,68.4,57.98
29-01-2025 12:00,12,1,29,18.68,859.89,699.26,24.8,54.37,68.32
29-01-2025 13:00,13,1,29,0,965.93,965.93,27.59,44.04,76.91
29-01-2025 14:00,14,1,29,28.7,679.59,484.52,33.92,56.91,53.17
29-01-2025 15:00,15,1,29,14.98,627.65,533.62,28.48,51.65,50.41
29-01-2025 16:00,16,1,29,29.99,387.55,271.34,28.68,54.78,29.26
29-01-2025 17:00,17,1,29,6.16,246.86,231.65,27.03,64.36,18.66
29-01-2025 18:00,18,1,29,8.2,0,0,28.95,64.68,0.67
29-01-2025 19:00,19,1,29,66.34,0,0,26.45,65.92,0
29-01-2025 20:00,20,1,29,50.59,0,0,19.36,55.71,0
29-01-2025 21:00,21,1,29,15.04,0,0,22.58,62.65,0
29-01-2025 22:00,22,1,29,64.42,0,0,16.25,53.84,0
29-01-2025 23:00,23,1,29,25.43,0,0,18.33,56.44,0
30-01-2025 00:00,0,1,30,41.22,0,0,16.19,67.69,0
30-01-2025 01:00,1,1,30,6.93,0,0,7.65,67.64,0
30-01-2025 02:00,2,1,30,32.27,0,0,9.5,66.45,0
30-01-2025 03:00,3,1,30,60.22,0,0,11.01,55.58,0
30-01-2025 04:00,4,1,30,35.38,0,0,9.76,69.31,0
30-01-2025 05:00,5,1,30,63.43,0,0,13.81,62.06,0
30-01-2025 06:00,6,1,30,34.31,0,0,13.22,67.72,0
30-01-2025 07:00,7,1,30,29.89,200.8,140.78,13.56,64.09,15.71
30-01-2025 08:00,8,1,30,50.24,311.6,155.05,15.85,59.35,23.01
30-01-2025 09:00,9,1,30,18.31,610.02,498.34,22.1,58.41,48.92
30-01-2025 10:00,10,1,30,39.54,609.22,368.35,24.34,72.26,48.62
30-01-2025 11:00,11,1,30,40.53,672.31,399.82,26.32,59.49,54.19
30-01-2025 12:00,12,1,30,30.09,774.36,541.39,25.65,50.23,63.5
30-01-2025 13:00,13,1,30,7.94,908.38,836.22,24.84,55.42,72.26
30-01-2025 14:00,14,1,30,10.14,800.18,719.07,28.59,55.23,65.16
30-01-2025 15:00,15,1,30,5.57,677.55,639.79,30.96,45.45,51.37
30-01-2025 16:00,16,1,30,25.95,402.67,298.17,29.59,53.84,32.32
30-01-2025 17:00,17,1,30,0,258.82,258.82,29.47,67.21,19.26
30-01-2025 18:00,18,1,30,46.01,0,0,28.47,48.46,0.3
30-01-2025 19:00,19,1,30,44.54,0,0,24.01,56.4,0
30-01-2025 20:00,20,1,30,3.2,0,0,27.04,62.69,0
30-01-2025 21:00,21,1,30,56.32,0,0,19.35,61.62,0
30-01-2025 22:00,22,1,30,39.56,0,0,19.21,60.39,0
30-01-2025 23:00,23,1,30,25.74,0,0,16.41,59.66,0
31-01-2025 00:00,0,1,31,15.34,0,0,11.46,66.91,0
31-01-2025 01:00,1,1,31,19.19,0,0,11.52,64.7,0
31-01-2025 02:00,2,1,31,0,0,0,7.8,66.17,0
31-01-2025 03:00,3,1,31,34.42,0,0,9.71,59.64,0
31-01-2025 04:00,4,1,31,23.17,0,0,6.51,62.98,0
31-01-2025 05:00,5,1,31,52.29,0,0,13.54,66.13,0
31-01-2025 06:00,6,1,31,0,0,0,10.43,64.76,0
31-01-2025 07:00,7,1,31,16.41,226.97,189.72,12.94,65.52,18.23
31-01-2025 08:00,8,1,31,51.66,306.28,148.06,17.77,53.77,24.05
31-01-2025 09:00,9,1,31,49.79,443.07,222.48,21.48,59.41,35.35
31-01-2025 10:00,10,1,31,53.06,521.42,244.77,20.31,59.37,41.22
31-01-2025 11:00,11,1,31,26.22,775.98,572.52,26.13,59.65,61.24
31-01-2025 12:00,12,1,31,42.82,678.87,388.19,26.93,62.48,52.84
31-01-2025 13:00,13,1,31,36.69,700.16,443.3,29.16,51.5,53.68
31-01-2025 14:00,14,1,31,40.73,601.46,356.47,27.62,48.92,48.27
31-01-2025 15:00,15,1,31,13.95,633.1,544.76,28.96,59.38,49.64
31-01-2025 16:00,16,1,31,15.09,443.41,376.5,30.33,57.76,34.2
31-01-2025 17:00,17,1,31,2.14,254.66,249.2,28.19,61.68,20.47
31-01-2025 18:00,18,1,31,62.53,0,0,26.29,63.81,0
31-01-2025 19:00,19,1,31,50.44,0,0,24.9,57.3,0
31-01-2025 20:00,20,1,31,51.92,0,0,20.43,62.26,0
31-01-2025 21:00,21,1,31,35.39,0,0,19.68,59.23,0
31-01-2025 22:00,22,1,31,19.02,0,0,13.07,65.58,0
31-01-2025 23:00,23,1,31,20.02,0,0,18.43,64.12,0
01-02-2025 00:00,0,2,32,41.99,0,0,9.88,63.73,0
01-02-2025 01:00,1,2,32,39.41,0,0,10.73,66.35,0
01-02-2025 02:00,2,2,32,24.25,0,0,9.87,56.23,0
01-02-2025 03:00,3,2,32,33.24,0,0,12.84,68.85,0
01-02-2025 04:00,4,2,32,37.86,0,0,13.65,68.97,0
01-02-2025 05:00,5,2,32,1.67,0,0,8.24,66.81,0
01-02-2025 06:00,6,2,32,0,0,0,11.4,68.71,0
01-02-2025 07:00,7,2,32,59.02,144.25,59.12,12.48,70.7,11.38
01-02-2025 08:00,8,2,32,13.22,450.43,390.89,18.78,58.76,36.22
01-02-2025 09:00,9,2,32,14.46,630.41,539.25,19.11,53.06,50.04
01-02-2025 10:00,10,2,32,13.59,777.74,672.02,21.46,59.91,62.4
01-02-2025 11:00,11,2,32,0,965.93,965.93,23.86,52.15,77.11
01-02-2025 12:00,12,2,32,55.15,586.35,262.96,27.11,56.57,46.21
01-02-2025 13:00,13,2,32,24.04,791.75,601.4,28.6,57.73,63.07
01-02-2025 14:00,14,2,32,5.31,831.55,787.41,29.88,57.09,65.88
01-02-2025 15:00,15,2,32,23.02,585.01,450.32,29,61.42,45.46
01-02-2025 16:00,16,2,32,17.45,434.55,358.71,33.26,51.21,33.98
01-02-2025 17:00,17,2,32,55.89,150.33,66.32,29.3,48.96,12.23
01-02-2025 18:00,18,2,32,26.15,0,0,27.18,50.05,0.64
01-02-2025 19:00,19,2,32,35.25,0,0,28.3,56.52,0
01-02-2025 20:00,20,2,32,0,0,0,26.83,53.91,0
01-02-2025 21:00,21,2,32,51.7,0,0,15.37,63.9,0
01-02-2025 22:00,22,2,32,0,0,0,16.48,61.49,0
01-02-2025 23:00,23,2,32,2.14,0,0,14.67,64.47,0
02-02-2025 00:00,0,2,33,30.51,0,0,12.4,61.92,0
02-02-2025 01:00,1,2,33,28.13,0,0,12.72,63.74,0
02-02-2025 02:00,2,2,33,13.88,0,0,10.33,66.47,0
02-02-2025 03:00,3,2,33,5.8,0,0,8.57,76.71,0
02-02-2025 04:00,4,2,33,64.34,0,0,10.97,68.49,0
02-02-2025 05:00,5,2,33,43.27,0,0,8.12,64.57,0
02-02-2025 06:00,6,2,33,45.16,0,0,13.33,60.35,0
02-02-2025 07:00,7,2,33,47.37,166.87,87.82,13.11,64.61,11.08
02-02-2025 08:00,8,2,33,28.74,392.21,279.48,16.62,63.2,31.3
02-02-2025 09:00,9,2,33,0,707.11,707.11,19.15,68.63,54.23
02-02-2025 10:00,10,2,33,0,866.03,866.03,22.39,54.24,70.85
02-02-2025 11:00,11,2,33,20.83,815.03,645.26,24.29,60.4,66.7
02-02-2025 12:00,12,2,33,51.57,613.22,296.98,28.67,58.03,47.66
02-02-2025 13:00,13,2,33,39.13,682.42,415.35,27.85,64.48,54.63
02-02-2025 14:00,14,2,33,6.2,825.74,774.53,31.49,48.99,61.96
02-02-2025 15:00,15,2,33,38.23,504.34,311.5,27.88,55.51,40.69
02-02-2025 16:00,16,2,33,46.89,324.17,172.17,27.68,53.57,25.37
02-02-2025 17:00,17,2,33,35.15,190.58,123.59,31.79,63.3,15.85
02-02-2025 18:00,18,2,33,11.65,0,0,27.29,59.15,0
02-02-2025 19:00,19,2,33,47.41,0,0,28.36,50.21,0
02-02-2025 20:00,20,2,33,89.8,0,0,24.26,58.06,0
02-02-2025 21:00,21,2,33,14.67,0,0,19.95,56.95,0
02-02-2025 22:00,22,2,33,46.42,0,0,15.63,69.06,0
02-02-2025 23:00,23,2,33,30.55,0,0,19.18,53.6,0
03-02-2025 00:00,0,2,34,11.71,0,0,11.25,51.26,0
03-02-2025 01:00,1,2,34,2.68,0,0,11.45,64.86,0
03-02-2025 02:00,2,2,34,45.34,0,0,11.95,67.57,0
03-02-2025 03:00,3,2,34,24.94,0,0,8.75,63.99,0
03-02-2025 04:00,4,2,34,39.34,0,0,12.33,61.44,0
03-02-2025 05:00,5,2,34,0,0,0,17.4,58.34,0
03-02-2025 06:00,6,2,34,0,0,0,12.25,65.45,0
03-02-2025 07:00,7,2,34,60.29,141.78,56.3,13.77,60.94,10.17
03-02-2025 08:00,8,2,34,0.74,497.23,493.56,18.36,64.53,39.04
03-02-2025 09:00,9,2,34,23.43,582.85,446.29,24.57,62.46,45.52
03-02-2025 10:00,10,2,34,33.78,646.65,428.24,20.98,70.52,51.89
03-02-2025 11:00,11,2,34,43.01,654.33,372.89,28.02,59.62,51.12
03-02-2025 12:00,12,2,34,40.95,692.85,409.11,31.52,53.62,52.77
03-02-2025 13:00,13,2,34,60.32,528.91,209.85,29.26,53.51,40.61
03-02-2025 14:00,14,2,34,61.56,466.2,179.22,28.74,60.29,37.32
03-02-2025 15:00,15,2,34,75.62,306.08,74.63,25.13,57.94,23.89
03-02-2025 16:00,16,2,34,36.92,361.56,228.08,30.86,56.93,26.89
03-02-2025 17:00,17,2,34,3.78,251.48,241.97,28.11,54.15,20.3
03-02-2025 18:00,18,2,34,38.91,0,0,28.97,53.81,1.06
03-02-2025 19:00,19,2,34,25.18,0,0,25.87,55.94,0
03-02-2025 20:00,20,2,34,48.06,0,0,23.05,62.08,0
03-02-2025 21:00,21,2,34,27.67,0,0,21.62,61.61,0
03-02-2025 22:00,22,2,34,39.15,0,0,20.03,59.76,0
03-02-2025 23:00,23,2,34,39.97,0,0,15.86,58.24,0
04-02-2025 00:00,0,2,35,34.75,0,0,17.31,72.79,0
04-02-2025 01:00,1,2,35,69.82,0,0,11.36,63.49,0
04-02-2025 02:00,2,2,35,23.32,0,0,16.11,67.94,0
04-02-2025 03:00,3,2,35,22.74,0,0,12.44,64.62,0
04-02-2025 04:00,4,2,35,42.51,0,0,8.39,68.05,0
04-02-2025 05:00,5,2,35,20.26,0,0,8.4,69.1,0
04-02-2025 06:00,6,2,35,29.83,0,0,15.37,65.14,0
04-02-2025 07:00,7,2,35,35.16,190.56,123.55,13.85,65.2,17.13
04-02-2025 08:00,8,2,35,47.96,320.16,166.62,20.87,50.73,25.8
04-02-2025 09:00,9,2,35,4.68,682.28,650.35,20.6,70.04,54.49
04-02-2025 10:00,10,2,35,31.71,660.08,450.78,19.28,63.91,52.38
04-02-2025 11:00,11,2,35,23.33,796.9,610.97,23.29,49.24,64.67
04-02-2025 12:00,12,2,35,5.08,961.91,913.05,29.42,47.68,77.61
04-02-2025 13:00,13,2,35,24.87,785.75,590.34,26.88,53.02,62.31
04-02-2025 14:00,14,2,35,0,866.03,866.03,32.06,49.93,66.73
04-02-2025 15:00,15,2,35,17.3,615.37,508.92,32.55,56.1,47.23
04-02-2025 16:00,16,2,35,34.53,370.5,242.56,30.75,52.82,27.84
04-02-2025 17:00,17,2,35,56.82,148.53,64.14,30.94,51.22,10.19
04-02-2025 18:00,18,2,35,20.77,0,0,29.04,53.32,0.07
04-02-2025 19:00,19,2,35,36.74,0,0,26.53,53.07,0
04-02-2025 20:00,20,2,35,17.18,0,0,26.55,60.56,0
04-02-2025 21:00,21,2,35,48.35,0,0,21.89,64.55,0
04-02-2025 22:00,22,2,35,13.7,0,0,17.25,63.52,0
04-02-2025 23:00,23,2,35,40.3,0,0,17.52,62.4,0
05-02-2025 00:00,0,2,36,12.97,0,0,13.73,67.37,0
05-02-2025 01:00,1,2,36,45.18,0,0,12.18,62.15,0
05-02-2025 02:00,2,2,36,50.56,0,0,13.8,59.27,0
05-02-2025 03:00,3,2,36,50.35,0,0,10.3,53.12,0
05-02-2025 04:00,4,2,36,34.96,0,0,9.63,57.17,0
05-02-2025 05:00,5,2,36,25.43,0,0,11.97,62.49,0
05-02-2025 06:00,6,2,36,1.37,0,0,10.42,66.12,0
05-02-2025 07:00,7,2,36,11.69,236.12,208.51,13.47,69.74,17.68
05-02-2025 08:00,8,2,36,15.74,440.98,371.57,18.54,64.83,36.44
05-02-2025 09:00,9,2,36,7.15,669.19,621.35,21.46,56.3,52.57
05-02-2025 10:00,10,2,36,29.74,672.84,472.71,23.35,56.22,54.11
05-02-2025 11:00,11,2,36,23.54,795.4,608.18,23.55,56,63.08
05-02-2025 12:00,12,2,36,39.73,702.06,423.17,27.72,46.26,55.28
05-02-2025 13:00,13,2,36,48.09,617.51,320.53,28.39,51.31,48.64
05-02-2025 14:00,14,2,36,21.08,729.09,575.38,29.46,50.72,58.27
05-02-2025 15:00,15,2,36,42.52,481.6,276.81,23.2,62.29,39.84
05-02-2025 16:00,16,2,36,40.82,346.94,205.33,30.79,49.78,27.24
05-02-2025 17:00,17,2,36,29.33,201.89,142.68,30.97,55.93,13.75
05-02-2025 18:00,18,2,36,18.99,0,0,25.91,57.19,0.58
05-02-2025 19:00,19,2,36,16.48,0,0,24.23,51.58,0
05-02-2025 20:00,20,2,36,25.69,0,0,23.69,59.81,0
05-02-2025 21:00,21,2,36,11.63,0,0,20.51,62.99,0
05-02-2025 22:00,22,2,36,34.71,0,0,17.02,60.45,0
05-02-2025 23:00,23,2,36,17.48,0,0,15.64,65.8,0
06-02-2025 00:00,0,2,37,51.82,0,0,11.76,70.38,0
06-02-2025 01:00,1,2,37,33.28,0,0,12.38,60.2,0
06-02-2025 02:00,2,2,37,22.91,0,0,9.59,60.17,0
06-02-2025 03:00,3,2,37,20.25,0,0,9.07,69.29,0
06-02-2025 04:00,4,2,37,2.19,0,0,9.41,72.32,0
06-02-2025 05:00,5,2,37,5.83,0,0,12.38,70.5,0
06-02-2025 06:00,6,2,37,52.68,0,0,11.19,68.36,0
06-02-2025 07:00,7,2,37,35.94,189.05,121.11,12.32,57.75,14.3
06-02-2025 08:00,8,2,37,0,500,500,16.23,60.62,40.21
06-02-2025 09:00,9,2,37,60.62,385.6,151.83,15.53,51.54,30.08
06-02-2025 10:00,10,2,37,0.28,864.22,861.81,24.13,54.82,69.27
06-02-2025 11:00,11,2,37,67.56,476.5,154.59,22.42,54.51,37.51
06-02-2025 12:00,12,2,37,34.34,742.46,487.51,25.53,59.49,59.43
06-02-2025 13:00,13,2,37,44.4,644.26,358.19,28.79,52.25,48.98
06-02-2025 14:00,14,2,37,37.28,623.89,391.3,30.44,52.3,47.94
06-02-2025 15:00,15,2,37,62.45,375.94,141.18,28.99,53.67,29.7
06-02-2025 16:00,16,2,37,39.92,350.32,210.49,28.24,63.05,27.18
06-02-2025 17:00,17,2,37,0,258.82,258.82,26.06,52.29,19.72
06-02-2025 18:00,18,2,37,39.59,0,0,27.38,54.44,0.89
06-02-2025 19:00,19,2,37,36.18,0,0,26.84,52.67,0
06-02-2025 20:00,20,2,37,4.8,0,0,22.16,50.87,0
06-02-2025 21:00,21,2,37,21.29,0,0,17.6,62.43,0
06-02-2025 22:00,22,2,37,7.68,0,0,17.63,62.55,0
06-02-2025 23:00,23,2,37,16.05,0,0,15.79,59.99,0
07-02-2025 00:00,0,2,38,50.53,0,0,12.15,61.72,0
07-02-2025 01:00,1,2,38,44.1,0,0,9.81,65.38,0
07-02-2025 02:00,2,2,38,18.13,0,0,6.23,72.08,0
07-02-2025 03:00,3,2,38,36.71,0,0,10.09,66.42,0
07-02-2025 04:00,4,2,38,24.18,0,0,8.22,59.66,0
07-02-2025 05:00,5,2,38,37.12,0,0,9.78,60.52,0
07-02-2025 06:00,6,2,38,42.35,0,0,10.35,72.5,0
07-02-2025 07:00,7,2,38,38.48,184.12,113.26,20.23,66.7,14.92
07-02-2025 08:00,8,2,38,0,500,500,16.12,57.2,39.76
07-02-2025 09:00,9,2,38,46.66,459.66,245.19,21.98,57.73,36.19
07-02-2025 10:00,10,2,38,47.36,558.44,293.99,20.52,69.74,44.37
07-02-2025 11:00,11,2,38,15.56,853.22,720.47,22.68,60.96,68.59
07-02-2025 12:00,12,2,38,21.11,841.69,664.02,24.82,60.54,65.87
07-02-2025 13:00,13,2,38,23.68,794.35,606.21,26.96,60.4,62.76
07-02-2025 14:00,14,2,38,37.09,625.12,393.26,28.04,55.86,48.84
07-02-2025 15:00,15,2,38,19.13,605.65,489.78,28.03,52.84,47.28
07-02-2025 16:00,16,2,38,9.36,464.92,421.42,30.04,41.69,36.14
07-02-2025 17:00,17,2,38,35.21,190.47,123.41,25.18,57.16,15.1
07-02-2025 18:00,18,2,38,38.3,0,0,26.88,59.43,0
07-02-2025 19:00,19,2,38,41.87,0,0,22.74,62.27,0
07-02-2025 20:00,20,2,38,59.21,0,0,20.01,53.91,0
07-02-2025 21:00,21,2,38,48.24,0,0,20.38,52.52,0
07-02-2025 22:00,22,2,38,31.49,0,0,15.11,66.67,0
07-02-2025 23:00,23,2,38,0,0,0,15.83,66.53,0
08-02-2025 00:00,0,2,39,12.04,0,0,12.78,56.74,0
08-02-2025 01:00,1,2,39,77.04,0,0,14.18,60.25,0
08-02-2025 02:00,2,2,39,20.63,0,0,12.85,60.46,0
08-02-2025 03:00,3,2,39,19.06,0,0,7.99,72.78,0
08-02-2025 04:00,4,2,39,20.03,0,0,10.4,57.28,0
08-02-2025 05:00,5,2,39,24,0,0,10.87,63.44,0
08-02-2025 06:00,6,2,39,6.53,0,0,13.56,56.35,0
08-02-2025 07:00,7,2,39,27.42,205.59,149.21,14.33,64.53,16.16
08-02-2025 08:00,8,2,39,0.98,496.32,491.44,16.3,61.02,38.8
08-02-2025 09:00,9,2,39,12.95,638.43,555.75,23.24,58.13,52.09
08-02-2025 10:00,10,2,39,34.29,643.3,422.71,26.27,53.79,51.81
08-02-2025 11:00,11,2,39,21.19,812.43,640.28,23.05,63.38,64.27
08-02-2025 12:00,12,2,39,2.21,983.43,961.71,29.33,46.5,76.15
08-02-2025 13:00,13,2,39,52.2,587.77,280.96,32.74,51.93,46.09
08-02-2025 14:00,14,2,39,23.83,711.22,541.71,25.93,57.06,58.13
08-02-2025 15:00,15,2,39,8.33,662.94,607.72,27.8,50.28,51.08
08-02-2025 16:00,16,2,39,23.97,410.11,311.81,28.17,54.46,32.37
08-02-2025 17:00,17,2,39,32.31,196.1,132.74,29.01,56.33,16.83
08-02-2025 18:00,18,2,39,21.21,0,0,23.53,58.62,0
08-02-2025 19:00,19,2,39,37.95,0,0,25.11,53.9,0
08-02-2025 20:00,20,2,39,34.43,0,0,21.66,53.95,0
08-02-2025 21:00,21,2,39,12.37,0,0,18.33,56.8,0
08-02-2025 22:00,22,2,39,23.78,0,0,16.21,68.16,0
08-02-2025 23:00,23,2,39,19.22,0,0,16.08,73.78,0
09-02-2025 00:00,0,2,40,0,0,0,12.57,63.31,0
09-02-2025 01:00,1,2,40,34.13,0,0,9.31,78.92,0
09-02-2025 02:00,2,2,40,35.53,0,0,11.43,67.98,0
09-02-2025 03:00,3,2,40,58.88,0,0,10.8,68.37,0
09-02-2025 04:00,4,2,40,15.64,0,0,8.84,70.47,0
09-02-2025 05:00,5,2,40,27.84,0,0,13.31,53.96,0
09-02-2025 06:00,6,2,40,29.82,0,0,10.11,55.58,0
09-02-2025 07:00,7,2,40,31.87,196.95,134.18,13.77,54.17,15.46
09-02-2025 08:00,8,2,40,32.36,378.66,256.14,16.67,46.54,31.11
09-02-2025 09:00,9,2,40,34.29,525.27,345.17,16.34,67.3,42.25
09-02-2025 10:00,10,2,40,47.54,557.27,292.36,20.32,60.75,46.34
09-02-2025 11:00,11,2,40,38.49,687.11,422.67,25.99,55.16,54.53
09-02-2025 12:00,12,2,40,46.18,653.67,351.83,25.4,56.31,51.83
09-02-2025 13:00,13,2,40,14.99,857.32,728.8,29.44,62.58,67.13
09-02-2025 14:00,14,2,40,17.09,755.03,626.01,32.53,53.28,58.43
09-02-2025 15:00,15,2,40,12.16,642.62,564.49,27.96,48.55,49.75
09-02-2025 16:00,16,2,40,18.27,431.5,352.69,30.7,61.55,33.29
09-02-2025 17:00,17,2,40,0,258.82,258.82,32.55,61.15,19.12
09-02-2025 18:00,18,2,40,0,0,0,25.02,60.03,0.58
09-02-2025 19:00,19,2,40,27.97,0,0,23.93,57.37,0
09-02-2025 20:00,20,2,40,23.17,0,0,25.4,54.87,0
09-02-2025 21:00,21,2,40,3.82,0,0,22.67,59.08,0
09-02-2025 22:00,22,2,40,36.35,0,0,17.86,62.59,0
09-02-2025 23:00,23,2,40,2.48,0,0,13.78,58.65,0
10-02-2025 00:00,0,2,41,11.45,0,0,11.05,64.3,0
10-02-2025 01:00,1,2,41,30.14,0,0,9.24,67.47,0
10-02-2025 02:00,2,2,41,15.78,0,0,10.32,65.53,0
10-02-2025 03:00,3,2,41,18.35,0,0,12.26,68.99,0
10-02-2025 04:00,4,2,41,33.15,0,0,7.11,71.36,0
10-02-2025 05:00,5,2,41,17.39,0,0,13.39,67.24,0
10-02-2025 06:00,6,2,41,70.29,0,0,14.85,62.07,0
10-02-2025 07:00,7,2,41,11.34,236.8,209.94,13.53,66.36,19.58
10-02-2025 08:00,8,2,41,26.64,400.09,293.5,12.23,72.04,32.94
10-02-2025 09:00,9,2,41,21.6,592.53,464.52,20.43,57.95,48.7
10-02-2025 10:00,10,2,41,39.84,607.24,365.3,25.22,57.07,49.69
10-02-2025 11:00,11,2,41,32.02,733.93,498.9,23.64,52.56,59.98
10-02-2025 12:00,12,2,41,61.35,539.91,208.7,23.88,55.47,44.79
10-02-2025 13:00,13,2,41,0,965.93,965.93,30.65,59.64,76.05
10-02-2025 14:00,14,2,41,48.86,548.7,280.63,26.02,60.49,44.61
10-02-2025 15:00,15,2,41,9.14,658.63,598.44,31.11,51.9,49.14
10-02-2025 16:00,16,2,41,0,500,500,34.72,54.81,36.85
10-02-2025 17:00,17,2,41,29.36,201.83,142.57,30.51,47.84,15.59
10-02-2025 18:00,18,2,41,23.25,0,0,26.81,59.77,0
10-02-2025 19:00,19,2,41,40.95,0,0,27.91,53.7,0
10-02-2025 20:00,20,2,41,16.06,0,0,23.48,51.71,0
10-02-2025 21:00,21,2,41,0,0,0,20.64,54.99,0
10-02-2025 22:00,22,2,41,10.38,0,0,17.69,68.7,0
10-02-2025 23:00,23,2,41,11.04,0,0,13.6,65.75,0
11-02-2025 00:00,0,2,42,31.65,0,0,11.6,69.19,0
11-02-2025 01:00,1,2,42,53.65,0,0,11.58,66.29,0
11-02-2025 02:00,2,2,42,26.77,0,0,12.11,73.39,0
11-02-2025 03:00,3,2,42,28.84,0,0,14.46,60.53,0
11-02-2025 04:00,4,2,42,54.66,0,0,11.91,67.02,0
11-02-2025 05:00,5,2,42,79.05,0,0,8.66,65.3,0
11-02-2025 06:00,6,2,42,19.22,0,0,11.9,62.44,0
11-02-2025 07:00,7,2,42,48.53,164.62,84.73,14.86,52.81,12.61
11-02-2025 08:00,8,2,42,35.33,367.5,237.66,21.62,54.21,28.38
11-02-2025 09:00,9,2,42,26.14,568.46,419.84,21.77,54.46,43.34
11-02-2025 10:00,10,2,42,34.43,642.38,421.2,24.38,53.92,52.05
11-02-2025 11:00,11,2,42,0,965.93,965.93,19.71,64.02,76.72
11-02-2025 12:00,12,2,42,20.82,843.85,668.15,28.76,60.19,66.57
11-02-2025 13:00,13,2,42,23.29,797.19,611.51,28.96,41.69,63.55
11-02-2025 14:00,14,2,42,30.12,670.37,468.44,29.87,60.82,52.13
11-02-2025 15:00,15,2,42,31.19,541.68,372.72,29.66,52.28,41.74
11-02-2025 16:00,16,2,42,12.19,454.29,398.91,29.35,57.56,33.63
11-02-2025 17:00,17,2,42,78.58,106.29,22.77,30.53,58.86,7.84
11-02-2025 18:00,18,2,42,12.42,0,0,25.44,54.11,0.4
11-02-2025 19:00,19,2,42,38,0,0,26.6,66.4,0
11-02-2025 20:00,20,2,42,27.46,0,0,26.52,47.54,0
11-02-2025 21:00,21,2,42,19.03,0,0,22.04,52.16,0
11-02-2025 22:00,22,2,42,30.37,0,0,18.75,66.61,0
11-02-2025 23:00,23,2,42,27.93,0,0,15.55,72.5,0
12-02-2025 00:00,0,2,43,30.7,0,0,17.26,60.11,0
12-02-2025 01:00,1,2,43,5.86,0,0,13.27,57.3,0
12-02-2025 02:00,2,2,43,31.92,0,0,6.62,63.47,0
12-02-2025 03:00,3,2,43,0,0,0,7.82,56.21,0
12-02-2025 04:00,4,2,43,64.57,0,0,10.88,59.76,0
12-02-2025 05:00,5,2,43,29.63,0,0,12.12,61.48,0
12-02-2025 06:00,6,2,43,1.1,0,0,13.22,66.5,0
12-02-2025 07:00,7,2,43,37.22,186.58,117.14,12.09,56.46,13.75
12-02-2025 08:00,8,2,43,38.97,353.87,215.97,16.98,67.61,29.78
12-02-2025 09:00,9,2,43,40.6,491.8,292.13,20.11,65.14,36.88
12-02-2025 10:00,10,2,43,0,866.03,866.03,24.69,53.45,68.73
12-02-2025 11:00,11,2,43,12.43,875.85,766.94,27.81,58.55,67.89
12-02-2025 12:00,12,2,43,19.44,854.23,688.21,28.13,57.13,67.11
12-02-2025 13:00,13,2,43,29.79,750.09,526.62,30.24,56.65,58.87
12-02-2025 14:00,14,2,43,22.66,718.87,556.01,30.82,51.35,55.77
12-02-2025 15:00,15,2,43,45.88,463.78,250.99,29.6,55.29,34.99
12-02-2025 16:00,16,2,43,30.77,384.6,266.25,31.21,56.18,29.32
12-02-2025 17:00,17,2,43,60.23,141.91,56.44,27.49,52.12,9.66
12-02-2025 18:00,18,2,43,28.58,0,0,26.28,51.33,0.3
12-02-2025 19:00,19,2,43,60.94,0,0,26.18,62,0
12-02-2025 20:00,20,2,43,24.05,0,0,21.63,55.11,0
12-02-2025 21:00,21,2,43,7.3,0,0,17.34,55.58,0
12-02-2025 22:00,22,2,43,36.81,0,0,22.3,59.78,0
12-02-2025 23:00,23,2,43,5.47,0,0,16.06,68.89,0
13-02-2025 00:00,0,2,44,0,0,0,14.17,58.4,0
13-02-2025 01:00,1,2,44,45.82,0,0,9.31,64.53,0
13-02-2025 02:00,2,2,44,36.51,0,0,14.11,62.48,0
13-02-2025 03:00,3,2,44,42.87,0,0,12,78.57,0
13-02-2025 04:00,4,2,44,0,0,0,11.4,71.19,0
13-02-2025 05:00,5,2,44,66.65,0,0,11.56,54.56,0
13-02-2025 06:00,6,2,44,42.91,0,0,14.25,63.49,0
13-02-2025 07:00,7,2,44,50.6,160.59,79.33,14.95,56.65,12.49
13-02-2025 08:00,8,2,44,19.97,425.11,340.22,16.31,63.15,33.76
13-02-2025 09:00,9,2,44,65.64,358.99,123.34,21.81,52.22,30.61
13-02-2025 10:00,10,2,44,23.05,716.3,551.19,25.42,54.95,58.12
13-02-2025 11:00,11,2,44,20.48,817.58,650.17,24.54,58.75,63.82
13-02-2025 12:00,12,2,44,55.73,582.01,257.64,24.79,53.27,45.27
13-02-2025 13:00,13,2,44,27.13,769.4,560.67,30.62,54.82,59.2
13-02-2025 14:00,14,2,44,12.67,783.74,684.45,29.89,48.48,61.7
13-02-2025 15:00,15,2,44,19.88,601.66,482.02,28.17,54.21,48.42
13-02-2025 16:00,16,2,44,15.98,440.08,369.76,28.14,55.76,34.92
13-02-2025 17:00,17,2,44,46.06,169.41,91.38,24.34,58.46,14.36
13-02-2025 18:00,18,2,44,46.82,0,0,24.38,59.24,0
13-02-2025 19:00,19,2,44,16.75,0,0,29.14,57.26,0
13-02-2025 20:00,20,2,44,35.58,0,0,22,67.55,0
13-02-2025 21:00,21,2,44,36.14,0,0,20.41,57.89,0
13-02-2025 22:00,22,2,44,44.27,0,0,16.71,63.6,0
13-02-2025 23:00,23,2,44,77.94,0,0,14.32,60.22,0
14-02-2025 00:00,0,2,45,14.19,0,0,14.16,72.61,0
14-02-2025 01:00,1,2,45,3.92,0,0,12.61,56.34,0
14-02-2025 02:00,2,2,45,12.84,0,0,11.01,62.53,0
14-02-2025 03:00,3,2,45,18.59,0,0,5.61,63.05,0
14-02-2025 04:00,4,2,45,57.97,0,0,7.98,72.99,0
14-02-2025 05:00,5,2,45,7.64,0,0,13.39,65.06,0
14-02-2025 06:00,6,2,45,24,0,0,18.88,50.38,0
14-02-2025 07:00,7,2,45,22.39,215.35,167.12,12.36,70.49,16.72
14-02-2025 08:00,8,2,45,11.75,455.92,402.33,18.72,63.65,37.44
14-02-2025 09:00,9,2,45,71.8,326.35,92.05,17.17,61.36,26.29
14-02-2025 10:00,10,2,45,34.12,644.38,424.49,22.57,61.67,51.31
14-02-2025 11:00,11,2,45,11.35,883.68,783.36,23.3,69.08,68.79
14-02-2025 12:00,12,2,45,39.51,703.71,425.71,26.08,61.77,56.07
14-02-2025 13:00,13,2,45,29.62,751.33,528.77,30.28,49.24,59.47
14-02-2025 14:00,14,2,45,45.29,571.88,312.89,27.15,56.28,45
14-02-2025 15:00,15,2,45,56.92,405.23,174.57,31.39,62.02,31.19
14-02-2025 16:00,16,2,45,36.27,363.98,231.96,28.09,50.89,27.55
14-02-2025 17:00,17,2,45,50.41,160.96,79.81,26.34,54.49,12.14
14-02-2025 18:00,18,2,45,35.04,0,0,24.99,60.66,0.09
14-02-2025 19:00,19,2,45,12.47,0,0,28.13,63.3,0
14-02-2025 20:00,20,2,45,11.5,0,0,17.32,60.56,0
14-02-2025 21:00,21,2,45,9.25,0,0,23.96,57.65,0
14-02-2025 22:00,22,2,45,33.96,0,0,19.64,49.5,0
14-02-2025 23:00,23,2,45,16.14,0,0,16.28,65.7,0
15-02-2025 00:00,0,2,46,52.35,0,0,10.57,70.24,0
15-02-2025 01:00,1,2,46,22.52,0,0,12.29,55.4,0
15-02-2025 02:00,2,2,46,36.92,0,0,9.97,66.02,0
15-02-2025 03:00,3,2,46,61.42,0,0,13.59,62.26,0
15-02-2025 04:00,4,2,46,24.69,0,0,7.39,54.05,0
15-02-2025 05:00,5,2,46,26.26,0,0,12.12,56.07,0
15-02-2025 06:00,6,2,46,53.7,0,0,13.87,58.27,0
15-02-2025 07:00,7,2,46,22.81,214.54,165.6,13.79,76.96,16.09
15-02-2025 08:00,8,2,46,72.4,228.49,63.05,16.95,61.64,18.89
15-02-2025 09:00,9,2,46,38.55,502.65,308.86,19.66,59.35,40.9
15-02-2025 10:00,10,2,46,5.89,827.75,778.96,21.62,67.69,65.07
15-02-2025 11:00,11,2,46,16.59,845.75,705.45,26.86,50.93,67.68
15-02-2025 12:00,12,2,46,34.71,739.69,482.96,29.22,56.09,58.41
15-02-2025 13:00,13,2,46,52.08,588.64,282.07,27.46,57.31,47.56
15-02-2025 14:00,14,2,46,0,866.03,866.03,29.24,62.63,66.57
15-02-2025 15:00,15,2,46,23.37,583.15,446.86,29.9,60.52,45.41
15-02-2025 16:00,16,2,46,0,500,500,31.65,48.89,38.95
15-02-2025 17:00,17,2,46,4.38,250.33,239.37,29.31,46.69,20.11
15-02-2025 18:00,18,2,46,19.43,0,0,27.53,60.42,0
15-02-2025 19:00,19,2,46,17.11,0,0,24.58,56.58,0
15-02-2025 20:00,20,2,46,0,0,0,23.32,62.92,0
15-02-2025 21:00,21,2,46,22.12,0,0,19.29,51.29,0
15-02-2025 22:00,22,2,46,45.04,0,0,21.42,64.3,0
15-02-2025 23:00,23,2,46,9,0,0,19.79,58.25,0
16-02-2025 00:00,0,2,47,16.99,0,0,13.01,59.85,0
16-02-2025 01:00,1,2,47,25.93,0,0,11.85,73,0
16-02-2025 02:00,2,2,47,39.12,0,0,11.36,62.96,0
16-02-2025 03:00,3,2,47,34.31,0,0,11.57,52.32,0
16-02-2025 04:00,4,2,47,9.22,0,0,10.37,61.73,0
16-02-2025 05:00,5,2,47,66.87,0,0,12.4,67.5,0
16-02-2025 06:00,6,2,47,40.2,0,0,15.94,65.13,0
16-02-2025 07:00,7,2,47,0,258.82,258.82,13.9,62.79,19.65
16-02-2025 08:00,8,2,47,43.34,337.48,191.22,14.89,56.19,28.12
16-02-2025 09:00,9,2,47,13.33,636.43,551.62,20.26,63.12,53.33
16-02-2025 10:00,10,2,47,68.31,422.37,133.87,23.24,60.63,33.43
16-02-2025 11:00,11,2,47,77.94,401.32,88.55,26.92,54.93,32.75
16-02-2025 12:00,12,2,47,56.28,577.86,252.61,27.08,52.88,45.85
16-02-2025 13:00,13,2,47,48.93,611.49,312.32,28.63,51.39,49.62
16-02-2025 14:00,14,2,47,16.08,761.58,639.12,33.62,55.43,58.5
16-02-2025 15:00,15,2,47,10.75,650.11,580.25,32.85,47.43,48.85
16-02-2025 16:00,16,2,47,32.35,378.69,256.19,26.96,60.59,28.17
16-02-2025 17:00,17,2,47,17.81,224.25,184.32,27.39,63.94,16.59
16-02-2025 18:00,18,2,47,40.99,0,0,24.63,57.17,0.7
16-02-2025 19:00,19,2,47,3.51,0,0,24.87,67.23,0
16-02-2025 20:00,20,2,47,28.57,0,0,24.01,62.61,0
16-02-2025 21:00,21,2,47,36.87,0,0,19.98,62.47,0
16-02-2025 22:00,22,2,47,25.74,0,0,18.02,61.29,0
16-02-2025 23:00,23,2,47,36.58,0,0,15.41,64.39,0
17-02-2025 00:00,0,2,48,48.44,0,0,16.02,66.66,0
17-02-2025 01:00,1,2,48,38.11,0,0,11.08,67.46,0
17-02-2025 02:00,2,2,48,30.39,0,0,10.72,65.84,0
17-02-2025 03:00,3,2,48,35.39,0,0,11.78,68.36,0
17-02-2025 04:00,4,2,48,14.71,0,0,10.32,61.88,0
17-02-2025 05:00,5,2,48,1.38,0,0,7.58,64.69,0
17-02-2025 06:00,6,2,48,14.35,0,0,12.4,63.43,0
17-02-2025 07:00,7,2,48,8.33,242.65,222.44,12.6,62.64,18.89
17-02-2025 08:00,8,2,48,15.09,443.43,376.54,14.87,69.15,35.82
17-02-2025 09:00,9,2,48,4.03,685.73,658.08,22.37,51.48,54.94
17-02-2025 10:00,10,2,48,0.29,864.17,861.71,19.59,58.72,68.89
17-02-2025 11:00,11,2,48,40.38,673.38,401.46,24.02,55.94,53.5
17-02-2025 12:00,12,2,48,10.08,924.43,831.29,26.9,65.31,73.39
17-02-2025 13:00,13,2,48,27.18,769.01,559.98,30.45,47.66,61.57
17-02-2025 14:00,14,2,48,10.03,800.89,720.58,32.11,53.47,61.51
17-02-2025 15:00,15,2,48,13.77,634.08,546.76,32.17,60.9,49.78
17-02-2025 16:00,16,2,48,52.58,302.83,143.6,30.33,54.88,23.88
17-02-2025 17:00,17,2,48,47.36,166.9,87.86,31.3,62.22,12.06
17-02-2025 18:00,18,2,48,27.05,0,0,26.6,55.25,0
17-02-2025 19:00,19,2,48,31.18,0,0,27.74,53.97,0
17-02-2025 20:00,20,2,48,16.35,0,0,20.15,68.4,0
17-02-2025 21:00,21,2,48,35.24,0,0,18.19,51.09,0
17-02-2025 22:00,22,2,48,52.37,0,0,20.11,58.85,0
17-02-2025 23:00,23,2,48,58.22,0,0,16.19,55.79,0
18-02-2025 00:00,0,2,49,27.16,0,0,13.12,57.11,0
18-02-2025 01:00,1,2,49,32.34,0,0,12.01,64.12,0
18-02-2025 02:00,2,2,49,10.83,0,0,10.69,56.36,0
18-02-2025 03:00,3,2,49,25.76,0,0,11.83,49.09,0
18-02-2025 04:00,4,2,49,3.92,0,0,10.63,63.77,0
18-02-2025 05:00,5,2,49,33.8,0,0,11.32,68.46,0
18-02-2025 06:00,6,2,49,0,0,0,12.58,60.01,0
18-02-2025 07:00,7,2,49,18.33,223.25,182.33,12.62,69.52,17.88
18-02-2025 08:00,8,2,49,0,500,500,19.44,59.41,39.63
18-02-2025 09:00,9,2,49,82.77,268.14,46.19,21.85,58.06,20.19
18-02-2025 10:00,10,2,49,36.36,629.85,400.83,23.7,58.05,48.71
18-02-2025 11:00,11,2,49,25.22,783.24,585.73,25.58,59.76,61.14
18-02-2025 12:00,12,2,49,0,1000,1000,28.78,55.68,79.29
18-02-2025 13:00,13,2,49,60.59,527.01,207.72,30.94,47.4,41.79
18-02-2025 14:00,14,2,49,20.23,734.61,585.98,30.42,57.36,57.82
18-02-2025 15:00,15,2,49,55.67,411.88,182.6,31.14,53.38,31.86
18-02-2025 16:00,16,2,49,17.7,433.63,356.89,31.95,60.09,33.93
18-02-2025 17:00,17,2,49,39.13,182.87,111.32,28.3,56.68,15.19
18-02-2025 18:00,18,2,49,0,0,0,26.76,49.78,0.1
18-02-2025 19:00,19,2,49,0,0,0,24.54,54.08,0
18-02-2025 20:00,20,2,49,53.37,0,0,24.17,53.09,0
18-02-2025 21:00,21,2,49,22.17,0,0,19.85,52.23,0
18-02-2025 22:00,22,2,49,10.33,0,0,17.15,60.04,0
18-02-2025 23:00,23,2,49,3.85,0,0,13.86,56.18,0
19-02-2025 00:00,0,2,50,43.96,0,0,14.27,61.72,0
19-02-2025 01:00,1,2,50,48.34,0,0,10.68,63.84,0
19-02-2025 02:00,2,2,50,15.23,0,0,14.13,71.42,0
19-02-2025 03:00,3,2,50,16.51,0,0,11.58,69.7,0
19-02-2025 04:00,4,2,50,41.63,0,0,11.91,64.55,0
19-02-2025 05:00,5,2,50,52.7,0,0,9.44,59.92,0
19-02-2025 06:00,6,2,50,5.87,0,0,11.9,65.57,0
19-02-2025 07:00,7,2,50,5.69,247.78,233.69,15.78,59.12,20.42
19-02-2025 08:00,8,2,50,24.58,407.84,307.61,17.12,58.98,32.14
19-02-2025 09:00,9,2,50,28.12,557.97,401.05,22.03,57.08,44.51
19-02-2025 10:00,10,2,50,40.42,603.5,359.58,19.44,57.72,47.12
19-02-2025 11:00,11,2,50,26.31,775.32,571.33,22.47,61.12,61.53
19-02-2025 12:00,12,2,50,50.78,619.17,304.77,26.17,60.66,47.92
19-02-2025 13:00,13,2,50,10.05,893.1,803.33,27.32,49.11,70.13
19-02-2025 14:00,14,2,50,50.3,539.31,268.03,30.02,65.27,42.25
19-02-2025 15:00,15,2,50,2.34,694.68,678.4,32.11,59.98,52.9
19-02-2025 16:00,16,2,50,3.99,485.04,465.69,31.49,57.56,37.55
19-02-2025 17:00,17,2,50,9.21,240.94,218.75,28.14,57.27,17.88
19-02-2025 18:00,18,2,50,30.79,0,0,26.39,55.72,0.87
19-02-2025 19:00,19,2,50,52.82,0,0,26.95,58.28,0
19-02-2025 20:00,20,2,50,60.27,0,0,24.44,60.26,0
19-02-2025 21:00,21,2,50,17.03,0,0,20.71,55.6,0
19-02-2025 22:00,22,2,50,56.96,0,0,15.82,61.33,0
19-02-2025 23:00,23,2,50,5.18,0,0,14.54,59.18,0
20-02-2025 00:00,0,2,51,20.93,0,0,14.3,70.75,0
20-02-2025 01:00,1,2,51,7.54,0,0,10.73,66.38,0
20-02-2025 02:00,2,2,51,24.83,0,0,10.11,63.86,0
20-02-2025 03:00,3,2,51,8.4,0,0,9.86,70.45,0
20-02-2025 04:00,4,2,51,44.67,0,0,9.67,58.88,0
20-02-2025 05:00,5,2,51,19.7,0,0,16.49,53.83,0
20-02-2025 06:00,6,2,51,0,0,0,9.71,75.28,0
20-02-2025 07:00,7,2,51,31.27,198.12,136.16,13.64,64.95,16.08
20-02-2025 08:00,8,2,51,25.98,402.57,297.98,14.2,69.98,31.38
20-02-2025 09:00,9,2,51,52.72,427.5,202.11,23.84,64.3,33.37
20-02-2025 10:00,10,2,51,35.95,632.51,405.1,19.67,61.17,50.02
20-02-2025 11:00,11,2,51,19.78,822.61,659.87,23.7,62.24,64.87
20-02-2025 12:00,12,2,51,15.12,886.57,752.48,25.47,65.17,71.24
20-02-2025 13:00,13,2,51,12.62,874.49,764.12,30.26,55.13,68.79
20-02-2025 14:00,14,2,51,55.1,508.17,228.19,31.65,51.97,37.75
20-02-2025 15:00,15,2,51,11.81,644.46,568.32,29.78,53.54,50.26
20-02-2025 16:00,16,2,51,34.37,371.12,243.58,31.25,54.4,29.52
20-02-2025 17:00,17,2,51,19.41,221.14,178.21,30.05,56.46,17.07
20-02-2025 18:00,18,2,51,15.07,0,0,28.63,53.22,0
20-02-2025 19:00,19,2,51,6.66,0,0,25.49,64.78,0
20-02-2025 20:00,20,2,51,31.37,0,0,19.02,60.38,0
20-02-2025 21:00,21,2,51,15.92,0,0,19.12,57.97,0
20-02-2025 22:00,22,2,51,8.62,0,0,16.8,62.91,0
20-02-2025 23:00,23,2,51,38.09,0,0,17.03,59.72,0
21-02-2025 00:00,0,2,52,23.39,0,0,8.08,73.31,0
21-02-2025 01:00,1,2,52,28.95,0,0,10.4,65.51,0
21-02-2025 02:00,2,2,52,39.91,0,0,8.23,67.37,0
21-02-2025 03:00,3,2,52,13.75,0,0,9.73,66.44,0
21-02-2025 04:00,4,2,52,50.26,0,0,11.29,60.69,0
21-02-2025 05:00,5,2,52,20.97,0,0,10.15,58.45,0
21-02-2025 06:00,6,2,52,0,0,0,16.34,58.18,0
21-02-2025 07:00,7,2,52,17.63,224.6,185.02,14.59,60.21,17.6
21-02-2025 08:00,8,2,52,43.53,336.78,190.2,18.85,58.71,27.39
21-02-2025 09:00,9,2,52,41.38,487.66,285.87,19.44,65.71,39.3
21-02-2025 10:00,10,2,52,42.78,588.17,336.57,20.84,64.7,47.64
21-02-2025 11:00,11,2,52,29.91,749.22,525.11,27.65,49.87,60.79
21-02-2025 12:00,12,2,52,72.39,457.08,126.21,26.09,59.93,35.36
21-02-2025 13:00,13,2,52,14.46,861.14,736.59,27.88,46.72,67.76
21-02-2025 14:00,14,2,52,59.93,476.74,191.01,31.03,47.89,37.41
21-02-2025 15:00,15,2,52,45.8,464.2,251.59,28.74,47.97,36.5
21-02-2025 16:00,16,2,52,3.42,487.19,470.55,30.5,48.55,38.36
21-02-2025 17:00,17,2,52,51.74,158.39,76.45,29.25,50.43,11.98
21-02-2025 18:00,18,2,52,4.49,0,0,28.23,48.3,1.17
21-02-2025 19:00,19,2,52,16.44,0,0,23.45,57.1,0
21-02-2025 20:00,20,2,52,23.74,0,0,20.15,49.01,0
21-02-2025 21:00,21,2,52,21.97,0,0,19.54,61.54,0
21-02-2025 22:00,22,2,52,35.52,0,0,20.06,56.46,0
21-02-2025 23:00,23,2,52,22.9,0,0,14.62,67.68,0
22-02-2025 00:00,0,2,53,46.78,0,0,12.61,70.06,0
22-02-2025 01:00,1,2,53,12.26,0,0,8.59,65.69,0
22-02-2025 02:00,2,2,53,52.34,0,0,11.01,58.74,0
22-02-2025 03:00,3,2,53,45.11,0,0,10.37,64.78,0
22-02-2025 04:00,4,2,53,34.1,0,0,8.72,69.82,0
22-02-2025 05:00,5,2,53,8.34,0,0,6.86,67.12,0
22-02-2025 06:00,6,2,53,22.04,0,0,13.61,61.42,0
22-02-2025 07:00,7,2,53,32.38,195.97,132.52,15.56,67.83,13.98
22-02-2025 08:00,8,2,53,46.12,327.03,176.19,15.8,60.27,26.24
22-02-2025 09:00,9,2,53,33.52,529.33,351.89,19.03,62,41.26
22-02-2025 10:00,10,2,53,8.55,810.51,741.23,25.39,60.07,66.8
22-02-2025 11:00,11,2,53,42.38,658.88,379.63,23.48,59.72,52.84
22-02-2025 12:00,12,2,53,32.86,753.54,505.91,28.25,54.83,59.44
22-02-2025 13:00,13,2,53,61.26,522.16,202.31,28.56,56.91,40.43
22-02-2025 14:00,14,2,53,13.57,777.91,672.37,31.51,59.08,60.2
22-02-2025 15:00,15,2,53,67.52,349.03,113.37,31.27,55.08,26.91
22-02-2025 16:00,16,2,53,27.86,395.54,285.36,29.36,50.83,30.07
22-02-2025 17:00,17,2,53,25.76,208.82,155.03,29.11,57.8,15.94
22-02-2025 18:00,18,2,53,35.91,0,0,24.69,47.39,0
22-02-2025 19:00,19,2,53,0,0,0,29.62,54.6,0
22-02-2025 20:00,20,2,53,9.19,0,0,24.28,66.17,0
22-02-2025 21:00,21,2,53,15.53,0,0,21.62,58,0
22-02-2025 22:00,22,2,53,24.85,0,0,18.97,53.35,0
22-02-2025 23:00,23,2,53,52.89,0,0,14.4,66.25,0
23-02-2025 00:00,0,2,54,58.35,0,0,13.19,61.5,0
23-02-2025 01:00,1,2,54,24.26,0,0,10.83,64.73,0
23-02-2025 02:00,2,2,54,48.28,0,0,9.47,56.06,0
23-02-2025 03:00,3,2,54,0.73,0,0,11.22,56.56,0
23-02-2025 04:00,4,2,54,37.56,0,0,8.58,63.03,0
23-02-2025 05:00,5,2,54,2.77,0,0,10.78,62.27,0
23-02-2025 06:00,6,2,54,6.36,0,0,12.29,68.16,0
23-02-2025 07:00,7,2,54,57.29,147.61,63.05,15.34,61.57,13.21
23-02-2025 08:00,8,2,54,0,500,500,17.87,57.4,42.04
23-02-2025 09:00,9,2,54,71.06,330.27,95.59,20.73,61.82,27.09
23-02-2025 10:00,10,2,54,0,866.03,866.03,25.5,61.42,68.55
23-02-2025 11:00,11,2,54,32.87,727.82,488.61,27.67,52.74,57.92
23-02-2025 12:00,12,2,54,0,1000,1000,28.89,55.28,79.24
23-02-2025 13:00,13,2,54,0,965.93,965.93,28.02,55.75,76.04
23-02-2025 14:00,14,2,54,32.81,652.91,438.68,27.87,51.69,50.42
23-02-2025 15:00,15,2,54,39.22,499.11,303.36,30.45,49.18,40.11
23-02-2025 16:00,16,2,54,42.78,339.58,194.31,26.82,60.09,26.85
23-02-2025 17:00,17,2,54,22.13,215.86,168.08,26.68,54.03,15.89
23-02-2025 18:00,18,2,54,0,0,0,27.01,55.14,0
23-02-2025 19:00,19,2,54,30.93,0,0,24.83,62.28,0
23-02-2025 20:00,20,2,54,12.55,0,0,23.28,61.91,0
23-02-2025 21:00,21,2,54,0.5,0,0,15.6,59.22,0
23-02-2025 22:00,22,2,54,24.17,0,0,15.37,63.41,0
23-02-2025 23:00,23,2,54,66.75,0,0,13.01,67.36,0
24-02-2025 00:00,0,2,55,13.73,0,0,12.19,68.84,0
24-02-2025 01:00,1,2,55,9.42,0,0,9.34,70.9,0
24-02-2025 02:00,2,2,55,38.45,0,0,9.44,62.62,0
24-02-2025 03:00,3,2,55,29.75,0,0,9.37,69.31,0
24-02-2025 04:00,4,2,55,49.01,0,0,12.46,68.04,0
24-02-2025 05:00,5,2,55,68.73,0,0,11.53,63.78,0
24-02-2025 06:00,6,2,55,3.97,0,0,12.9,60.53,0
24-02-2025 07:00,7,2,55,5.02,249.07,236.55,16.85,67.12,18.34
24-02-2025 08:00,8,2,55,34.91,369.08,240.23,14.46,61.61,28.81
24-02-2025 09:00,9,2,55,31.37,540.75,371.13,23.85,53.1,43.96
24-02-2025 10:00,10,2,55,13.5,778.32,673.23,21.01,54.34,63.98
24-02-2025 11:00,11,2,55,22.9,800,616.76,27.8,58.69,64.39
24-02-2025 12:00,12,2,55,22.92,828.08,638.26,24.84,64.21,65.97
24-02-2025 13:00,13,2,55,32.48,730.66,493.37,26.66,58.23,59.76
24-02-2025 14:00,14,2,55,18.44,746.24,608.61,32.32,52.46,56.47
24-02-2025 15:00,15,2,55,18.42,609.44,497.2,28.29,49.71,47.18
24-02-2025 16:00,16,2,55,12.24,454.11,398.55,30.33,52.92,35.13
24-02-2025 17:00,17,2,55,31.79,197.11,134.44,30.93,51.65,15.55
24-02-2025 18:00,18,2,55,8.2,0,0,26.33,52.76,0.52
24-02-2025 19:00,19,2,55,34.98,0,0,21.84,59.86,0
24-02-2025 20:00,20,2,55,45.1,0,0,20.11,60.69,0
24-02-2025 21:00,21,2,55,12.69,0,0,18.98,57.93,0
24-02-2025 22:00,22,2,55,33.9,0,0,14.62,69.77,0
24-02-2025 23:00,23,2,55,51.17,0,0,15.01,63.19,0
25-02-2025 00:00,0,2,56,61.65,0,0,8.97,69.73,0
25-02-2025 01:00,1,2,56,33.64,0,0,14.98,54.06,0
25-02-2025 02:00,2,2,56,25.07,0,0,12.15,66.34,0
25-02-2025 03:00,3,2,56,0,0,0,11.41,64.95,0
25-02-2025 04:00,4,2,56,33.64,0,0,11.35,59.03,0
25-02-2025 05:00,5,2,56,25.2,0,0,10.84,63.43,0
25-02-2025 06:00,6,2,56,0,0,0,14.59,62.33,0
25-02-2025 07:00,7,2,56,3.38,252.27,243.75,14.01,58.91,20.26
25-02-2025 08:00,8,2,56,50.08,312.22,155.87,14.16,53.5,26.06
25-02-2025 09:00,9,2,56,19.43,604.04,486.65,23.1,61.14,47.67
25-02-2025 10:00,10,2,56,0,866.03,866.03,23.01,52.08,70.07
25-02-2025 11:00,11,2,56,29.4,752.96,531.62,24.21,57.87,58.97
25-02-2025 12:00,12,2,56,21.21,840.93,662.58,25.15,52.39,66.72
25-02-2025 13:00,13,2,56,54.24,572.97,262.18,28.81,60.67,46.1
25-02-2025 14:00,14,2,56,57.9,489.97,206.29,31.75,57.93,37.96
25-02-2025 15:00,15,2,56,67.11,351.2,115.51,30.13,54.53,27.72
25-02-2025 16:00,16,2,56,72.75,227.19,61.91,27.44,49.43,17.42
25-02-2025 17:00,17,2,56,17.39,225.07,185.93,30,55.93,18.11
25-02-2025 18:00,18,2,56,19.58,0,0,25.44,55.8,1.85
25-02-2025 19:00,19,2,56,13.62,0,0,24.53,65.78,0
25-02-2025 20:00,20,2,56,32.48,0,0,22.17,56.94,0
25-02-2025 21:00,21,2,56,72.22,0,0,18.24,67.03,0
25-02-2025 22:00,22,2,56,53.65,0,0,18.94,47.71,0
25-02-2025 23:00,23,2,56,41.92,0,0,17.69,52.99,0
26-02-2025 00:00,0,2,57,3.29,0,0,15.26,66.67,0
26-02-2025 01:00,1,2,57,24.58,0,0,10.67,63.76,0
26-02-2025 02:00,2,2,57,42.89,0,0,12.25,61.33,0
26-02-2025 03:00,3,2,57,23.1,0,0,11.29,69.54,0
26-02-2025 04:00,4,2,57,20.03,0,0,9.56,63,0
26-02-2025 05:00,5,2,57,6.85,0,0,13.05,57.98,0
26-02-2025 06:00,6,2,57,27.63,0,0,13.35,60.45,0
26-02-2025 07:00,7,2,57,37.97,185.12,114.84,14.88,60.85,14.98
26-02-2025 08:00,8,2,57,1.01,496.23,491.23,15.6,63.61,39.32
26-02-2025 09:00,9,2,57,40.99,489.72,288.98,17.72,56.41,40.83
26-02-2025 10:00,10,2,57,43.58,582.96,328.91,22.12,62.86,46
26-02-2025 11:00,11,2,57,9.45,897.47,812.65,24.52,64.57,70.5
26-02-2025 12:00,12,2,57,51.79,611.54,294.79,28.21,53.52,47.83
26-02-2025 13:00,13,2,57,4.01,936.87,899.28,27.51,60.81,74.28
26-02-2025 14:00,14,2,57,35.66,634.4,408.16,34.82,37.1,47.83
26-02-2025 15:00,15,2,57,48.26,451.14,233.4,27.51,64.64,36.08
26-02-2025 16:00,16,2,57,50.92,309.05,151.69,31.98,55.13,23.85
26-02-2025 17:00,17,2,57,0,258.82,258.82,29.97,53.24,19.78
26-02-2025 18:00,18,2,57,88.1,0,0,26.32,63.19,0
26-02-2025 19:00,19,2,57,62.23,0,0,25.52,55.84,0
26-02-2025 20:00,20,2,57,72.09,0,0,23.15,56.45,0
26-02-2025 21:00,21,2,57,37.59,0,0,21.05,55.98,0
26-02-2025 22:00,22,2,57,59.1,0,0,18.63,74.26,0
26-02-2025 23:00,23,2,57,41.16,0,0,11.67,69.28,0
27-02-2025 00:00,0,2,58,45.39,0,0,14.17,59.35,0
27-02-2025 01:00,1,2,58,30.96,0,0,11.27,69.05,0
27-02-2025 02:00,2,2,58,35.06,0,0,13.12,63.9,0
27-02-2025 03:00,3,2,58,34.34,0,0,12.15,69.87,0
27-02-2025 04:00,4,2,58,0,0,0,12.86,58.81,0
27-02-2025 05:00,5,2,58,64.76,0,0,11.04,65.79,0
27-02-2025 06:00,6,2,58,45.81,0,0,12.8,56.58,0
27-02-2025 07:00,7,2,58,54.34,153.34,70.02,17.88,73.65,14.63
27-02-2025 08:00,8,2,58,42.84,339.34,193.96,15.92,61.82,26.78
27-02-2025 09:00,9,2,58,40.28,493.47,294.67,18.26,46.92,38.16
27-02-2025 10:00,10,2,58,16.16,761.04,638.02,24.53,56.39,60.5
27-02-2025 11:00,11,2,58,39.12,682.52,415.51,22.65,58.88,54.72
27-02-2025 12:00,12,2,58,17.45,869.13,717.46,25.82,54.24,68.23
27-02-2025 13:00,13,2,58,29.41,752.87,531.45,30.2,48.1,58.76
27-02-2025 14:00,14,2,58,10.39,798.53,715.56,31.28,49.91,61.01
27-02-2025 15:00,15,2,58,0,707.11,707.11,31.67,55.7,54.53
27-02-2025 16:00,16,2,58,23.19,413.04,317.25,31.09,55.36,32.09
27-02-2025 17:00,17,2,58,0,258.82,258.82,27.27,53.48,18.88
27-02-2025 18:00,18,2,58,45.35,0,0,26.15,54.68,0.19
27-02-2025 19:00,19,2,58,65.9,0,0,26.12,62.44,0
27-02-2025 20:00,20,2,58,13.54,0,0,22.15,60.02,0
27-02-2025 21:00,21,2,58,31.95,0,0,22.15,61.65,0
27-02-2025 22:00,22,2,58,23.36,0,0,21.19,65.14,0
27-02-2025 23:00,23,2,58,44.85,0,0,15,73.55,0
28-02-2025 00:00,0,2,59,32.02,0,0,11.81,66.85,0
28-02-2025 01:00,1,2,59,47.2,0,0,11.26,63.44,0
28-02-2025 02:00,2,2,59,68.68,0,0,9.73,59.35,0
28-02-2025 03:00,3,2,59,0.6,0,0,11.36,60.29,0
28-02-2025 04:00,4,2,59,57.12,0,0,10.27,59.09,0
28-02-2025 05:00,5,2,59,62.13,0,0,11.69,62.65,0
28-02-2025 06:00,6,2,59,61.1,0,0,12.43,67.48,0
28-02-2025 07:00,7,2,59,1.69,255.54,251.22,12.92,62.36,20.06
28-02-2025 08:00,8,2,59,0,500,500,16.8,65.57,40.02
28-02-2025 09:00,9,2,59,7.81,665.68,613.68,18,63.75,51.73
28-02-2025 10:00,10,2,59,9.39,805.01,729.39,21.81,57.28,65.05
28-02-2025 11:00,11,2,59,22.34,804.05,624.39,24.71,58.65,63.45
28-02-2025 12:00,12,2,59,18.73,859.54,698.57,28.82,58.43,66.74
28-02-2025 13:00,13,2,59,34.21,718.07,472.4,26.69,57.49,57.17
28-02-2025 14:00,14,2,59,7.73,815.83,752.79,27.21,50.61,65.73
28-02-2025 15:00,15,2,59,17.99,611.73,501.71,29.48,49.05,48.02
28-02-2025 16:00,16,2,59,4.05,484.82,465.18,31.61,48.85,35.11
28-02-2025 17:00,17,2,59,49.9,161.96,81.15,27.31,60.02,14.32
28-02-2025 18:00,18,2,59,23.81,0,0,29.63,59.85,0.27
28-02-2025 19:00,19,2,59,6.06,0,0,25.49,62.92,0
28-02-2025 20:00,20,2,59,16.66,0,0,21.39,62.78,0
28-02-2025 21:00,21,2,59,26.64,0,0,20.17,63.67,0
28-02-2025 22:00,22,2,59,60.19,0,0,19.71,54.24,0
28-02-2025 23:00,23,2,59,26.41,0,0,15,60.92,0
01-03-2025 00:00,0,3,60,8.13,0,0,12.55,60.16,0
01-03-2025 01:00,1,3,60,0,0,0,9.09,66.85,0
01-03-2025 02:00,2,3,60,34.22,0,0,9.08,70.38,0
01-03-2025 03:00,3,3,60,55.1,0,0,11.95,64.22,0
01-03-2025 04:00,4,3,60,14.79,0,0,12.27,67.59,0
01-03-2025 05:00,5,3,60,30.49,0,0,9.44,58.75,0
01-03-2025 06:00,6,3,60,11.4,0,0,12.15,60.14,0
01-03-2025 07:00,7,3,60,21.84,216.42,169.15,11.55,63.93,17.11
01-03-2025 08:00,8,3,60,46.63,325.14,173.53,18.54,59.44,24.37
01-03-2025 09:00,9,3,60,20.02,600.95,480.65,20.43,57.46,48.14
01-03-2025 10:00,10,3,60,17.75,750.75,617.51,22.23,59.01,61.38
01-03-2025 11:00,11,3,60,33.96,719.88,475.39,28.34,47.11,57.4
01-03-2025 12:00,12,3,60,26.92,798.13,583.31,26.39,55.72,63.18
01-03-2025 13:00,13,3,60,35.53,708.53,456.79,27.98,58.81,54.79
01-03-2025 14:00,14,3,60,31.4,662.05,454.14,30.21,55,51.39
01-03-2025 15:00,15,3,60,42.95,479.35,273.48,29.51,56.69,37.79
01-03-2025 16:00,16,3,60,22.39,416.04,322.88,26.68,65.32,32.15
01-03-2025 17:00,17,3,60,53.27,155.42,72.64,27.64,72.33,11.96
01-03-2025 18:00,18,3,60,39.27,0,0,25.52,65.52,0
01-03-2025 19:00,19,3,60,29.1,0,0,27.82,50.75,0
01-03-2025 20:00,20,3,60,24.85,0,0,23.83,63.48,0
01-03-2025 21:00,21,3,60,48.47,0,0,21.32,62.84,0
01-03-2025 22:00,22,3,60,3.98,0,0,17.92,52.37,0
01-03-2025 23:00,23,3,60,16.64,0,0,17.64,55.68,0
02-03-2025 00:00,0,3,61,27.65,0,0,11.82,63.65,0
02-03-2025 01:00,1,3,61,24.53,0,0,8.51,70.32,0
02-03-2025 02:00,2,3,61,44.54,0,0,9.52,69.14,0
02-03-2025 03:00,3,3,61,24.28,0,0,12.27,52.88,0
02-03-2025 04:00,4,3,61,49.86,0,0,12.45,64.66,0
02-03-2025 05:00,5,3,61,12.41,0,0,9.11,72.89,0
02-03-2025 06:00,6,3,61,44.74,0,0,13.7,62.33,0
02-03-2025 07:00,7,3,61,16.38,227.03,189.85,14.26,57.28,17.71
02-03-2025 08:00,8,3,61,1.9,492.87,483.5,19.12,54.25,39.66
02-03-2025 09:00,9,3,61,58.63,396.18,163.9,19.57,58.42,32.23
02-03-2025 10:00,10,3,61,17.16,754.6,625.14,21.02,59.1,59.57
02-03-2025 11:00,11,3,61,52.17,588,281.26,28.43,52.57,45.48
02-03-2025 12:00,12,3,61,28.62,785.38,560.64,28.01,54.33,62.07
02-03-2025 13:00,13,3,61,24.97,785.05,589.05,27.62,58.9,61.51
02-03-2025 14:00,14,3,61,33.6,647.82,430.18,30.33,53.56,50.89
02-03-2025 15:00,15,3,61,26.88,564.57,412.83,26.34,64.15,45.1
02-03-2025 16:00,16,3,61,47.6,321.5,168.47,30.68,59.72,25.46
02-03-2025 17:00,17,3,61,31.43,197.8,135.63,25.31,53.95,17
02-03-2025 18:00,18,3,61,48.72,0,0,25.02,56.89,0
02-03-2025 19:00,19,3,61,35.23,0,0,25.08,56.81,0
02-03-2025 20:00,20,3,61,25.26,0,0,23.79,58.64,0
02-03-2025 21:00,21,3,61,53.47,0,0,21.28,56.63,0
02-03-2025 22:00,22,3,61,4.27,0,0,18.63,64.68,0
02-03-2025 23:00,23,3,61,35.13,0,0,15.82,63.18,0
03-03-2025 00:00,0,3,62,47.69,0,0,14.62,62.44,0
03-03-2025 01:00,1,3,62,24.48,0,0,12.87,65.71,0
03-03-2025 02:00,2,3,62,37.09,0,0,13.08,59.3,0
03-03-2025 03:00,3,3,62,56.94,0,0,9.05,62.54,0
03-03-2025 04:00,4,3,62,23.67,0,0,9.52,56.6,0
03-03-2025 05:00,5,3,62,41.99,0,0,7.83,66.39,0
03-03-2025 06:00,6,3,62,27.14,0,0,12.3,68.75,0
03-03-2025 07:00,7,3,62,27.85,204.77,147.75,15.56,61.14,14.95
03-03-2025 08:00,8,3,62,24.71,407.35,306.71,18.83,70.75,32.63
03-03-2025 09:00,9,3,62,45.13,467.77,256.66,23.33,63.77,37.1
03-03-2025 10:00,10,3,62,49.21,546.38,277.49,21.48,54.27,44.38
03-03-2025 11:00,11,3,62,53.66,577.2,267.48,23.54,62.4,45.91
03-03-2025 12:00,12,3,62,41.65,687.65,401.26,29.35,48.2,53.52
03-03-2025 13:00,13,3,62,34.66,714.86,467.11,32.34,53.28,55.45
03-03-2025 14:00,14,3,62,56.94,496.16,213.63,25.68,62.05,39.32
03-03-2025 15:00,15,3,62,36.36,514.27,327.28,31.39,62.89,39.87
03-03-2025 16:00,16,3,62,15.16,443.14,375.94,31.11,56.8,33.96
03-03-2025 17:00,17,3,62,29.6,201.37,141.77,27.23,57.44,14.65
03-03-2025 18:00,18,3,62,80.83,0,0,27.25,52.4,0
03-03-2025 19:00,19,3,62,4.52,0,0,21.86,45.57,0
03-03-2025 20:00,20,3,62,21.35,0,0,23.8,63.47,0
03-03-2025 21:00,21,3,62,36.15,0,0,18.57,67.59,0
03-03-2025 22:00,22,3,62,30.59,0,0,20.59,64.34,0
03-03-2025 23:00,23,3,62,33.55,0,0,15.48,62.22,0
04-03-2025 00:00,0,3,63,38.71,0,0,15.59,60.19,0
04-03-2025 01:00,1,3,63,31.28,0,0,12.77,58.4,0
04-03-2025 02:00,2,3,63,13.06,0,0,10.56,65.5,0
04-03-2025 03:00,3,3,63,0,0,0,10.62,74.65,0
04-03-2025 04:00,4,3,63,48.99,0,0,7.86,69.26,0
04-03-2025 05:00,5,3,63,44.69,0,0,10.66,65.69,0
04-03-2025 06:00,6,3,63,12.12,0,0,14.49,58.73,0
04-03-2025 07:00,7,3,63,31.26,198.14,136.2,17.33,58.33,18.87
04-03-2025 08:00,8,3,63,24.95,406.45,305.06,14.03,63.64,32
04-03-2025 09:00,9,3,63,35.72,517.66,332.75,19.5,61.98,40.58
04-03-2025 10:00,10,3,63,22.56,719.47,557.14,24.86,59.33,57.46
04-03-2025 11:00,11,3,63,17.18,841.49,696.95,22.18,51.19,67.92
04-03-2025 12:00,12,3,63,26.77,799.25,585.31,26.66,51.66,61.92
04-03-2025 13:00,13,3,63,10.58,889.29,795.21,27.26,60.2,70.77
04-03-2025 14:00,14,3,63,77.35,363.65,82.38,26.59,54.21,29.32
04-03-2025 15:00,15,3,63,0,707.11,707.11,29.73,47.96,55.55
04-03-2025 16:00,16,3,63,80.16,199.42,39.57,27.57,57.57,14.71
04-03-2025 17:00,17,3,63,38.22,184.63,114.07,28.18,54.93,15.41
04-03-2025 18:00,18,3,63,11.57,0,0,23.76,62.21,0
04-03-2025 19:00,19,3,63,41.3,0,0,23.22,61.08,0
04-03-2025 20:00,20,3,63,27.36,0,0,23.64,54.31,0
04-03-2025 21:00,21,3,63,8.77,0,0,20.97,53.74,0
04-03-2025 22:00,22,3,63,50.95,0,0,17.91,59.08,0
04-03-2025 23:00,23,3,63,34.35,0,0,14.18,64.42,0
05-03-2025 00:00,0,3,64,21.03,0,0,14.62,59.04,0
05-03-2025 01:00,1,3,64,13.18,0,0,12.84,61.48,0
05-03-2025 02:00,2,3,64,34.46,0,0,10,69.28,0
05-03-2025 03:00,3,3,64,32.94,0,0,8.85,61.98,0
05-03-2025 04:00,4,3,64,0,0,0,10.74,67.23,0
05-03-2025 05:00,5,3,64,15.51,0,0,11.91,69.39,0
05-03-2025 06:00,6,3,64,54.14,0,0,15.38,62.75,0
05-03-2025 07:00,7,3,64,41.86,177.56,103.23,16.34,56.95,16.33
05-03-2025 08:00,8,3,64,39.91,350.36,210.55,17.25,64.03,26.58
05-03-2025 09:00,9,3,64,30.66,544.49,377.53,19.1,65.39,45.22
05-03-2025 10:00,10,3,64,23.42,713.91,546.72,21.57,58.58,58.1
05-03-2025 11:00,11,3,64,21.9,807.29,630.52,27.85,50.02,63.49
05-03-2025 12:00,12,3,64,38.2,713.54,441,28.32,62.27,55.63
05-03-2025 13:00,13,3,64,42.43,658.57,379.16,26.24,51.13,51.69
05-03-2025 14:00,14,3,64,0.8,860.85,854,29.25,58.74,66.77
05-03-2025 15:00,15,3,64,100,176.78,0,33.23,60.24,13
05-03-2025 16:00,16,3,64,19.87,425.49,340.94,29.37,53.55,34.24
05-03-2025 17:00,17,3,64,13.89,231.85,199.64,27.73,54.38,18.67
05-03-2025 18:00,18,3,64,31.62,0,0,28.44,56.43,0.13
05-03-2025 19:00,19,3,64,44.34,0,0,29.74,55.9,0
05-03-2025 20:00,20,3,64,18.41,0,0,26.68,56.4,0
05-03-2025 21:00,21,3,64,44.9,0,0,20.04,61.97,0
05-03-2025 22:00,22,3,64,54.66,0,0,16.43,59.64,0
05-03-2025 23:00,23,3,64,43.03,0,0,15.63,61.01,0
06-03-2025 00:00,0,3,65,54.85,0,0,12.49,60.62,0
06-03-2025 01:00,1,3,65,4.6,0,0,11.15,62.28,0
06-03-2025 02:00,2,3,65,21.61,0,0,6.92,66.83,0
06-03-2025 03:00,3,3,65,20.11,0,0,8.13,74.07,0
06-03-2025 04:00,4,3,65,78.46,0,0,13.94,58.23,0
06-03-2025 05:00,5,3,65,27.45,0,0,9.41,74.64,0
06-03-2025 06:00,6,3,65,4.69,0,0,14.95,63.51,0
06-03-2025 07:00,7,3,65,40.34,180.51,107.7,17.85,70.71,14.84
06-03-2025 08:00,8,3,65,34.5,370.62,242.75,16.11,56.27,28.65
06-03-2025 09:00,9,3,65,13.02,638.08,555.04,19.32,57.93,49.7
06-03-2025 10:00,10,3,65,46.42,564.5,302.44,20.17,55.23,45.54
06-03-2025 11:00,11,3,65,17.53,838.91,691.83,25.8,55.03,66.09
06-03-2025 12:00,12,3,65,44.39,667.06,370.94,27.4,56.75,52.71
06-03-2025 13:00,13,3,65,37.72,692.7,431.44,28.64,60.03,54.7
06-03-2025 14:00,14,3,65,60.4,473.73,187.61,30.94,51.72,38
06-03-2025 15:00,15,3,65,42.34,482.56,278.24,29.12,57.57,37.67
06-03-2025 16:00,16,3,65,10.99,458.79,408.36,30.12,42.89,34.59
06-03-2025 17:00,17,3,65,16.04,227.68,191.15,27.67,51.43,17.73
06-03-2025 18:00,18,3,65,48.89,0,0,31.69,52.74,0.58
06-03-2025 19:00,19,3,65,0,0,0,22.76,58,0
06-03-2025 20:00,20,3,65,34.23,0,0,22.31,56.76,0
06-03-2025 21:00,21,3,65,35.91,0,0,17.67,59.03,0
06-03-2025 22:00,22,3,65,31.89,0,0,19.86,59.12,0
06-03-2025 23:00,23,3,65,46.72,0,0,13.9,64.27,0
07-03-2025 00:00,0,3,66,37.37,0,0,15.94,69.26,0
07-03-2025 01:00,1,3,66,12.42,0,0,7.21,64.01,0
07-03-2025 02:00,2,3,66,3.24,0,0,11.59,65.15,0
07-03-2025 03:00,3,3,66,5.95,0,0,9.39,77.74,0
07-03-2025 04:00,4,3,66,36.22,0,0,8.74,62.48,0
07-03-2025 05:00,5,3,66,18.74,0,0,12.19,58.85,0
07-03-2025 06:00,6,3,66,29.31,0,0,13.85,59.94,0
07-03-2025 07:00,7,3,66,39.03,183.07,111.62,16.95,58.89,13.45
07-03-2025 08:00,8,3,66,39.2,353.01,214.63,18.5,53.16,28.34
07-03-2025 09:00,9,3,66,35.58,518.43,333.98,19.05,58.54,40.36
07-03-2025 10:00,10,3,66,44.18,579.07,323.24,18.83,61.37,46.38
07-03-2025 11:00,11,3,66,0,965.93,965.93,26.08,63.58,75.15
07-03-2025 12:00,12,3,66,40.25,698.12,417.12,29.1,56.58,54.21
07-03-2025 13:00,13,3,66,25.78,779.18,578.32,27.32,49.28,62.92
07-03-2025 14:00,14,3,66,49.16,546.7,277.92,29.62,60.04,42.67
07-03-2025 15:00,15,3,66,24.59,576.71,434.91,28.92,54.89,45.58
07-03-2025 16:00,16,3,66,36.67,362.5,229.58,29.43,42.85,28.48
07-03-2025 17:00,17,3,66,28.71,203.09,144.79,29.17,46.07,15.94
07-03-2025 18:00,18,3,66,52.21,0,0,27.14,61.48,0
07-03-2025 19:00,19,3,66,39.52,0,0,22.98,52.29,0
07-03-2025 20:00,20,3,66,34.52,0,0,20.32,64.21,0
07-03-2025 21:00,21,3,66,0,0,0,19.67,51.29,0
07-03-2025 22:00,22,3,66,43.15,0,0,15.92,59.97,0
07-03-2025 23:00,23,3,66,48.77,0,0,13.81,66.6,0
08-03-2025 00:00,0,3,67,55.63,0,0,9.94,65.16,0
08-03-2025 01:00,1,3,67,46.88,0,0,12.18,65.87,0
08-03-2025 02:00,2,3,67,47.96,0,0,11.64,68.69,0
08-03-2025 03:00,3,3,67,51.43,0,0,14.31,65.15,0
08-03-2025 04:00,4,3,67,0,0,0,7.07,65.85,0
08-03-2025 05:00,5,3,67,53.94,0,0,12.92,62.12,0
08-03-2025 06:00,6,3,67,50.27,0,0,11.56,68.34,0
08-03-2025 07:00,7,3,67,15.55,228.63,193.06,12.75,54.66,17.07
08-03-2025 08:00,8,3,67,21.8,418.26,327.08,17.55,61.73,32.75
08-03-2025 09:00,9,3,67,41.59,486.57,284.23,18.62,63.07,39.28
08-03-2025 10:00,10,3,67,0,866.03,866.03,22.37,50.63,68.19
08-03-2025 11:00,11,3,67,1.54,954.77,940.06,25.38,46.76,75.18
08-03-2025 12:00,12,3,67,29.78,776.67,545.39,27.87,55.47,63.15
08-03-2025 13:00,13,3,67,51.01,596.37,292.15,30.93,44.55,45.38
08-03-2025 14:00,14,3,67,0,866.03,866.03,33.87,50.14,65.76
08-03-2025 15:00,15,3,67,21.1,595.18,469.57,32.08,52.35,46.52
08-03-2025 16:00,16,3,67,16.55,437.95,365.48,27.4,59.01,35.31
08-03-2025 17:00,17,3,67,46.48,168.6,90.24,30.32,50.97,13.92
08-03-2025 18:00,18,3,67,54.35,0,0,25.86,53.61,0
08-03-2025 19:00,19,3,67,21.87,0,0,25.53,64.2,0
08-03-2025 20:00,20,3,67,26.05,0,0,25.08,46.55,0
08-03-2025 21:00,21,3,67,38.48,0,0,17.75,61.22,0
08-03-2025 22:00,22,3,67,37.27,0,0,20.23,63.34,0
08-03-2025 23:00,23,3,67,58.1,0,0,10.88,64.4,0
09-03-2025 00:00,0,3,68,45.5,0,0,11.99,64.6,0
09-03-2025 01:00,1,3,68,44.78,0,0,13.35,55.47,0
09-03-2025 02:00,2,3,68,16.7,0,0,12.74,62.75,0
09-03-2025 03:00,3,3,68,43.67,0,0,8.69,68.1,0
09-03-2025 04:00,4,3,68,41.4,0,0,8.39,59.13,0
09-03-2025 05:00,5,3,68,51.99,0,0,8.19,70.54,0
09-03-2025 06:00,6,3,68,37.71,0,0,11.17,70.93,0
09-03-2025 07:00,7,3,68,51.88,158.11,76.07,13.09,56.34,13.02
09-03-2025 08:00,8,3,68,42.58,340.33,195.42,19.97,64.15,29.6
09-03-2025 09:00,9,3,68,32.63,534.06,359.79,21.68,59,42.7
09-03-2025 10:00,10,3,68,42.5,589.96,339.22,22.84,55.61,47.71
09-03-2025 11:00,11,3,68,7.91,908.61,836.72,22.77,67.14,71.51
09-03-2025 12:00,12,3,68,34.17,743.69,489.53,27.55,55.5,59.14
09-03-2025 13:00,13,3,68,81.21,377.57,70.93,29.4,58.52,28.68
09-03-2025 14:00,14,3,68,43.74,581.95,327.43,30.02,60.7,45.02
09-03-2025 15:00,15,3,68,15.7,623.84,525.88,26.86,51.54,47.67
09-03-2025 16:00,16,3,68,18.01,432.47,354.59,32.64,63.27,32.24
09-03-2025 17:00,17,3,68,3.13,252.74,244.82,28.68,55.16,20.71
09-03-2025 18:00,18,3,68,25.28,0,0,28.49,57.16,0.04
09-03-2025 19:00,19,3,68,9.24,0,0,25.14,64.85,0
09-03-2025 20:00,20,3,68,39.72,0,0,25.72,58.02,0
09-03-2025 21:00,21,3,68,21.15,0,0,16.96,64.2,0
09-03-2025 22:00,22,3,68,33.37,0,0,20.37,53.76,0
09-03-2025 23:00,23,3,68,74.63,0,0,14.53,63.29,0
10-03-2025 00:00,0,3,69,25.29,0,0,14.49,59.21,0
10-03-2025 01:00,1,3,69,24.96,0,0,11.46,72.16,0
10-03-2025 02:00,2,3,69,35.02,0,0,8.85,73.86,0
10-03-2025 03:00,3,3,69,12.9,0,0,6.34,68.81,0
10-03-2025 04:00,4,3,69,7.9,0,0,9.37,73.17,0
10-03-2025 05:00,5,3,69,32.88,0,0,11.74,67.8,0
10-03-2025 06:00,6,3,69,5.97,0,0,12.94,72.56,0
10-03-2025 07:00,7,3,69,47.43,166.75,87.66,15.83,63.18,11.31
10-03-2025 08:00,8,3,69,6.56,475.39,444.19,20.83,56.56,38.29
10-03-2025 09:00,9,3,69,19.9,601.57,481.86,22.04,60.37,48.57
10-03-2025 10:00,10,3,69,30.39,668.63,465.43,23.53,57.94,53.6
10-03-2025 11:00,11,3,69,53.41,579.03,269.79,22.79,60.15,44.57
10-03-2025 12:00,12,3,69,32.62,755.39,509.02,26.24,56.92,61.05
10-03-2025 13:00,13,3,69,6.45,919.19,859.9,27.96,59.88,71.01
10-03-2025 14:00,14,3,69,19.65,738.38,593.28,33.97,58.49,56.05
10-03-2025 15:00,15,3,69,24.25,578.51,438.23,29.6,47.78,45.4
10-03-2025 16:00,16,3,69,3.14,488.24,472.94,28.51,54.88,38.52
10-03-2025 17:00,17,3,69,38.5,184.09,113.22,26.14,52.65,14.4
10-03-2025 18:00,18,3,69,67.07,0,0,29.79,63.11,0
10-03-2025 19:00,19,3,69,17.03,0,0,25.13,57.6,0
10-03-2025 20:00,20,3,69,41.05,0,0,23.77,47.39,0
10-03-2025 21:00,21,3,69,21.37,0,0,19,54.99,0
10-03-2025 22:00,22,3,69,53.03,0,0,19.23,68.21,0
10-03-2025 23:00,23,3,69,27.08,0,0,16.65,65.64,0
11-03-2025 00:00,0,3,70,49.15,0,0,10.91,62.68,0
11-03-2025 01:00,1,3,70,32.55,0,0,10.52,54.79,0
11-03-2025 02:00,2,3,70,58.47,0,0,9.98,72.63,0
11-03-2025 03:00,3,3,70,36.93,0,0,8.84,63.3,0
11-03-2025 04:00,4,3,70,25.88,0,0,7.53,59.37,0
11-03-2025 05:00,5,3,70,35.78,0,0,11.69,66.66,0
11-03-2025 06:00,6,3,70,52.1,0,0,11.4,62.66,0
11-03-2025 07:00,7,3,70,22.59,214.97,166.42,16.04,55.35,16.91
11-03-2025 08:00,8,3,70,50.81,309.48,152.24,16.48,55.98,23.98
11-03-2025 09:00,9,3,70,47.24,456.57,240.88,16.19,68.82,34.54
11-03-2025 10:00,10,3,70,37.04,625.45,393.79,23.64,67.51,49.77
11-03-2025 11:00,11,3,70,51.91,589.87,283.68,21.05,65.73,46.23
11-03-2025 12:00,12,3,70,17.86,866.04,711.35,27.18,69.12,67.69
11-03-2025 13:00,13,3,70,0,965.93,965.93,28.13,53.44,75.62
11-03-2025 14:00,14,3,70,0,866.03,866.03,31.55,56.55,67.51
11-03-2025 15:00,15,3,70,33.47,529.59,352.32,29.68,54.97,39.6
11-03-2025 16:00,16,3,70,26.77,399.6,292.62,26.31,52.76,31.52
11-03-2025 17:00,17,3,70,33.26,194.26,129.66,30.01,57.69,15.47
11-03-2025 18:00,18,3,70,14.48,0,0,29.83,49.87,0.04
11-03-2025 19:00,19,3,70,17.07,0,0,26.09,53.67,0
11-03-2025 20:00,20,3,70,0,0,0,20.86,62.96,0
11-03-2025 21:00,21,3,70,41.86,0,0,22.21,51.66,0
11-03-2025 22:00,22,3,70,15.91,0,0,17.91,62.05,0
11-03-2025 23:00,23,3,70,40.99,0,0,12.54,50.79,0
12-03-2025 00:00,0,3,71,42.78,0,0,14.73,70.21,0
12-03-2025 01:00,1,3,71,45.97,0,0,12.16,63.52,0
12-03-2025 02:00,2,3,71,21.55,0,0,11.31,59.85,0
12-03-2025 03:00,3,3,71,21.83,0,0,10.26,70.14,0
12-03-2025 04:00,4,3,71,31.89,0,0,13.06,63.87,0
12-03-2025 05:00,5,3,71,38.59,0,0,10.72,60.93,0
12-03-2025 06:00,6,3,71,39.06,0,0,12.56,60.34,0
12-03-2025 07:00,7,3,71,33.71,193.39,128.2,14.84,57.11,15.69
12-03-2025 08:00,8,3,71,36.22,364.19,232.29,18.39,68.79,29.29
12-03-2025 09:00,9,3,71,0,707.11,707.11,22.09,49.8,55.56
12-03-2025 10:00,10,3,71,12.55,784.5,686.03,25.45,61.7,62.67
12-03-2025 11:00,11,3,71,17.72,837.55,689.14,23.12,53.54,66.71
12-03-2025 12:00,12,3,71,29.02,782.32,555.25,27.51,61.42,63.51
12-03-2025 13:00,13,3,71,14.96,857.56,729.29,28.16,66.5,68.36
12-03-2025 14:00,14,3,71,22.36,720.8,559.63,27.58,46.11,56.78
12-03-2025 15:00,15,3,71,76.88,299.39,69.22,27.86,56.5,23.68
12-03-2025 16:00,16,3,71,28.16,394.39,283.31,29.71,58.03,31.26
12-03-2025 17:00,17,3,71,58.61,145.05,60.04,25.55,67.4,11.19
12-03-2025 18:00,18,3,71,28.58,0,0,23.47,47.91,1
12-03-2025 19:00,19,3,71,47.41,0,0,25.49,48.75,0
12-03-2025 20:00,20,3,71,32.28,0,0,22.83,53.96,0
12-03-2025 21:00,21,3,71,48.39,0,0,21.96,49.38,0
12-03-2025 22:00,22,3,71,15.46,0,0,17.02,59.42,0
12-03-2025 23:00,23,3,71,42.41,0,0,14.37,69.78,0
13-03-2025 00:00,0,3,72,40.81,0,0,11.03,73.73,0
13-03-2025 01:00,1,3,72,0,0,0,10.9,70.74,0
13-03-2025 02:00,2,3,72,33.24,0,0,11.8,62.92,0
13-03-2025 03:00,3,3,72,42.71,0,0,10.14,64.87,0
13-03-2025 04:00,4,3,72,13.82,0,0,6.6,77,0
13-03-2025 05:00,5,3,72,43.05,0,0,10.88,61.78,0
13-03-2025 06:00,6,3,72,44.49,0,0,13.08,58.8,0
13-03-2025 07:00,7,3,72,50.44,160.91,79.75,12.29,57.59,14.74
13-03-2025 08:00,8,3,72,33,376.26,252.11,18.45,53.4,29.88
13-03-2025 09:00,9,3,72,11.91,643.94,567.25,16,52.07,51.14
13-03-2025 10:00,10,3,72,25.74,698.87,519.01,22.37,54.82,54.84
13-03-2025 11:00,11,3,72,59.21,537.02,219.08,24.72,71.22,42.18
13-03-2025 12:00,12,3,72,39.27,705.44,428.39,28.69,52.96,55.85
13-03-2025 13:00,13,3,72,61.78,518.35,198.1,27.74,63.9,42.73
13-03-2025 14:00,14,3,72,18.39,746.6,609.33,27.83,56.78,58.91
13-03-2025 15:00,15,3,72,17.23,615.73,509.64,27.74,65.49,48.02
13-03-2025 16:00,16,3,72,46.57,325.36,173.84,28.39,57.75,24.76
13-03-2025 17:00,17,3,72,34.17,192.49,126.71,30.09,47.09,14.89
13-03-2025 18:00,18,3,72,21.89,0,0,26.31,49.6,0.26
13-03-2025 19:00,19,3,72,22.37,0,0,25.25,60.56,0
13-03-2025 20:00,20,3,72,44.73,0,0,25.36,55.52,0
13-03-2025 21:00,21,3,72,19.27,0,0,22.61,56.14,0
13-03-2025 22:00,22,3,72,56.46,0,0,15.91,62.78,0
13-03-2025 23:00,23,3,72,46.65,0,0,10.84,61.45,0
14-03-2025 00:00,0,3,73,22.03,0,0,16.43,63.26,0
14-03-2025 01:00,1,3,73,40.78,0,0,10.83,61.74,0
14-03-2025 02:00,2,3,73,45.67,0,0,10.14,64.31,0
14-03-2025 03:00,3,3,73,28.67,0,0,7.55,68.68,0
14-03-2025 04:00,4,3,73,73.37,0,0,8.63,68.52,0
14-03-2025 05:00,5,3,73,43.99,0,0,12.6,65.09,0
14-03-2025 06:00,6,3,73,38.47,0,0,14.36,63.47,0
14-03-2025 07:00,7,3,73,31.07,198.5,136.82,16.62,56.95,14.12
14-03-2025 08:00,8,3,73,33.63,373.87,248.13,16.14,61.89,29.58
14-03-2025 09:00,9,3,73,0.89,702.37,696.1,21.19,60.48,56.63
14-03-2025 10:00,10,3,73,15.26,766.92,649.89,22.52,57.59,62.01
14-03-2025 11:00,11,3,73,10.97,886.45,789.19,24.63,55.22,70.39
14-03-2025 12:00,12,3,73,4.15,968.84,928.58,25.96,59.68,77.18
14-03-2025 13:00,13,3,73,50.19,602.33,300.02,27.59,56.81,47.85
14-03-2025 14:00,14,3,73,30.29,669.29,466.57,31.42,62.72,52.58
14-03-2025 15:00,15,3,73,21.36,593.85,467.02,30.02,49.51,47.19
14-03-2025 16:00,16,3,73,19.22,427.92,345.67,27.78,54.7,33.18
14-03-2025 17:00,17,3,73,54.86,152.33,68.77,29,53.83,12.8
14-03-2025 18:00,18,3,73,45.21,0,0,25.59,64.96,0.77
14-03-2025 19:00,19,3,73,36.15,0,0,25.23,50.33,0
14-03-2025 20:00,20,3,73,38.64,0,0,23.23,64.85,0
14-03-2025 21:00,21,3,73,64.93,0,0,20.15,60.66,0
14-03-2025 22:00,22,3,73,23.43,0,0,18.23,54,0
14-03-2025 23:00,23,3,73,44.08,0,0,11.92,61.92,0
15-03-2025 00:00,0,3,74,63.22,0,0,14.51,73.48,0
15-03-2025 01:00,1,3,74,57.46,0,0,11.27,75.27,0
15-03-2025 02:00,2,3,74,51.67,0,0,12.49,60.34,0
15-03-2025 03:00,3,3,74,34.64,0,0,7.44,75.6,0
15-03-2025 04:00,4,3,74,56.22,0,0,10.47,73.08,0
15-03-2025 05:00,5,3,74,43.43,0,0,8.41,70.17,0
15-03-2025 06:00,6,3,74,0.19,0,0,13.11,62.66,0
15-03-2025 07:00,7,3,74,41.41,178.44,104.55,15.24,57.27,12.95
15-03-2025 08:00,8,3,74,30.37,386.13,268.87,16.32,67.26,30.05
15-03-2025 09:00,9,3,74,14.22,631.69,541.86,18.41,58.35,49.77
15-03-2025 10:00,10,3,74,14.32,772.99,662.27,22.22,62.85,61.59
15-03-2025 11:00,11,3,74,52.64,584.54,276.81,24.42,49.14,48.25
15-03-2025 12:00,12,3,74,0.99,992.57,982.75,24.77,54.09,78.49
15-03-2025 13:00,13,3,74,14.32,862.18,738.71,25.76,50.18,68.4
15-03-2025 14:00,14,3,74,35.24,637.12,412.58,28.57,54.99,49.43
15-03-2025 15:00,15,3,74,43.96,473.98,265.63,30.55,54,35.69
15-03-2025 16:00,16,3,74,10.3,461.39,413.88,30.54,48.23,35.33
15-03-2025 17:00,17,3,74,15.68,228.39,192.58,27.18,46.88,18.56
15-03-2025 18:00,18,3,74,19.81,0,0,26.86,61.15,1.41
15-03-2025 19:00,19,3,74,30.81,0,0,27.74,54.94,0
15-03-2025 20:00,20,3,74,15.48,0,0,21.94,56.18,0
15-03-2025 21:00,21,3,74,0,0,0,19.32,60.28,0
15-03-2025 22:00,22,3,74,49.95,0,0,16.86,61.37,0
15-03-2025 23:00,23,3,74,38.74,0,0,18.75,57.19,0
16-03-2025 00:00,0,3,75,24.04,0,0,16.12,67.99,0
16-03-2025 01:00,1,3,75,1.15,0,0,9.63,67.37,0
16-03-2025 02:00,2,3,75,50.19,0,0,10.81,66.88,0
16-03-2025 03:00,3,3,75,1.48,0,0,12.21,62.8,0
16-03-2025 04:00,4,3,75,0.57,0,0,11.43,60.59,0
16-03-2025 05:00,5,3,75,8.9,0,0,10.03,70.89,0
16-03-2025 06:00,6,3,75,14.3,0,0,12.49,53.93,0
16-03-2025 07:00,7,3,75,43.84,173.71,97.55,13.43,65.86,16.72
16-03-2025 08:00,8,3,75,5.8,478.25,450.52,19.14,65.8,37.26
16-03-2025 09:00,9,3,75,15.42,625.32,528.88,17.8,68.29,49.49
16-03-2025 10:00,10,3,75,76.77,367.41,85.36,19.64,59.42,29.93
16-03-2025 11:00,11,3,75,28.45,759.79,543.59,25.81,53.41,62.59
16-03-2025 12:00,12,3,75,34.17,743.74,489.61,30.27,51.19,59
16-03-2025 13:00,13,3,75,30.64,743.95,515.99,28.87,64.27,57.79
16-03-2025 14:00,14,3,75,37.25,624.09,391.62,33.27,55.7,47.54
16-03-2025 15:00,15,3,75,61.62,380.3,145.94,30.15,55.56,31.54
16-03-2025 16:00,16,3,75,18.7,429.87,349.47,29.76,54.26,33.96
16-03-2025 17:00,17,3,75,20.43,219.16,174.39,28.73,58.74,16.49
16-03-2025 18:00,18,3,75,29.28,0,0,25.35,60.09,0
16-03-2025 19:00,19,3,75,8.11,0,0,26.98,56.18,0
16-03-2025 20:00,20,3,75,24,0,0,22.59,52.05,0
16-03-2025 21:00,21,3,75,53.67,0,0,20.51,61.93,0
16-03-2025 22:00,22,3,75,53.89,0,0,17.96,59.59,0
16-03-2025 23:00,23,3,75,17.77,0,0,15.3,64.68,0
17-03-2025 00:00,0,3,76,1,0,0,14.92,60.99,0
17-03-2025 01:00,1,3,76,5.18,0,0,10.38,63.53,0
17-03-2025 02:00,2,3,76,47.78,0,0,12.53,59.44,0
17-03-2025 03:00,3,3,76,29.37,0,0,12.8,70.39,0
17-03-2025 04:00,4,3,76,54.84,0,0,11.09,63.19,0
17-03-2025 05:00,5,3,76,34.47,0,0,9.32,64.17,0
17-03-2025 06:00,6,3,76,37.91,0,0,12.21,54.06,0
17-03-2025 07:00,7,3,76,35.03,190.81,123.96,9.34,74.36,11.22
17-03-2025 08:00,8,3,76,48.7,317.38,162.82,16.93,62.43,28.01
17-03-2025 09:00,9,3,76,38.86,501.01,306.31,19.32,57.78,39.4
17-03-2025 10:00,10,3,76,0.26,864.35,862.11,20.14,56.05,68.39
17-03-2025 11:00,11,3,76,61,524.03,204.38,25.44,56.77,42.46
17-03-2025 12:00,12,3,76,0,1000,1000,26.85,50.94,78.99
17-03-2025 13:00,13,3,76,22.67,801.67,619.91,29.17,55.81,63.53
17-03-2025 14:00,14,3,76,41.04,599.48,353.47,32.52,54.4,47.84
17-03-2025 15:00,15,3,76,20.9,596.27,471.64,27.82,61.75,49.6
17-03-2025 16:00,16,3,76,0,500,500,28.3,57.16,39.07
17-03-2025 17:00,17,3,76,0,258.82,258.82,26.67,60.5,19.62
17-03-2025 18:00,18,3,76,31.04,0,0,27,49.98,0.46
17-03-2025 19:00,19,3,76,50.28,0,0,26.24,48.14,0
17-03-2025 20:00,20,3,76,12.08,0,0,23.75,55.89,0
17-03-2025 21:00,21,3,76,33.05,0,0,20.98,55.93,0
17-03-2025 22:00,22,3,76,24.41,0,0,16.71,63.53,0
17-03-2025 23:00,23,3,76,38.12,0,0,15.81,67.92,0
18-03-2025 00:00,0,3,77,0,0,0,16.43,61.11,0
18-03-2025 01:00,1,3,77,12.7,0,0,16.06,59.1,0
18-03-2025 02:00,2,3,77,55.25,0,0,9.93,67.79,0
18-03-2025 03:00,3,3,77,29.63,0,0,12.5,70.67,0
18-03-2025 04:00,4,3,77,63.19,0,0,10.39,69.71,0
18-03-2025 05:00,5,3,77,47.65,0,0,14.32,59.21,0
18-03-2025 06:00,6,3,77,54.37,0,0,15.96,66.24,0
18-03-2025 07:00,7,3,77,42.15,177,102.39,15.48,61.01,14.21
18-03-2025 08:00,8,3,77,92.43,153.4,11.62,18.2,62.66,12.31
18-03-2025 09:00,9,3,77,25.76,570.47,423.5,17.75,65.1,45.06
18-03-2025 10:00,10,3,77,31.61,660.74,451.91,22.3,44.33,52.69
18-03-2025 11:00,11,3,77,0,965.93,965.93,23.93,54.32,75.01
18-03-2025 12:00,12,3,77,14.48,891.38,762.29,27.81,62.01,70.19
18-03-2025 13:00,13,3,77,59.74,533.12,214.61,31.98,57.08,42.1
18-03-2025 14:00,14,3,77,22.13,722.27,562.41,27.43,51.47,57.08
18-03-2025 15:00,15,3,77,24.16,578.98,439.1,31.62,46.36,44.66
18-03-2025 16:00,16,3,77,19.32,427.56,344.96,28.25,54.61,33.48
18-03-2025 17:00,17,3,77,24.61,211.05,159.11,28.11,43.44,16.83
18-03-2025 18:00,18,3,77,38.85,0,0,26.6,55.54,0
18-03-2025 19:00,19,3,77,62.13,0,0,24.43,65.01,0
18-03-2025 20:00,20,3,77,22.12,0,0,22.34,63.68,0
18-03-2025 21:00,21,3,77,33.87,0,0,18.54,59.93,0
18-03-2025 22:00,22,3,77,0,0,0,16.99,64.79,0
18-03-2025 23:00,23,3,77,22.31,0,0,13.16,63.44,0
19-03-2025 00:00,0,3,78,38.59,0,0,12.87,62.49,0
19-03-2025 01:00,1,3,78,4.22,0,0,11.67,69.12,0
19-03-2025 02:00,2,3,78,49.26,0,0,10.44,60.26,0
19-03-2025 03:00,3,3,78,56.18,0,0,8.87,59.99,0
19-03-2025 04:00,4,3,78,15.39,0,0,11.43,57.92,0
19-03-2025 05:00,5,3,78,4.74,0,0,10.91,68.31,0
19-03-2025 06:00,6,3,78,11.02,0,0,8.38,60.25,0
19-03-2025 07:00,7,3,78,54.92,152.2,68.61,15.63,63.08,12.37
19-03-2025 08:00,8,3,78,24.48,408.21,308.29,17.31,59.79,33.02
19-03-2025 09:00,9,3,78,58.02,399.42,167.68,17.51,61.3,30.88
19-03-2025 10:00,10,3,78,67.64,426.72,138.11,23.49,58.25,34.41
19-03-2025 11:00,11,3,78,0,965.93,965.93,25.16,52.2,77.95
19-03-2025 12:00,12,3,78,23.94,820.46,624.05,28.51,53.86,65.86
19-03-2025 13:00,13,3,78,0,965.93,965.93,25.75,58.84,75.74
19-03-2025 14:00,14,3,78,51.61,530.83,256.88,25.82,64.06,41.36
19-03-2025 15:00,15,3,78,57.06,404.51,173.7,27.89,56.7,30.89
19-03-2025 16:00,16,3,78,16.59,437.79,365.15,33.79,45.23,35.59
19-03-2025 17:00,17,3,78,22.02,216.08,168.5,25.29,59.51,18.25
19-03-2025 18:00,18,3,78,30.84,0,0,27.23,65.38,0.77
19-03-2025 19:00,19,3,78,46.74,0,0,23.21,54.95,0
19-03-2025 20:00,20,3,78,37.99,0,0,22.32,55.67,0
19-03-2025 21:00,21,3,78,85.97,0,0,19.43,60.87,0
19-03-2025 22:00,22,3,78,44.03,0,0,17.83,60.15,0
19-03-2025 23:00,23,3,78,18.56,0,0,14.69,68.98,0
20-03-2025 00:00,0,3,79,37.62,0,0,13.21,61.95,0
20-03-2025 01:00,1,3,79,25.19,0,0,13.55,62.69,0
20-03-2025 02:00,2,3,79,19.43,0,0,11.35,70.58,0
20-03-2025 03:00,3,3,79,31.42,0,0,8.52,73.15,0
20-03-2025 04:00,4,3,79,43.44,0,0,11.95,61.32,0
20-03-2025 05:00,5,3,79,12.6,0,0,10.88,72.38,0
20-03-2025 06:00,6,3,79,15.21,0,0,11.29,64.49,0
20-03-2025 07:00,7,3,79,9.59,240.21,217.19,14.8,53.25,20.08
20-03-2025 08:00,8,3,79,35.22,367.94,238.37,18.89,57.59,30.75
20-03-2025 09:00,9,3,79,31.24,541.45,372.31,17.27,56.54,42.86
20-03-2025 10:00,10,3,79,68.27,422.59,134.08,22.09,57.32,31.35
20-03-2025 11:00,11,3,79,30.21,747.04,521.32,21.21,61.01,59.72
20-03-2025 12:00,12,3,79,33.88,745.91,493.21,28.18,54.6,59.13
20-03-2025 13:00,13,3,79,44.23,645.51,360.01,31.53,50.39,49.52
20-03-2025 14:00,14,3,79,38.95,613.06,374.29,26.53,53.84,48.38
20-03-2025 15:00,15,3,79,59.12,393.59,160.91,29.57,58.34,32.2
20-03-2025 16:00,16,3,79,23.09,413.41,317.94,30.95,53.87,32.31
20-03-2025 17:00,17,3,79,40.42,180.35,107.44,29.42,52.72,12.26
20-03-2025 18:00,18,3,79,21.53,0,0,25.91,53.61,0.83
20-03-2025 19:00,19,3,79,22.51,0,0,24.47,59.35,0
20-03-2025 20:00,20,3,79,30.02,0,0,22.21,55.33,0
20-03-2025 21:00,21,3,79,19.92,0,0,18.19,51.11,0
20-03-2025 22:00,22,3,79,31.71,0,0,16.14,61.43,0
20-03-2025 23:00,23,3,79,27.94,0,0,13.64,56.28,0
21-03-2025 00:00,0,3,80,44.15,0,0,12.35,55.81,0
21-03-2025 01:00,1,3,80,25.28,0,0,12.3,54.39,0
21-03-2025 02:00,2,3,80,30.14,0,0,9.38,67.03,0
21-03-2025 03:00,3,3,80,22.5,0,0,7.95,66.92,0
21-03-2025 04:00,4,3,80,51.36,0,0,12.88,59.62,0
21-03-2025 05:00,5,3,80,47.76,0,0,10.22,67.19,0
21-03-2025 06:00,6,3,80,18.78,0,0,12.26,65.64,0
21-03-2025 07:00,7,3,80,3.79,251.46,241.92,15.94,52.58,19.71
21-03-2025 08:00,8,3,80,27.8,395.76,285.75,18.39,57.46,33.15
21-03-2025 09:00,9,3,80,40.28,493.5,294.73,19.7,67.66,40.25
21-03-2025 10:00,10,3,80,42.74,588.45,336.97,19.99,60.49,46.15
21-03-2025 11:00,11,3,80,22.36,803.96,624.21,23.12,56.11,64.34
21-03-2025 12:00,12,3,80,41.32,690.07,404.91,26.51,60.81,55.13
21-03-2025 13:00,13,3,80,5.06,929.26,882.22,30.24,60.97,72.15
21-03-2025 14:00,14,3,80,52,528.29,253.59,31.53,56.43,42.02
21-03-2025 15:00,15,3,80,32.85,532.89,357.83,29.91,52.98,40.75
21-03-2025 16:00,16,3,80,50.78,309.57,152.36,29.94,57.79,25.43
21-03-2025 17:00,17,3,80,31.12,198.42,136.68,30.63,57.75,15.96
21-03-2025 18:00,18,3,80,8.75,0,0,28.76,62.06,1.08
21-03-2025 19:00,19,3,80,0,0,0,22.96,52.12,0
21-03-2025 20:00,20,3,80,20.71,0,0,26.08,60.26,0
21-03-2025 21:00,21,3,80,49.5,0,0,22.74,58.6,0
21-03-2025 22:00,22,3,80,9.41,0,0,17.31,58.06,0
21-03-2025 23:00,23,3,80,26.35,0,0,11.66,64.77,0
22-03-2025 00:00,0,3,81,29.06,0,0,10.8,57.82,0
22-03-2025 01:00,1,3,81,13.82,0,0,10.02,56.06,0
22-03-2025 02:00,2,3,81,17.07,0,0,10.35,69.02,0
22-03-2025 03:00,3,3,81,4.98,0,0,11.37,63.97,0
22-03-2025 04:00,4,3,81,10.52,0,0,11.86,68.83,0
22-03-2025 05:00,5,3,81,29.95,0,0,11.56,58.87,0
22-03-2025 06:00,6,3,81,39.98,0,0,14.53,57.73,0
22-03-2025 07:00,7,3,81,0,258.82,258.82,16.08,59.31,21.31
22-03-2025 08:00,8,3,81,49.62,313.92,158.15,17.34,65.29,24.36
22-03-2025 09:00,9,3,81,44.63,470.41,260.45,18.41,48.35,38.76
22-03-2025 10:00,10,3,81,17.92,749.62,615.27,23.75,50.16,61.1
22-03-2025 11:00,11,3,81,24.23,790.43,598.95,27.36,59.7,64.07
22-03-2025 12:00,12,3,81,0,1000,1000,25.48,57.85,78.93
22-03-2025 13:00,13,3,81,42.27,659.71,380.86,28.82,65.55,51.54
22-03-2025 14:00,14,3,81,19.98,736.27,589.19,29.24,60.27,58.38
22-03-2025 15:00,15,3,81,66.11,356.49,120.8,30.44,44.17,28.27
22-03-2025 16:00,16,3,81,0,500,500,26.7,57.97,40.67
22-03-2025 17:00,17,3,81,20.85,218.34,172.8,31.64,54.1,18.3
22-03-2025 18:00,18,3,81,29.44,0,0,25.75,62.07,0.6
22-03-2025 19:00,19,3,81,0,0,0,25.14,59.17,0
22-03-2025 20:00,20,3,81,16.44,0,0,23.87,52.42,0
22-03-2025 21:00,21,3,81,27.7,0,0,17.42,61.46,0
22-03-2025 22:00,22,3,81,58.43,0,0,16.72,59.29,0
22-03-2025 23:00,23,3,81,7.46,0,0,15.44,56.65,0
23-03-2025 00:00,0,3,82,29.25,0,0,13.64,65.28,0
23-03-2025 01:00,1,3,82,44.45,0,0,13.86,57.81,0
23-03-2025 02:00,2,3,82,26.66,0,0,14.92,69.48,0
23-03-2025 03:00,3,3,82,36,0,0,6.39,70.81,0
23-03-2025 04:00,4,3,82,30.73,0,0,7.96,61,0
23-03-2025 05:00,5,3,82,62.33,0,0,11.99,78.04,0
23-03-2025 06:00,6,3,82,37.95,0,0,13.98,55.13,0
23-03-2025 07:00,7,3,82,28.41,203.67,145.8,13.99,64.25,15.53
23-03-2025 08:00,8,3,82,44.62,332.68,184.24,15.13,56.62,26.17
23-03-2025 09:00,9,3,82,35.96,516.39,330.68,16.97,57.8,43.36
23-03-2025 10:00,10,3,82,25.77,698.68,518.66,18.51,59.41,55.12
23-03-2025 11:00,11,3,82,19.64,823.63,661.85,23.95,56.78,67.25
23-03-2025 12:00,12,3,82,56.78,574.13,248.12,29.5,58.63,44.87
23-03-2025 13:00,13,3,82,67.52,476.75,154.83,26.88,47.6,37.63
23-03-2025 14:00,14,3,82,43.27,584.95,331.82,28.14,58.76,46.29
23-03-2025 15:00,15,3,82,0,707.11,707.11,30.29,64.25,53.86
23-03-2025 16:00,16,3,82,32.84,376.87,253.12,30.2,52.27,29.14
23-03-2025 17:00,17,3,82,5.91,247.34,232.72,28.87,53.82,21.73
23-03-2025 18:00,18,3,82,18.42,0,0,26.5,53.17,0.28
23-03-2025 19:00,19,3,82,49.92,0,0,24.58,62.89,0
23-03-2025 20:00,20,3,82,33.45,0,0,22.36,52.04,0
23-03-2025 21:00,21,3,82,23.17,0,0,21.89,58.69,0
23-03-2025 22:00,22,3,82,46.27,0,0,16.8,65.01,0
23-03-2025 23:00,23,3,82,13.2,0,0,12.66,66.72,0
24-03-2025 00:00,0,3,83,33.23,0,0,16.2,48.53,0
24-03-2025 01:00,1,3,83,29.7,0,0,16.19,53.11,0
24-03-2025 02:00,2,3,83,10.35,0,0,10.33,69.92,0
24-03-2025 03:00,3,3,83,26.46,0,0,8.17,65.82,0
24-03-2025 04:00,4,3,83,40.46,0,0,14.03,67.13,0
24-03-2025 05:00,5,3,83,78.59,0,0,14,63.03,0
24-03-2025 06:00,6,3,83,26.37,0,0,10.88,70.19,0
24-03-2025 07:00,7,3,83,74.85,113.53,28.55,15.5,63.87,9.72
24-03-2025 08:00,8,3,83,16.59,437.78,365.15,14.31,67.1,36.12
24-03-2025 09:00,9,3,83,0,707.11,707.11,20.06,55.21,57.2
24-03-2025 10:00,10,3,83,32.7,653.61,439.85,20.72,58.98,52.12
24-03-2025 11:00,11,3,83,34.44,716.45,469.73,25.05,56.36,57.61
24-03-2025 12:00,12,3,83,27.84,791.21,570.95,27.29,60.32,62.03
24-03-2025 13:00,13,3,83,17.89,836.3,686.67,31.02,40.49,63.87
24-03-2025 14:00,14,3,83,0,866.03,866.03,25.7,51.11,69.77
24-03-2025 15:00,15,3,83,44,473.76,265.31,33.48,53.82,38.11
24-03-2025 16:00,16,3,83,66.62,250.16,83.49,29.46,49.67,19.26
24-03-2025 17:00,17,3,83,38.31,184.45,113.78,27.13,54.82,15.7
24-03-2025 18:00,18,3,83,54.02,0,0,32.24,54.95,1.12
24-03-2025 19:00,19,3,83,54.47,0,0,21.62,58.64,0
24-03-2025 20:00,20,3,83,52.75,0,0,22.07,57.11,0
24-03-2025 21:00,21,3,83,50.99,0,0,19.14,54.98,0
24-03-2025 22:00,22,3,83,0,0,0,15.62,66.36,0
24-03-2025 23:00,23,3,83,49.89,0,0,15.86,54.16,0
25-03-2025 00:00,0,3,84,23.98,0,0,13.75,67.32,0
25-03-2025 01:00,1,3,84,19.23,0,0,13.86,62.34,0
25-03-2025 02:00,2,3,84,48.65,0,0,10.97,63.31,0
25-03-2025 03:00,3,3,84,24.58,0,0,7.47,59.74,0
25-03-2025 04:00,4,3,84,0,0,0,13.99,63.49,0
25-03-2025 05:00,5,3,84,33.67,0,0,8.71,65.89,0
25-03-2025 06:00,6,3,84,25.93,0,0,12.19,65.88,0
25-03-2025 07:00,7,3,84,42.02,177.25,102.76,16.01,56.41,15.26
25-03-2025 08:00,8,3,84,1.67,493.72,485.45,15.31,54.9,37.8
25-03-2025 09:00,9,3,84,39.85,495.76,298.19,18.85,55.68,39.52
25-03-2025 10:00,10,3,84,17.08,755.06,626.07,20.75,61.87,58.52
25-03-2025 11:00,11,3,84,56.03,560.01,246.22,25.62,55.75,46.1
25-03-2025 12:00,12,3,84,39.28,705.42,428.35,30.12,64.33,53.4
25-03-2025 13:00,13,3,84,24.51,788.39,595.18,29.06,58.32,62.11
25-03-2025 14:00,14,3,84,21.44,726.78,570.96,30.05,58.77,56.43
25-03-2025 15:00,15,3,84,34.99,521.56,339.08,28.62,53.32,41.6
25-03-2025 16:00,16,3,84,62.78,264.56,98.46,31.42,48.65,21.23
25-03-2025 17:00,17,3,84,36.66,187.66,118.87,29.76,58.78,14.64
25-03-2025 18:00,18,3,84,10.45,0,0,26.15,56.04,1.71
25-03-2025 19:00,19,3,84,30.99,0,0,27.23,58.91,0
25-03-2025 20:00,20,3,84,10.7,0,0,22.96,60.65,0
25-03-2025 21:00,21,3,84,41.09,0,0,20.08,55.29,0
25-03-2025 22:00,22,3,84,26.05,0,0,17.41,60.24,0
25-03-2025 23:00,23,3,84,38.11,0,0,14.92,62.96,0
26-03-2025 00:00,0,3,85,21.95,0,0,17.36,64.82,0
26-03-2025 01:00,1,3,85,25.28,0,0,12.84,69.71,0
26-03-2025 02:00,2,3,85,31.04,0,0,6.9,72.63,0
26-03-2025 03:00,3,3,85,33.08,0,0,11.4,63.35,0
26-03-2025 04:00,4,3,85,30.92,0,0,10.42,68.34,0
26-03-2025 05:00,5,3,85,38.47,0,0,10.54,63.76,0
26-03-2025 06:00,6,3,85,0,0,0,9.76,68.02,0
26-03-2025 07:00,7,3,85,37.62,185.79,115.89,14.11,53.47,14.04
26-03-2025 08:00,8,3,85,45.39,329.77,180.08,16.81,55.94,26.51
26-03-2025 09:00,9,3,85,8.9,659.89,601.14,21.24,58.17,52.61
26-03-2025 10:00,10,3,85,55.98,502.45,221.19,24.88,56.06,41.5
26-03-2025 11:00,11,3,85,21.72,808.59,632.98,27.26,57.5,64.54
26-03-2025 12:00,12,3,85,11.24,915.71,812.79,26.34,57.97,73.92
26-03-2025 13:00,13,3,85,62.04,516.49,196.07,25.3,59.47,41.26
26-03-2025 14:00,14,3,85,48.5,551,283.75,27.31,59.44,43.96
26-03-2025 15:00,15,3,85,31.93,537.77,366.06,30.84,58.18,40.85
26-03-2025 16:00,16,3,85,21.49,419.4,329.25,31.05,54.37,32
26-03-2025 17:00,17,3,85,60.79,140.81,55.21,25.87,65.16,11.84
26-03-2025 18:00,18,3,85,39.39,0,0,25.67,46.59,0
26-03-2025 19:00,19,3,85,14.22,0,0,26.84,56.92,0
26-03-2025 20:00,20,3,85,91.6,0,0,22.64,49.74,0
26-03-2025 21:00,21,3,85,13.68,0,0,15.44,62.34,0
26-03-2025 22:00,22,3,85,54.96,0,0,18.42,58.9,0
26-03-2025 23:00,23,3,85,56.74,0,0,12.99,57.56,0
27-03-2025 00:00,0,3,86,17.13,0,0,13.87,64.81,0
27-03-2025 01:00,1,3,86,63.96,0,0,8.7,68.55,0
27-03-2025 02:00,2,3,86,50.35,0,0,10.4,70.08,0
27-03-2025 03:00,3,3,86,21,0,0,14.03,68.78,0
27-03-2025 04:00,4,3,86,16.04,0,0,12.61,74.28,0
27-03-2025 05:00,5,3,86,22.28,0,0,12.2,61.24,0
27-03-2025 06:00,6,3,86,8.14,0,0,13.09,64.7,0
27-03-2025 07:00,7,3,86,28.3,203.89,146.19,17.29,67.98,15.3
27-03-2025 08:00,8,3,86,46.02,327.43,176.75,17.05,62.39,26.4
27-03-2025 09:00,9,3,86,5.97,675.47,635.17,21.61,75.11,54.28
27-03-2025 10:00,10,3,86,35.86,633.12,406.09,21.98,52.51,52.41
27-03-2025 11:00,11,3,86,3.68,939.26,904.68,24.26,64.48,74.94
27-03-2025 12:00,12,3,86,13.28,900.43,780.9,28.59,59.19,70.27
27-03-2025 13:00,13,3,86,19.25,826.48,667.39,30.8,51.1,62.54
27-03-2025 14:00,14,3,86,20.09,735.52,587.74,28.98,57.19,58.44
27-03-2025 15:00,15,3,86,48.99,447.29,228.15,30.73,52.51,33.86
27-03-2025 16:00,16,3,86,34.1,372.13,245.24,30.96,53.73,29.08
27-03-2025 17:00,17,3,86,0,258.82,258.82,31.75,54.74,20.35
27-03-2025 18:00,18,3,86,21.79,0,0,23.26,57.66,0
27-03-2025 19:00,19,3,86,18.68,0,0,25.11,60.93,0
27-03-2025 20:00,20,3,86,4.24,0,0,23.62,50.73,0
27-03-2025 21:00,21,3,86,33.9,0,0,21.01,55.31,0
27-03-2025 22:00,22,3,86,9.64,0,0,23.91,58.64,0
27-03-2025 23:00,23,3,86,43.62,0,0,17.52,64.76,0
28-03-2025 00:00,0,3,87,29.97,0,0,13.41,56.69,0
28-03-2025 01:00,1,3,87,1.57,0,0,11.66,77.73,0
28-03-2025 02:00,2,3,87,18.2,0,0,15.72,69.83,0
28-03-2025 03:00,3,3,87,7.61,0,0,12.96,63.96,0
28-03-2025 04:00,4,3,87,2.24,0,0,9.13,66.32,0
28-03-2025 05:00,5,3,87,26.54,0,0,15.12,59.16,0
28-03-2025 06:00,6,3,87,45.09,0,0,14.26,59.17,0
28-03-2025 07:00,7,3,87,0,258.82,258.82,18.36,58.06,21.6
28-03-2025 08:00,8,3,87,0,500,500,18.99,62.39,41.29
28-03-2025 09:00,9,3,87,1.29,700.24,691.17,17.32,56.09,56.04
28-03-2025 10:00,10,3,87,52,528.3,253.61,27.29,50.98,41.69
28-03-2025 11:00,11,3,87,0,965.93,965.93,26.78,58.09,76.07
28-03-2025 12:00,12,3,87,60.76,544.33,213.61,30.75,58.59,41.17
28-03-2025 13:00,13,3,87,67.58,476.36,154.44,28.89,48.98,37.27
28-03-2025 14:00,14,3,87,54.23,513.79,235.15,28.17,61.89,39.49
28-03-2025 15:00,15,3,87,58.02,399.41,167.67,28.6,53.74,33.3
28-03-2025 16:00,16,3,87,16.19,439.3,368.19,27.77,52.08,33.23
28-03-2025 17:00,17,3,87,0,258.82,258.82,28.62,47.75,19.25
28-03-2025 18:00,18,3,87,13.92,0,0,27.86,59.21,0.45
28-03-2025 19:00,19,3,87,0,0,0,25.96,46.11,0
28-03-2025 20:00,20,3,87,0,0,0,18.69,61.08,0
28-03-2025 21:00,21,3,87,8.04,0,0,21.65,57.28,0
28-03-2025 22:00,22,3,87,49.3,0,0,14.4,63.93,0
28-03-2025 23:00,23,3,87,28.68,0,0,15.42,63.54,0
29-03-2025 00:00,0,3,88,38.33,0,0,13.54,63.97,0
29-03-2025 01:00,1,3,88,39.82,0,0,12.4,70.58,0
29-03-2025 02:00,2,3,88,9.14,0,0,12.32,66.34,0
29-03-2025 03:00,3,3,88,6.32,0,0,8.76,67.06,0
29-03-2025 04:00,4,3,88,4.19,0,0,8.86,67.83,0
29-03-2025 05:00,5,3,88,0,0,0,9.99,60.26,0
29-03-2025 06:00,6,3,88,29.67,0,0,15.3,59.85,0
29-03-2025 07:00,7,3,88,46.77,168.03,89.44,9.53,61.58,13.54
29-03-2025 08:00,8,3,88,70.82,234.44,68.42,17.53,58.91,17.08
29-03-2025 09:00,9,3,88,9.17,658.45,598.04,20.76,65.5,52.89
29-03-2025 10:00,10,3,88,50.78,536.23,263.96,24.58,54.59,43.5
29-03-2025 11:00,11,3,88,37.69,692.87,431.71,25.7,56.58,54.74
29-03-2025 12:00,12,3,88,13.02,902.37,784.91,29.08,57.33,69.94
29-03-2025 13:00,13,3,88,52.22,587.59,280.72,29.08,52.77,45.54
29-03-2025 14:00,14,3,88,30.81,665.88,460.7,29.94,56.96,51.48
29-03-2025 15:00,15,3,88,26.66,565.7,414.87,33.61,50.18,42.8
29-03-2025 16:00,16,3,88,32.96,376.41,252.35,28.93,49.79,28.36
29-03-2025 17:00,17,3,88,18.45,223.01,181.86,28.86,55.62,16.7
29-03-2025 18:00,18,3,88,65.1,0,0,27.98,60.01,1.36
29-03-2025 19:00,19,3,88,16.03,0,0,27.7,62.51,0
29-03-2025 20:00,20,3,88,57.41,0,0,25.06,61.61,0
29-03-2025 21:00,21,3,88,29.42,0,0,21.46,59.4,0
29-03-2025 22:00,22,3,88,48,0,0,14.31,65.53,0
29-03-2025 23:00,23,3,88,21.35,0,0,13.27,60.92,0
30-03-2025 00:00,0,3,89,38.33,0,0,11.37,67.21,0
30-03-2025 01:00,1,3,89,65.08,0,0,10.5,72.85,0
30-03-2025 02:00,2,3,89,20.01,0,0,8.11,62.56,0
30-03-2025 03:00,3,3,89,0,0,0,7.09,72.24,0
30-03-2025 04:00,4,3,89,38.29,0,0,7.69,67.27,0
30-03-2025 05:00,5,3,89,22.09,0,0,10.18,69.6,0
30-03-2025 06:00,6,3,89,34.4,0,0,15.74,65.68,0
30-03-2025 07:00,7,3,89,24.03,212.17,161.19,16.99,59.51,17.14
30-03-2025 08:00,8,3,89,0,500,500,20.49,56.3,40.68
30-03-2025 09:00,9,3,89,34.7,523.1,341.61,18.91,70.21,42.27
30-03-2025 10:00,10,3,89,10.36,798.76,716.03,21.01,62.47,63.46
30-03-2025 11:00,11,3,89,3.34,941.75,910.32,21.63,49.92,74.52
30-03-2025 12:00,12,3,89,31.83,761.29,518.98,25.18,54.17,59.59
30-03-2025 13:00,13,3,89,48.63,613.64,315.23,29.86,46.87,47.85
30-03-2025 14:00,14,3,89,3.83,841.14,808.92,29.02,48.88,67.24
30-03-2025 15:00,15,3,89,43.69,475.39,267.67,29.79,59.94,35.84
30-03-2025 16:00,16,3,89,14.71,444.85,379.42,31.29,46.61,35.77
30-03-2025 17:00,17,3,89,39.05,183.01,111.54,29.72,58.31,13.62
30-03-2025 18:00,18,3,89,34.27,0,0,28.37,52.37,0.07
30-03-2025 19:00,19,3,89,31.35,0,0,29.65,55.57,0
30-03-2025 20:00,20,3,89,13.41,0,0,18.24,57.23,0
30-03-2025 21:00,21,3,89,18.97,0,0,19.04,57.7,0
30-03-2025 22:00,22,3,89,20.04,0,0,16.33,64.64,0
30-03-2025 23:00,23,3,89,12.47,0,0,16.16,65.26,0
31-03-2025 00:00,0,3,90,48.71,0,0,12.4,76.86,0
31-03-2025 01:00,1,3,90,58.03,0,0,9.73,70.15,0
31-03-2025 02:00,2,3,90,53.56,0,0,11.47,72.58,0
31-03-2025 03:00,3,3,90,42.03,0,0,11.15,61.62,0
31-03-2025 04:00,4,3,90,39.7,0,0,12.06,58.39,0
31-03-2025 05:00,5,3,90,8.67,0,0,9.86,62.58,0
31-03-2025 06:00,6,3,90,43.42,0,0,13.68,62.79,0
31-03-2025 07:00,7,3,90,0,258.82,258.82,19.38,60.42,21.21
31-03-2025 08:00,8,3,90,10.06,462.28,415.78,22.88,58.69,37.64
31-03-2025 09:00,9,3,90,34.74,522.9,341.27,19.15,54.05,41.12
31-03-2025 10:00,10,3,90,31.26,663,455.77,20.03,57.63,52.04
31-03-2025 11:00,11,3,90,51.69,591.49,285.77,23.41,65.91,47.33
31-03-2025 12:00,12,3,90,9.04,932.21,847.94,29.19,47.04,72.59
31-03-2025 13:00,13,3,90,39.14,682.35,415.26,30.3,58.38,53.07
31-03-2025 14:00,14,3,90,7.3,818.6,758.83,27.06,64.54,64.62
31-03-2025 15:00,15,3,90,65.5,359.76,124.13,28.36,50.74,25.96
31-03-2025 16:00,16,3,90,20.57,422.88,335.91,29.41,60.17,32.48
31-03-2025 17:00,17,3,90,38.68,183.73,112.65,25.01,60.87,13.81
31-03-2025 18:00,18,3,90,47.09,0,0,26.47,56.05,0.33
31-03-2025 19:00,19,3,90,49.64,0,0,24.74,60.02,0
31-03-2025 20:00,20,3,90,74.26,0,0,22.43,56.67,0
31-03-2025 21:00,21,3,90,23.12,0,0,20.82,62.26,0
31-03-2025 22:00,22,3,90,66.16,0,0,18.48,60.39,0
31-03-2025 23:00,23,3,90,23.77,0,0,15.2,69.46,0
01-04-2025 00:00,0,4,91,38.86,0,0,12.14,58.16,0
01-04-2025 01:00,1,4,91,21.92,0,0,12.99,55.28,0
01-04-2025 02:00,2,4,91,28.15,0,0,14.86,62.87,0
01-04-2025 03:00,3,4,91,44.39,0,0,10.86,63.95,0
01-04-2025 04:00,4,4,91,16.26,0,0,10,65.88,0
01-04-2025 05:00,5,4,91,8.59,0,0,9.85,67.51,0
01-04-2025 06:00,6,4,91,7.32,0,0,14.09,65.71,0
01-04-2025 07:00,7,4,91,16.11,227.55,190.9,13.48,63.6,18.5
01-04-2025 08:00,8,4,91,44.03,334.89,187.45,19.24,67.37,25.53
01-04-2025 09:00,9,4,91,19.87,601.7,482.12,16.41,73.61,48.27
01-04-2025 10:00,10,4,91,22.93,717.08,552.64,22.56,57.17,57.96
01-04-2025 11:00,11,4,91,9.9,894.2,805.66,26.42,53.32,70.58
01-04-2025 12:00,12,4,91,48.56,635.78,327.03,26.55,63.11,50.68
01-04-2025 13:00,13,4,91,38.11,689.86,426.97,25.83,55.11,55.68
01-04-2025 14:00,14,4,91,34.28,643.4,422.87,32.09,60.92,51.02
01-04-2025 15:00,15,4,91,36.32,514.49,327.63,27.71,61.22,38.88
01-04-2025 16:00,16,4,91,53.22,300.41,140.52,30.98,54.99,23.32
01-04-2025 17:00,17,4,91,26.75,206.89,151.54,27.27,62.71,16.9
01-04-2025 18:00,18,4,91,26.66,0,0,24.84,59.03,0
01-04-2025 19:00,19,4,91,18.4,0,0,22.56,61.42,0
01-04-2025 20:00,20,4,91,39.48,0,0,20.49,60.22,0
01-04-2025 21:00,21,4,91,50.98,0,0,22.99,58.69,0
01-04-2025 22:00,22,4,91,10.88,0,0,18.37,63.16,0
01-04-2025 23:00,23,4,91,9.36,0,0,17.24,60.23,0
02-04-2025 00:00,0,4,92,27.59,0,0,14.11,62.66,0
02-04-2025 01:00,1,4,92,36.11,0,0,13.26,64.57,0
02-04-2025 02:00,2,4,92,44.86,0,0,7.77,63.76,0
02-04-2025 03:00,3,4,92,36.68,0,0,8.64,70.27,0
02-04-2025 04:00,4,4,92,40.81,0,0,14.5,56.47,0
02-04-2025 05:00,5,4,92,6.05,0,0,12.72,68.37,0
02-04-2025 06:00,6,4,92,38.1,0,0,12.1,67.17,0
02-04-2025 07:00,7,4,92,39.47,182.2,110.28,18.63,67.17,14.82
02-04-2025 08:00,8,4,92,51.24,307.87,150.13,18.34,65.67,25.5
02-04-2025 09:00,9,4,92,14.36,630.94,540.32,19.61,65.83,50
02-04-2025 10:00,10,4,92,32.6,654.26,440.94,21.18,56.67,51.66
02-04-2025 11:00,11,4,92,45.98,632.85,341.88,25.76,64.21,51.59
02-04-2025 12:00,12,4,92,43.55,673.41,380.17,25.3,60.42,52.91
02-04-2025 13:00,13,4,92,36.23,703.44,448.57,25.85,46.71,55.2
02-04-2025 14:00,14,4,92,16.6,758.22,632.38,31.48,55.61,57.2
02-04-2025 15:00,15,4,92,46.71,459.38,244.8,30.32,46.24,35.46
02-04-2025 16:00,16,4,92,32.14,379.46,257.49,31.58,61.52,29.98
02-04-2025 17:00,17,4,92,21.07,217.92,172,26.86,59.78,17.22
02-04-2025 18:00,18,4,92,0,0,0,24.56,59.93,0.28
02-04-2025 19:00,19,4,92,4.59,0,0,27.15,50.64,0
02-04-2025 20:00,20,4,92,20.22,0,0,22.72,55.19,0
02-04-2025 21:00,21,4,92,38.05,0,0,21.28,69.04,0
02-04-2025 22:00,22,4,92,13.01,0,0,20.5,67.68,0
02-04-2025 23:00,23,4,92,36.75,0,0,16.14,63.01,0
03-04-2025 00:00,0,4,93,9.13,0,0,15.84,56.13,0
03-04-2025 01:00,1,4,93,50.27,0,0,8.46,68.58,0
03-04-2025 02:00,2,4,93,19.66,0,0,12.64,63.16,0
03-04-2025 03:00,3,4,93,0,0,0,7.88,63.99,0
03-04-2025 04:00,4,4,93,0,0,0,9.62,59.45,0
03-04-2025 05:00,5,4,93,15.12,0,0,8.9,66.18,0
03-04-2025 06:00,6,4,93,37.02,0,0,12.84,56.65,0
03-04-2025 07:00,7,4,93,19.1,221.74,179.38,18.09,67.81,17.2
03-04-2025 08:00,8,4,93,8.99,466.28,424.36,18.29,71.36,36.45
03-04-2025 09:00,9,4,93,58.9,394.72,162.21,19.48,43.18,32.53
03-04-2025 10:00,10,4,93,35.79,633.58,406.84,18.67,61.19,50.14
03-04-2025 11:00,11,4,93,33.02,726.68,486.7,26.07,67.12,58.04
03-04-2025 12:00,12,4,93,54.59,590.55,268.16,28.79,51.31,46.65
03-04-2025 13:00,13,4,93,0,965.93,965.93,28.48,50.78,76.5
03-04-2025 14:00,14,4,93,38.04,618.94,383.49,30.59,50.54,49.02
03-04-2025 15:00,15,4,93,28.87,554.01,394.08,28.96,59.06,44.06
03-04-2025 16:00,16,4,93,34.22,371.67,244.47,30.58,55.41,28.54
03-04-2025 17:00,17,4,93,20.18,219.65,175.34,27.5,59.71,18.11
03-04-2025 18:00,18,4,93,24.33,0,0,29.57,65.45,0
03-04-2025 19:00,19,4,93,43.03,0,0,24.23,49.56,0
03-04-2025 20:00,20,4,93,14.66,0,0,19.25,59.1,0
03-04-2025 21:00,21,4,93,23.26,0,0,18.9,65.94,0
03-04-2025 22:00,22,4,93,20.11,0,0,15.33,58.49,0
03-04-2025 23:00,23,4,93,19.49,0,0,14.46,64.82,0
04-04-2025 00:00,0,4,94,44.02,0,0,14.54,62.79,0
04-04-2025 01:00,1,4,94,22.14,0,0,9.77,75.34,0
04-04-2025 02:00,2,4,94,55.55,0,0,10.76,65.95,0
04-04-2025 03:00,3,4,94,41.4,0,0,10.38,63.49,0
04-04-2025 04:00,4,4,94,26.11,0,0,7.7,68.8,0
04-04-2025 05:00,5,4,94,34.78,0,0,11.23,63.94,0
04-04-2025 06:00,6,4,94,38.2,0,0,12.08,59.56,0
04-04-2025 07:00,7,4,94,13.75,232.13,200.21,14.85,55.06,18.86
04-04-2025 08:00,8,4,94,32.97,376.38,252.3,17.17,61.87,29.87
04-04-2025 09:00,9,4,94,44.51,471.05,261.37,18.41,66.83,37.26
04-04-2025 10:00,10,4,94,0,866.03,866.03,18.36,64.88,68.69
04-04-2025 11:00,11,4,94,24.76,786.56,591.82,24.95,56.79,62.98
04-04-2025 12:00,12,4,94,56.51,576.17,250.58,28.98,56.54,44.26
04-04-2025 13:00,13,4,94,8.12,907.09,833.43,29.44,53.74,70.04
04-04-2025 14:00,14,4,94,38.59,615.38,377.91,29.6,51.84,48.16
04-04-2025 15:00,15,4,94,25.34,572.7,427.55,31.26,52.66,44.43
04-04-2025 16:00,16,4,94,43.33,337.51,191.26,28.85,54.65,26.41
04-04-2025 17:00,17,4,94,19.22,221.5,178.92,26.7,56.95,17.5
04-04-2025 18:00,18,4,94,7.4,0,0,27.79,56.5,0.6
04-04-2025 19:00,19,4,94,45.47,0,0,28.2,53.29,0
04-04-2025 20:00,20,4,94,55.73,0,0,25.21,55.28,0
04-04-2025 21:00,21,4,94,5.4,0,0,20.36,48.3,0
04-04-2025 22:00,22,4,94,53.43,0,0,18.95,57.19,0
04-04-2025 23:00,23,4,94,48.71,0,0,14.29,57.29,0
05-04-2025 00:00,0,4,95,63.5,0,0,10.09,63.65,0
05-04-2025 01:00,1,4,95,0.33,0,0,9.85,66.72,0
05-04-2025 02:00,2,4,95,50.35,0,0,13.48,61.99,0
05-04-2025 03:00,3,4,95,37.18,0,0,8.14,70.05,0
05-04-2025 04:00,4,4,95,27.12,0,0,8.65,62.22,0
05-04-2025 05:00,5,4,95,37.8,0,0,11.19,67.95,0
05-04-2025 06:00,6,4,95,36.1,0,0,11.6,58.9,0
05-04-2025 07:00,7,4,95,38.16,184.75,114.26,14.61,62.77,16.08
05-04-2025 08:00,8,4,95,13.78,448.31,386.52,20.01,72.57,35.02
05-04-2025 09:00,9,4,95,33.47,529.63,352.38,18.16,67.73,42.38
05-04-2025 10:00,10,4,95,43.28,584.9,331.74,23.26,64.27,45.45
05-04-2025 11:00,11,4,95,10.57,889.33,795.3,23.63,56.07,71.03
05-04-2025 12:00,12,4,95,63.53,523.54,190.94,26.77,70.54,39.29
05-04-2025 13:00,13,4,95,55.55,563.48,250.46,26.88,55.26,46.36
05-04-2025 14:00,14,4,95,16.91,756.16,628.26,33.48,47.34,57.3
05-04-2025 15:00,15,4,95,21.79,591.55,462.65,29.3,43.31,47.84
05-04-2025 16:00,16,4,95,12.74,452.21,394.58,27.21,54.85,35.62
05-04-2025 17:00,17,4,95,0,258.82,258.82,26.77,57.38,19.82
05-04-2025 18:00,18,4,95,23.68,0,0,26.43,60.99,1.32
05-04-2025 19:00,19,4,95,6.61,0,0,23.44,61.22,0
05-04-2025 20:00,20,4,95,10.8,0,0,21.83,57.23,0
05-04-2025 21:00,21,4,95,28.33,0,0,15.47,61.75,0
05-04-2025 22:00,22,4,95,25.31,0,0,18.46,61.52,0
05-04-2025 23:00,23,4,95,76.65,0,0,16.03,58.27,0
06-04-2025 00:00,0,4,96,0,0,0,14.81,65.57,0
06-04-2025 01:00,1,4,96,22.21,0,0,11.27,60.35,0
06-04-2025 02:00,2,4,96,23.96,0,0,13.21,55.7,0
06-04-2025 03:00,3,4,96,33.47,0,0,11.84,66.11,0
06-04-2025 04:00,4,4,96,23.55,0,0,10.89,64.31,0
06-04-2025 05:00,5,4,96,0,0,0,9.76,70.19,0
06-04-2025 06:00,6,4,96,48.36,0,0,11.63,66.2,0
06-04-2025 07:00,7,4,96,22.52,215.1,166.65,12.75,65.65,16.21
06-04-2025 08:00,8,4,96,19.98,425.06,340.12,17.44,65.43,33.3
06-04-2025 09:00,9,4,96,30.99,542.76,374.57,21.86,51.89,42.9
06-04-2025 10:00,10,4,96,29.97,671.34,470.11,21.24,63.06,55.19
06-04-2025 11:00,11,4,96,21.93,807.03,630.02,22.94,57.81,65.28
06-04-2025 12:00,12,4,96,33.07,752.01,503.35,29.67,57.42,57.49
06-04-2025 13:00,13,4,96,25.37,782.14,583.72,28.55,47.9,60.7
06-04-2025 14:00,14,4,96,31.56,661.05,452.43,30.71,49.44,50.18
06-04-2025 15:00,15,4,96,85.69,252.65,36.15,32.14,56.4,20.62
06-04-2025 16:00,16,4,96,7.64,471.33,435.3,31.85,38.9,36.54
06-04-2025 17:00,17,4,96,30.6,199.42,138.4,29.25,50.41,16.18
06-04-2025 18:00,18,4,96,9.29,0,0,25.72,44.73,0
06-04-2025 19:00,19,4,96,0,0,0,24.1,59.65,0
06-04-2025 20:00,20,4,96,31.16,0,0,26.27,54.99,0
06-04-2025 21:00,21,4,96,22.61,0,0,19.85,57.21,0
06-04-2025 22:00,22,4,96,7.34,0,0,16.11,62.3,0
06-04-2025 23:00,23,4,96,7.98,0,0,11.67,58.36,0
07-04-2025 00:00,0,4,97,26.59,0,0,13.76,55.64,0
07-04-2025 01:00,1,4,97,0,0,0,13.29,75.06,0
07-04-2025 02:00,2,4,97,21.52,0,0,8,76,0
07-04-2025 03:00,3,4,97,47.08,0,0,13.06,65.21,0
07-04-2025 04:00,4,4,97,16.69,0,0,10.5,65.03,0
07-04-2025 05:00,5,4,97,13.64,0,0,11.47,62,0
07-04-2025 06:00,6,4,97,34.95,0,0,11.98,53.04,0
07-04-2025 07:00,7,4,97,51.56,158.73,76.88,15.1,63.47,15.05
07-04-2025 08:00,8,4,97,84.63,182.64,28.07,19.93,45.9,14.15
07-04-2025 09:00,9,4,97,32.58,534.33,360.25,17.55,62.14,41.66
07-04-2025 10:00,10,4,97,27.55,687.11,497.83,22.65,68.5,53.32
07-04-2025 11:00,11,4,97,18.59,831.25,676.71,27.22,53.55,66.53
07-04-2025 12:00,12,4,97,29.13,781.53,553.88,30.21,55.95,60.69
07-04-2025 13:00,13,4,97,22.05,806.16,628.38,25.81,51.7,64.87
07-04-2025 14:00,14,4,97,24.13,709.32,538.18,27.02,55.81,57.59
07-04-2025 15:00,15,4,97,25.53,571.69,425.71,30.93,49.83,43.76
07-04-2025 16:00,16,4,97,43.82,335.67,188.57,29.38,59.99,25.72
07-04-2025 17:00,17,4,97,28.11,204.25,146.82,30.17,57.59,13.94
07-04-2025 18:00,18,4,97,67.28,0,0,29.07,57.46,0.42
07-04-2025 19:00,19,4,97,55.53,0,0,25.2,51.69,0
07-04-2025 20:00,20,4,97,19.73,0,0,27.66,52.93,0
07-04-2025 21:00,21,4,97,12.97,0,0,20.5,65.78,0
07-04-2025 22:00,22,4,97,41.63,0,0,15.83,57.81,0
07-04-2025 23:00,23,4,97,52.56,0,0,13.14,57.56,0
08-04-2025 00:00,0,4,98,14.02,0,0,12.47,69.16,0
08-04-2025 01:00,1,4,98,57.57,0,0,13.3,71.29,0
08-04-2025 02:00,2,4,98,25.1,0,0,11.65,66.32,0
08-04-2025 03:00,3,4,98,29.9,0,0,8.99,63.47,0
08-04-2025 04:00,4,4,98,13.81,0,0,10.39,52.78,0
08-04-2025 05:00,5,4,98,2.16,0,0,10.45,61.64,0
08-04-2025 06:00,6,4,98,0.38,0,0,14.28,60.32,0
08-04-2025 07:00,7,4,98,60.72,140.95,55.37,11.63,60.46,11.27
08-04-2025 08:00,8,4,98,27.63,396.41,286.9,18.97,59.57,33.63
08-04-2025 09:00,9,4,98,23.61,581.88,444.48,20.72,59.3,46.5
08-04-2025 10:00,10,4,98,57.33,493.64,210.62,22.36,63.32,40.18
08-04-2025 11:00,11,4,98,10.38,890.75,798.31,24.56,65.55,68.65
08-04-2025 12:00,12,4,98,23.1,826.73,635.73,28.12,53.63,64.68
08-04-2025 13:00,13,4,98,57.04,552.73,237.48,25.53,63.12,42.21
08-04-2025 14:00,14,4,98,26.89,691.35,505.42,28.36,55.34,53
08-04-2025 15:00,15,4,98,18.37,609.7,497.72,30.27,59.14,47.11
08-04-2025 16:00,16,4,98,28.13,394.5,283.52,29.68,54.49,30.89
08-04-2025 17:00,17,4,98,67.04,128.69,42.42,27.51,55.88,10.23
08-04-2025 18:00,18,4,98,59.67,0,0,29.33,66.06,0.27
08-04-2025 19:00,19,4,98,14.5,0,0,26.05,53.22,0
08-04-2025 20:00,20,4,98,15.19,0,0,26.46,56.53,0
08-04-2025 21:00,21,4,98,34.31,0,0,19.62,54.52,0
08-04-2025 22:00,22,4,98,15.09,0,0,16.82,59.43,0
08-04-2025 23:00,23,4,98,44.43,0,0,15.44,56.8,0
09-04-2025 00:00,0,4,99,0,0,0,13.71,67.62,0
09-04-2025 01:00,1,4,99,11.93,0,0,12.92,62.39,0
09-04-2025 02:00,2,4,99,43.86,0,0,11.52,61.47,0
09-04-2025 03:00,3,4,99,37.49,0,0,9.21,60.23,0
09-04-2025 04:00,4,4,99,27.5,0,0,8.5,66.1,0
09-04-2025 05:00,5,4,99,40.35,0,0,14.52,66.49,0
09-04-2025 06:00,6,4,99,12.87,0,0,12.91,62.41,0
09-04-2025 07:00,7,4,99,51.12,159.59,78,15.74,57.05,12.3
09-04-2025 08:00,8,4,99,54.24,296.62,135.74,17.71,72.23,23.5
09-04-2025 09:00,9,4,99,0,707.11,707.11,22.4,57.13,55.62
09-04-2025 10:00,10,4,99,38.16,618.14,382.23,23.19,59.03,49.44
09-04-2025 11:00,11,4,99,46.37,630.04,337.92,24.28,50.15,49.12
09-04-2025 12:00,12,4,99,34.13,744.01,490.07,28.1,44.61,59.16
09-04-2025 13:00,13,4,99,44.47,643.8,357.53,30.42,52.57,50.09
09-04-2025 14:00,14,4,99,55.92,502.81,221.64,33.07,51.49,39.42
09-04-2025 15:00,15,4,99,38.58,502.52,308.66,31.17,52.91,38.44
09-04-2025 16:00,16,4,99,56.98,286.32,123.17,28.84,50.92,21.72
09-04-2025 17:00,17,4,99,21.25,217.56,171.32,31.39,50.5,17.48
09-04-2025 18:00,18,4,99,24.44,0,0,27.8,56.39,0
09-04-2025 19:00,19,4,99,66.02,0,0,26.31,59.79,0
09-04-2025 20:00,20,4,99,29.08,0,0,22.54,65.77,0
09-04-2025 21:00,21,4,99,0,0,0,18.76,52.66,0
09-04-2025 22:00,22,4,99,53.5,0,0,17.47,53.92,0
09-04-2025 23:00,23,4,99,18.51,0,0,16.09,65.14,0
10-04-2025 00:00,0,4,100,21.61,0,0,13.52,60.59,0
10-04-2025 01:00,1,4,100,29.79,0,0,10.02,64.67,0
10-04-2025 02:00,2,4,100,37.29,0,0,5.14,66.79,0
10-04-2025 03:00,3,4,100,29.72,0,0,6.02,70.04,0
10-04-2025 04:00,4,4,100,49.25,0,0,13.25,69.35,0
10-04-2025 05:00,5,4,100,24.89,0,0,13.15,57.78,0
10-04-2025 06:00,6,4,100,28.2,0,0,11.73,65.23,0
10-04-2025 07:00,7,4,100,36.91,187.17,118.08,17.12,60.84,14.23
10-04-2025 08:00,8,4,100,35.49,366.93,236.73,17.77,63.52,29.64
10-04-2025 09:00,9,4,100,27.16,563.06,410.13,19.64,57.62,43.64
10-04-2025 10:00,10,4,100,8.42,811.32,742.99,20.54,58.6,63.78
10-04-2025 11:00,11,4,100,24.18,790.76,599.56,26.33,55.27,64.13
10-04-2025 12:00,12,4,100,60.8,544.01,213.26,29.24,52.41,42.71
10-04-2025 13:00,13,4,100,52.45,585.95,278.62,29.53,58.24,45.81
10-04-2025 14:00,14,4,100,16.48,758.98,633.89,28.61,51.25,59.62
10-04-2025 15:00,15,4,100,4.82,681.54,648.68,28.92,50.62,54.28
10-04-2025 16:00,16,4,100,0.75,497.2,493.5,29.49,58.02,39.26
10-04-2025 17:00,17,4,100,60.81,140.78,55.17,29.5,62.94,10.77
10-04-2025 18:00,18,4,100,49.14,0,0,28.93,70.61,0
10-04-2025 19:00,19,4,100,26.5,0,0,22.92,59.41,0
10-04-2025 20:00,20,4,100,42.86,0,0,25.29,61.04,0
10-04-2025 21:00,21,4,100,13.42,0,0,21.94,54.7,0
10-04-2025 22:00,22,4,100,40.13,0,0,16.64,54.69,0
10-04-2025 23:00,23,4,100,34.58,0,0,16.07,61.46,0
11-04-2025 00:00,0,4,101,46.35,0,0,12.67,63.4,0
11-04-2025 01:00,1,4,101,38.68,0,0,12.5,70.91,0
11-04-2025 02:00,2,4,101,40.48,0,0,12.2,70.73,0
11-04-2025 03:00,3,4,101,59.79,0,0,6.34,58.87,0
11-04-2025 04:00,4,4,101,34.01,0,0,12.25,59.44,0
11-04-2025 05:00,5,4,101,33.86,0,0,13.6,62.9,0
11-04-2025 06:00,6,4,101,18.98,0,0,15.74,58.51,0
11-04-2025 07:00,7,4,101,66.94,128.88,42.61,12.72,76.29,9.15
11-04-2025 08:00,8,4,101,0,500,500,21.67,57.75,39.85
11-04-2025 09:00,9,4,101,56.91,405.32,174.67,17.75,59.65,32.98
11-04-2025 10:00,10,4,101,83.09,326.31,55.16,24.63,59.65,23.65
11-04-2025 11:00,11,4,101,39.46,680.04,411.68,27,49.14,53.93
11-04-2025 12:00,12,4,101,0,1000,1000,23.87,60.03,80
11-04-2025 13:00,13,4,101,33.44,723.69,481.71,26.92,59.64,57.93
11-04-2025 14:00,14,4,101,27.32,688.55,500.41,27.44,56.13,55.65
11-04-2025 15:00,15,4,101,58.56,396.52,164.3,34,55.57,29
11-04-2025 16:00,16,4,101,30.4,385.99,268.64,28.71,54.45,30
11-04-2025 17:00,17,4,101,29.67,201.23,141.53,27.05,49.75,15.51
11-04-2025 18:00,18,4,101,17.03,0,0,29.33,65.4,0
11-04-2025 19:00,19,4,101,27.63,0,0,26.43,56.35,0
11-04-2025 20:00,20,4,101,36.04,0,0,23.27,62.81,0
11-04-2025 21:00,21,4,101,42.47,0,0,20.72,66.2,0
11-04-2025 22:00,22,4,101,9.28,0,0,17.38,53.43,0
11-04-2025 23:00,23,4,101,35.38,0,0,11.77,63.95,0
12-04-2025 00:00,0,4,102,18.05,0,0,17.05,60.98,0
12-04-2025 01:00,1,4,102,34.94,0,0,14.97,63.28,0
12-04-2025 02:00,2,4,102,13.18,0,0,9.95,68.06,0
12-04-2025 03:00,3,4,102,36.26,0,0,13.53,62.78,0
12-04-2025 04:00,4,4,102,0.56,0,0,12.01,60.7,0
12-04-2025 05:00,5,4,102,55.22,0,0,9.59,68.66,0
12-04-2025 06:00,6,4,102,15.4,0,0,13.64,57,0
12-04-2025 07:00,7,4,102,27.69,205.08,148.3,15.21,60.86,17.15
12-04-2025 08:00,8,4,102,11.25,457.83,406.34,18.74,64.15,37.11
12-04-2025 09:00,9,4,102,37.57,507.89,317.1,18.16,62.72,41.14
12-04-2025 10:00,10,4,102,34.19,643.97,423.81,25.4,55.73,51.69
12-04-2025 11:00,11,4,102,33.77,721.29,477.72,25.55,55.12,56.29
12-04-2025 12:00,12,4,102,0,1000,1000,28.98,54.42,78.69
12-04-2025 13:00,13,4,102,81.16,377.94,71.19,27.48,49.83,28.91
12-04-2025 14:00,14,4,102,61.02,469.66,183.06,30.52,56.31,36.42
12-04-2025 15:00,15,4,102,71.9,325.82,91.57,31.56,54.99,24.96
12-04-2025 16:00,16,4,102,47.61,321.45,168.4,31.05,59.17,24.46
12-04-2025 17:00,17,4,102,0,258.82,258.82,26.62,46.45,20.36
12-04-2025 18:00,18,4,102,40.73,0,0,23.56,55.03,1.32
12-04-2025 19:00,19,4,102,14.43,0,0,25.57,64.71,0
12-04-2025 20:00,20,4,102,14.8,0,0,20.84,52.97,0
12-04-2025 21:00,21,4,102,43.47,0,0,19.05,60.45,0
12-04-2025 22:00,22,4,102,7.51,0,0,19.63,57.16,0
12-04-2025 23:00,23,4,102,51.66,0,0,16.51,63.2,0
13-04-2025 00:00,0,4,103,32.31,0,0,11.56,69.66,0
13-04-2025 01:00,1,4,103,22.91,0,0,11.47,73.92,0
13-04-2025 02:00,2,4,103,59.63,0,0,8.78,60.73,0
13-04-2025 03:00,3,4,103,37.28,0,0,10.99,59.02,0
13-04-2025 04:00,4,4,103,66.27,0,0,10.72,57.34,0
13-04-2025 05:00,5,4,103,33.99,0,0,13.49,64.51,0
13-04-2025 06:00,6,4,103,15.67,0,0,10.7,66.51,0
13-04-2025 07:00,7,4,103,70.07,122.8,36.75,12.83,68.76,8.45
13-04-2025 08:00,8,4,103,13.97,447.6,385.06,15.8,63.55,36.79
13-04-2025 09:00,9,4,103,64.42,365.46,130.03,18.29,56.28,30.91
13-04-2025 10:00,10,4,103,35.66,634.41,408.18,24.18,59.39,49.3
13-04-2025 11:00,11,4,103,47.12,624.55,330.25,26.55,58.29,50.63
13-04-2025 12:00,12,4,103,34.89,738.32,480.72,25.13,54.8,57.16
13-04-2025 13:00,13,4,103,49.23,609.29,309.35,30.16,50.15,46.85
13-04-2025 14:00,14,4,103,10.72,796.43,711.09,31.28,61.15,62.48
13-04-2025 15:00,15,4,103,37.36,508.99,318.84,33.93,50.37,39.37
13-04-2025 16:00,16,4,103,49.91,312.85,156.71,27.93,57.94,23.55
13-04-2025 17:00,17,4,103,43.46,174.46,98.64,25.67,55.18,15.22
13-04-2025 18:00,18,4,103,40.81,0,0,26.87,60.51,0
13-04-2025 19:00,19,4,103,30.81,0,0,23.68,49.05,0
13-04-2025 20:00,20,4,103,50.55,0,0,22.38,55.33,0
13-04-2025 21:00,21,4,103,0,0,0,23.1,62.03,0
13-04-2025 22:00,22,4,103,31.44,0,0,16.92,65.96,0
13-04-2025 23:00,23,4,103,22.21,0,0,12.01,54.97,0
14-04-2025 00:00,0,4,104,21,0,0,16.25,70.4,0
14-04-2025 01:00,1,4,104,47.2,0,0,12.65,62.26,0
14-04-2025 02:00,2,4,104,5.81,0,0,10.68,67.04,0
14-04-2025 03:00,3,4,104,28.49,0,0,11.36,68.72,0
14-04-2025 04:00,4,4,104,31.35,0,0,9.93,65.04,0
14-04-2025 05:00,5,4,104,7.95,0,0,12.52,63.93,0
14-04-2025 06:00,6,4,104,27.23,0,0,16.28,60.71,0
14-04-2025 07:00,7,4,104,9.89,239.61,215.9,14.63,62.76,18.7
14-04-2025 08:00,8,4,104,0,500,500,16.18,55.15,40.06
14-04-2025 09:00,9,4,104,33.9,527.35,348.6,20.73,56.74,40.49
14-04-2025 10:00,10,4,104,15.99,762.17,640.3,22.38,67.29,56.99
14-04-2025 11:00,11,4,104,67.63,476.01,154.11,24.33,58.92,35.78
14-04-2025 12:00,12,4,104,39.9,700.76,421.17,26.19,53.08,57.82
14-04-2025 13:00,13,4,104,4.57,932.78,890.11,26.15,53.7,75.42
14-04-2025 14:00,14,4,104,61.8,464.6,177.46,32.1,47.63,35.91
14-04-2025 15:00,15,4,104,37.05,510.63,321.45,33.35,55.34,38.09
14-04-2025 16:00,16,4,104,2.8,489.51,475.82,31.61,59.2,38.3
14-04-2025 17:00,17,4,104,34.48,191.89,125.74,30.48,62.49,13.04
14-04-2025 18:00,18,4,104,48.56,0,0,25.71,47.84,0.24
14-04-2025 19:00,19,4,104,32.19,0,0,27.03,51.05,0
14-04-2025 20:00,20,4,104,32.92,0,0,22.51,63.69,0
14-04-2025 21:00,21,4,104,29.7,0,0,26.08,59.18,0
14-04-2025 22:00,22,4,104,26.29,0,0,17.14,59.18,0
14-04-2025 23:00,23,4,104,45.33,0,0,13.84,61.3,0
15-04-2025 00:00,0,4,105,44.3,0,0,14.06,61.76,0
15-04-2025 01:00,1,4,105,32.89,0,0,13.3,65.66,0
15-04-2025 02:00,2,4,105,36.85,0,0,10.98,59.37,0
15-04-2025 03:00,3,4,105,50.33,0,0,9.26,61.6,0
15-04-2025 04:00,4,4,105,0,0,0,13.79,62.55,0
15-04-2025 05:00,5,4,105,30.27,0,0,8.83,51.27,0
15-04-2025 06:00,6,4,105,25.9,0,0,11.13,71.76,0
15-04-2025 07:00,7,4,105,21.01,218.04,172.24,15.31,60.55,16.61
15-04-2025 08:00,8,4,105,22.4,416.02,322.85,18.27,56.77,34.41
15-04-2025 09:00,9,4,105,32.95,532.38,356.98,17.59,63.17,42.65
15-04-2025 10:00,10,4,105,0,866.03,866.03,23.31,54.07,70.13
15-04-2025 11:00,11,4,105,19.91,821.66,658.04,24.82,48.95,65.98
15-04-2025 12:00,12,4,105,16.87,873.51,726.19,22.79,62.29,71.25
15-04-2025 13:00,13,4,105,61.92,517.31,196.97,23.62,51.67,42.65
15-04-2025 14:00,14,4,105,42.06,592.81,343.45,30.28,60.67,45.25
15-04-2025 15:00,15,4,105,41.75,485.67,282.88,29.41,57.37,39.4
15-04-2025 16:00,16,4,105,23.36,412.41,316.08,27.86,45.74,33.89
15-04-2025 17:00,17,4,105,48.08,165.48,85.91,28.65,63.04,14.56
15-04-2025 18:00,18,4,105,45.96,0,0,26.71,57.4,0.42
15-04-2025 19:00,19,4,105,56.61,0,0,23.8,63.93,0
15-04-2025 20:00,20,4,105,18.59,0,0,20.69,51.58,0
15-04-2025 21:00,21,4,105,12.04,0,0,19.05,57.96,0
15-04-2025 22:00,22,4,105,44.81,0,0,18.98,68.64,0
15-04-2025 23:00,23,4,105,55.11,0,0,16.78,62.85,0
16-04-2025 00:00,0,4,106,48.28,0,0,14.35,67.99,0
16-04-2025 01:00,1,4,106,68.95,0,0,11.75,60.66,0
16-04-2025 02:00,2,4,106,20.24,0,0,10.32,61.78,0
16-04-2025 03:00,3,4,106,50.93,0,0,9.73,63,0
16-04-2025 04:00,4,4,106,49.69,0,0,9.84,67.85,0
16-04-2025 05:00,5,4,106,51.51,0,0,13.76,61.25,0
16-04-2025 06:00,6,4,106,16.23,0,0,12.02,63.99,0
16-04-2025 07:00,7,4,106,27.33,205.77,149.54,14.1,62.83,17.56
16-04-2025 08:00,8,4,106,91.16,158.15,13.98,20.27,64.51,12.79
16-04-2025 09:00,9,4,106,45.88,463.78,250.99,20.07,48.39,37.29
16-04-2025 10:00,10,4,106,32.59,654.36,441.12,23.61,55.73,51.05
16-04-2025 11:00,11,4,106,54.27,572.79,261.95,25.72,54.98,45.16
16-04-2025 12:00,12,4,106,50.19,623.6,310.63,32.05,57.48,48.96
16-04-2025 13:00,13,4,106,6.57,918.29,857.92,28.22,47.72,72.77
16-04-2025 14:00,14,4,106,26.49,693.94,510.09,27.77,54.03,54.36
16-04-2025 15:00,15,4,106,21.68,592.11,463.72,34.02,52.32,43.52
16-04-2025 16:00,16,4,106,24.91,406.59,305.31,28.98,58.72,31.71
16-04-2025 17:00,17,4,106,25.07,210.16,157.48,25.43,56.04,17.45
16-04-2025 18:00,18,4,106,65.12,0,0,26.9,52.16,0
16-04-2025 19:00,19,4,106,38.62,0,0,22.71,45.05,0
16-04-2025 20:00,20,4,106,47.27,0,0,21.6,54.29,0
16-04-2025 21:00,21,4,106,10.89,0,0,19.7,58.33,0
16-04-2025 22:00,22,4,106,67.71,0,0,14.18,57.03,0
16-04-2025 23:00,23,4,106,23.74,0,0,16.47,64.85,0
17-04-2025 00:00,0,4,107,40.05,0,0,10.01,64.55,0
17-04-2025 01:00,1,4,107,56.34,0,0,9.56,64.35,0
17-04-2025 02:00,2,4,107,27.03,0,0,12.24,59.7,0
17-04-2025 03:00,3,4,107,15.73,0,0,9.24,61.18,0
17-04-2025 04:00,4,4,107,30.49,0,0,6.93,75.18,0
17-04-2025 05:00,5,4,107,18.92,0,0,10.14,56.87,0
17-04-2025 06:00,6,4,107,19.46,0,0,14.19,62.78,0
17-04-2025 07:00,7,4,107,38.18,184.71,114.19,18.43,65.64,14.92
17-04-2025 08:00,8,4,107,34.42,370.94,243.28,17.48,64.33,30.06
17-04-2025 09:00,9,4,107,22.01,590.37,460.42,17.94,64.09,45.54
17-04-2025 10:00,10,4,107,0,866.03,866.03,25.89,61.98,67.89
17-04-2025 11:00,11,4,107,68.7,468.26,146.58,23.4,57.62,37.54
17-04-2025 12:00,12,4,107,62.52,531.13,199.09,24.58,55.66,42.98
17-04-2025 13:00,13,4,107,15.29,855.18,724.44,24.04,60.9,69.87
17-04-2025 14:00,14,4,107,11.54,791.07,699.79,27.99,52.41,62.48
17-04-2025 15:00,15,4,107,38.12,504.94,312.46,33.57,62.43,39.9
17-04-2025 16:00,16,4,107,48.11,319.59,165.84,27.17,51.8,25.85
17-04-2025 17:00,17,4,107,7,245.23,228.07,28.15,61.24,19.24
17-04-2025 18:00,18,4,107,16.64,0,0,25.98,62.33,0.7
17-04-2025 19:00,19,4,107,54.78,0,0,24.54,63.95,0
17-04-2025 20:00,20,4,107,30.88,0,0,24.26,56.76,0
17-04-2025 21:00,21,4,107,78.06,0,0,21.84,55.55,0
17-04-2025 22:00,22,4,107,16.88,0,0,16.38,57.58,0
17-04-2025 23:00,23,4,107,40.95,0,0,13.72,64.14,0
18-04-2025 00:00,0,4,108,42.57,0,0,18.21,69.31,0
18-04-2025 01:00,1,4,108,40.36,0,0,11.49,59.85,0
18-04-2025 02:00,2,4,108,5.42,0,0,9.28,65.98,0
18-04-2025 03:00,3,4,108,40.03,0,0,10.39,56.15,0
18-04-2025 04:00,4,4,108,26.6,0,0,11.64,67.33,0
18-04-2025 05:00,5,4,108,0,0,0,11.45,66.35,0
18-04-2025 06:00,6,4,108,15.31,0,0,18.11,59.3,0
18-04-2025 07:00,7,4,108,53.11,155.73,73.03,16.2,62.95,13.4
18-04-2025 08:00,8,4,108,34.28,371.45,244.11,19.96,57.1,29.81
18-04-2025 09:00,9,4,108,35.35,519.66,335.98,16.12,64.24,40.16
18-04-2025 10:00,10,4,108,21.88,723.89,565.48,21.16,58.13,58.17
18-04-2025 11:00,11,4,108,7.59,910.91,841.74,27.53,63.43,70.1
18-04-2025 12:00,12,4,108,0,1000,1000,27.67,53.4,78.56
18-04-2025 13:00,13,4,108,48.4,615.31,317.52,28.82,60,48.31
18-04-2025 14:00,14,4,108,18.52,745.76,607.68,28.39,57.75,58.01
18-04-2025 15:00,15,4,108,38.12,504.93,312.44,28.79,56.79,40.98
18-04-2025 16:00,16,4,108,41.71,343.57,200.25,27.39,52.53,26.63
18-04-2025 17:00,17,4,108,80.5,102.56,20,29.01,57.75,7.02
18-04-2025 18:00,18,4,108,45.19,0,0,26.24,52.27,0
18-04-2025 19:00,19,4,108,41.87,0,0,25.16,53.85,0
18-04-2025 20:00,20,4,108,3.2,0,0,26,49.87,0
18-04-2025 21:00,21,4,108,37,0,0,22.06,61.85,0
18-04-2025 22:00,22,4,108,3.1,0,0,14.72,61.16,0
18-04-2025 23:00,23,4,108,53.13,0,0,12.14,67.53,0
19-04-2025 00:00,0,4,109,38.91,0,0,10.17,73.46,0
19-04-2025 01:00,1,4,109,4.79,0,0,11.92,59.85,0
19-04-2025 02:00,2,4,109,40.57,0,0,9.28,67.96,0
19-04-2025 03:00,3,4,109,3.17,0,0,8.57,71.83,0
19-04-2025 04:00,4,4,109,12.72,0,0,10.05,59.34,0
19-04-2025 05:00,5,4,109,53.15,0,0,11.77,59.5,0
19-04-2025 06:00,6,4,109,22.87,0,0,13.13,59.73,0
19-04-2025 07:00,7,4,109,39.35,182.44,110.66,16.5,63.93,15.77
19-04-2025 08:00,8,4,109,38,357.49,221.63,17.99,60.31,28.27
19-04-2025 09:00,9,4,109,63.17,372.08,137.03,23.01,55.56,31.6
19-04-2025 10:00,10,4,109,33.72,647.02,428.86,22.06,59.2,52.35
19-04-2025 11:00,11,4,109,13.15,870.67,756.19,22.16,57.48,70.72
19-04-2025 12:00,12,4,109,42.31,682.71,393.89,27.31,52.45,53.54
19-04-2025 13:00,13,4,109,29.09,755.16,535.45,28.18,47.75,60.48
19-04-2025 14:00,14,4,109,55.18,507.63,227.52,30.87,56.02,41.24
19-04-2025 15:00,15,4,109,36.52,513.42,325.91,30.43,60.48,39.27
19-04-2025 16:00,16,4,109,22.68,414.96,320.86,31.25,47.6,33.36
19-04-2025 17:00,17,4,109,29.42,201.7,142.36,27.74,52.05,17.77
19-04-2025 18:00,18,4,109,33.23,0,0,26.41,51.07,0
19-04-2025 19:00,19,4,109,45.39,0,0,24.52,53.52,0
19-04-2025 20:00,20,4,109,24.71,0,0,27.73,57.88,0
19-04-2025 21:00,21,4,109,45.83,0,0,26.76,67.9,0
19-04-2025 22:00,22,4,109,0.38,0,0,16.88,56.19,0
19-04-2025 23:00,23,4,109,53.33,0,0,17.06,64.12,0
20-04-2025 00:00,0,4,110,0,0,0,13.71,64.96,0
20-04-2025 01:00,1,4,110,14.56,0,0,11.57,61.51,0
20-04-2025 02:00,2,4,110,22.05,0,0,7.93,60.79,0
20-04-2025 03:00,3,4,110,8.96,0,0,12.02,55.1,0
20-04-2025 04:00,4,4,110,3.84,0,0,10.04,63.33,0
20-04-2025 05:00,5,4,110,40.37,0,0,12.99,71.33,0
20-04-2025 06:00,6,4,110,7.26,0,0,13.76,65.17,0
20-04-2025 07:00,7,4,110,60.38,141.61,56.1,15.35,67.43,9.63
20-04-2025 08:00,8,4,110,26.53,400.52,294.27,13.85,59.17,32.62
20-04-2025 09:00,9,4,110,20.27,599.62,478.09,21.45,58.87,48.04
20-04-2025 10:00,10,4,110,38.55,615.66,378.34,24.39,57.67,49.85
20-04-2025 11:00,11,4,110,26.72,772.36,565.98,27.3,58.97,61.64
20-04-2025 12:00,12,4,110,12.74,904.42,789.16,24.17,51.54,72.31
20-04-2025 13:00,13,4,110,18.65,830.84,675.92,27.99,57.03,64.68
20-04-2025 14:00,14,4,110,7.21,819.23,760.2,30.04,56.51,63.58
20-04-2025 15:00,15,4,110,22.14,589.7,459.14,27.11,53.78,46.75
20-04-2025 16:00,16,4,110,34.8,369.49,240.89,31,52.99,29.46
20-04-2025 17:00,17,4,110,65.18,132.29,46.06,28.16,50.08,10.42
20-04-2025 18:00,18,4,110,48.77,0,0,26.54,61.28,0
20-04-2025 19:00,19,4,110,4.25,0,0,22.13,62.08,0
20-04-2025 20:00,20,4,110,6.08,0,0,22.77,61.25,0
20-04-2025 21:00,21,4,110,0,0,0,20.02,60.97,0
20-04-2025 22:00,22,4,110,38.05,0,0,16.52,66.22,0
20-04-2025 23:00,23,4,110,48.74,0,0,16.83,54,0
21-04-2025 00:00,0,4,111,37.36,0,0,11.57,73.07,0
21-04-2025 01:00,1,4,111,41.69,0,0,11.76,72.59,0
21-04-2025 02:00,2,4,111,20.03,0,0,8.91,70.18,0
21-04-2025 03:00,3,4,111,1.54,0,0,11.38,68.4,0
21-04-2025 04:00,4,4,111,0,0,0,10.34,65.45,0
21-04-2025 05:00,5,4,111,4.76,0,0,13.25,61.03,0
21-04-2025 06:00,6,4,111,30.43,0,0,12.23,62.64,0
21-04-2025 07:00,7,4,111,72.91,117.3,31.78,16.91,53.8,8.52
21-04-2025 08:00,8,4,111,0,500,500,16.56,62.2,40.36
21-04-2025 09:00,9,4,111,38.2,504.51,311.78,23.98,51.15,40.82
21-04-2025 10:00,10,4,111,14.5,771.85,659.94,21.66,50.79,61.27
21-04-2025 11:00,11,4,111,16.38,847.27,708.51,24.18,46.86,69.1
21-04-2025 12:00,12,4,111,15.2,886.02,751.37,25.21,56.21,71.41
21-04-2025 13:00,13,4,111,66.17,486.57,164.61,27.24,56.46,38.73
21-04-2025 14:00,14,4,111,46.76,562.3,299.36,27.27,49.72,42.99
21-04-2025 15:00,15,4,111,27.33,562.15,408.49,30.11,63.73,44.59
21-04-2025 16:00,16,4,111,24.67,407.5,306.99,30.29,54.1,31.27
21-04-2025 17:00,17,4,111,17.43,224.99,185.79,29.62,55.68,15.85
21-04-2025 18:00,18,4,111,49.06,0,0,27.94,50.81,0.51
21-04-2025 19:00,19,4,111,56.06,0,0,24.94,62.34,0
21-04-2025 20:00,20,4,111,0,0,0,23.96,68.7,0
21-04-2025 21:00,21,4,111,47.95,0,0,24.78,52.47,0
21-04-2025 22:00,22,4,111,16.1,0,0,19.64,56.29,0
21-04-2025 23:00,23,4,111,60.48,0,0,12.6,63.01,0
22-04-2025 00:00,0,4,112,27.2,0,0,9.16,65.15,0
22-04-2025 01:00,1,4,112,19.24,0,0,12.48,65.24,0
22-04-2025 02:00,2,4,112,39.12,0,0,11.3,66.42,0
22-04-2025 03:00,3,4,112,44.09,0,0,7.03,68.42,0
22-04-2025 04:00,4,4,112,49.99,0,0,9.52,69.21,0
22-04-2025 05:00,5,4,112,31.93,0,0,9.36,63.9,0
22-04-2025 06:00,6,4,112,31,0,0,15.42,53.35,0
22-04-2025 07:00,7,4,112,62.88,136.76,50.76,15.5,65.32,10.59
22-04-2025 08:00,8,4,112,58.61,280.2,115.97,17.63,50.58,23.57
22-04-2025 09:00,9,4,112,70.44,333.52,98.57,20.35,60.14,25.66
22-04-2025 10:00,10,4,112,0,866.03,866.03,19.94,61.18,69.75
22-04-2025 11:00,11,4,112,33.48,723.37,481.18,29.68,50.87,56.46
22-04-2025 12:00,12,4,112,39.7,702.27,423.49,27.42,58.57,55.7
22-04-2025 13:00,13,4,112,62.55,512.76,192.01,28.97,59.52,39.35
22-04-2025 14:00,14,4,112,63.62,452.8,164.73,29.71,48.42,34.48
22-04-2025 15:00,15,4,112,37.81,506.57,315.02,29.47,52.24,39.09
22-04-2025 16:00,16,4,112,47.04,323.6,171.37,29.52,54.52,25.42
22-04-2025 17:00,17,4,112,7.16,244.92,227.38,32.37,54.39,17.05
22-04-2025 18:00,18,4,112,31.12,0,0,26.57,46.19,0.2
22-04-2025 19:00,19,4,112,55.7,0,0,25.79,66.39,0
22-04-2025 20:00,20,4,112,7.15,0,0,23.88,58.37,0
22-04-2025 21:00,21,4,112,22.13,0,0,19.56,57.21,0
22-04-2025 22:00,22,4,112,28.78,0,0,17.57,47.61,0
22-04-2025 23:00,23,4,112,10.28,0,0,14.67,63.05,0
23-04-2025 00:00,0,4,113,29.02,0,0,11.65,67.51,0
23-04-2025 01:00,1,4,113,0,0,0,9.9,57.39,0
23-04-2025 02:00,2,4,113,66.14,0,0,9.94,63.24,0
23-04-2025 03:00,3,4,113,1.96,0,0,10.08,71.01,0
23-04-2025 04:00,4,4,113,37.59,0,0,9.03,56.18,0
23-04-2025 05:00,5,4,113,23.19,0,0,11.11,63.05,0
23-04-2025 06:00,6,4,113,57.31,0,0,12.26,57.52,0
23-04-2025 07:00,7,4,113,58.88,144.52,59.43,15.36,55.91,11.35
23-04-2025 08:00,8,4,113,52,304.99,146.39,17.69,68.96,22.9
23-04-2025 09:00,9,4,113,49.81,442.97,222.35,21.51,62.72,35.32
23-04-2025 10:00,10,4,113,6.4,824.44,771.65,21.45,64.65,65.69
23-04-2025 11:00,11,4,113,26.99,770.41,562.49,25.36,57.12,61.54
23-04-2025 12:00,12,4,113,35.5,733.74,473.26,28.3,61.61,57.55
23-04-2025 13:00,13,4,113,59.15,537.44,219.56,31.65,58.19,41.86
23-04-2025 14:00,14,4,113,14.42,772.38,661.03,30.58,47.49,59.44
23-04-2025 15:00,15,4,113,82.1,271.73,48.65,27.74,61.38,21.69
23-04-2025 16:00,16,4,113,0,500,500,30.88,52.38,39.23
23-04-2025 17:00,17,4,113,10.36,238.71,213.99,28.94,49.06,18.44
23-04-2025 18:00,18,4,113,75.92,0,0,27.44,49.47,0.71
23-04-2025 19:00,19,4,113,0,0,0,25.35,58.48,0
23-04-2025 20:00,20,4,113,30.36,0,0,21.67,51.35,0
23-04-2025 21:00,21,4,113,30.62,0,0,19.23,69.07,0
23-04-2025 22:00,22,4,113,20.05,0,0,19.54,54.6,0
23-04-2025 23:00,23,4,113,36.13,0,0,12.09,67.97,0
24-04-2025 00:00,0,4,114,39.73,0,0,12.15,70.04,0
24-04-2025 01:00,1,4,114,57.79,0,0,10.77,63.81,0
24-04-2025 02:00,2,4,114,48.97,0,0,10.66,57.02,0
24-04-2025 03:00,3,4,114,15.92,0,0,9.42,65.62,0
24-04-2025 04:00,4,4,114,84.54,0,0,11.87,57.11,0
24-04-2025 05:00,5,4,114,31.77,0,0,11.15,52.31,0
24-04-2025 06:00,6,4,114,53.8,0,0,12.32,59.26,0
24-04-2025 07:00,7,4,114,4.7,249.69,237.95,14.78,64.56,20.52
24-04-2025 08:00,8,4,114,1.49,494.43,487.07,15.25,65.54,38.92
24-04-2025 09:00,9,4,114,44.4,471.62,262.2,21.49,59.35,39.15
24-04-2025 10:00,10,4,114,17.72,750.91,617.83,25.18,60.08,58.07
24-04-2025 11:00,11,4,114,48.5,614.57,316.5,23.88,55.89,48.96
24-04-2025 12:00,12,4,114,31.41,764.45,524.36,24.76,61.81,63.5
24-04-2025 13:00,13,4,114,9.89,894.27,805.82,24.77,56.88,71.74
24-04-2025 14:00,14,4,114,46.66,562.93,300.24,32.03,57.74,43.87
24-04-2025 15:00,15,4,114,0,707.11,707.11,29.27,57.22,53.75
24-04-2025 16:00,16,4,114,38.64,355.1,217.89,34.27,45.36,27.65
24-04-2025 17:00,17,4,114,36.3,188.35,119.97,29.61,57.58,14.74
24-04-2025 18:00,18,4,114,26.18,0,0,26.17,57.76,0.71
24-04-2025 19:00,19,4,114,28.72,0,0,28.32,57.24,0
24-04-2025 20:00,20,4,114,15.76,0,0,22.2,62.03,0
24-04-2025 21:00,21,4,114,12.56,0,0,19.75,64.37,0
24-04-2025 22:00,22,4,114,18.38,0,0,20.52,62.85,0
24-04-2025 23:00,23,4,114,0,0,0,12.55,67.68,0
25-04-2025 00:00,0,4,115,30.26,0,0,14.71,64.32,0
25-04-2025 01:00,1,4,115,42.21,0,0,10.14,66.78,0
25-04-2025 02:00,2,4,115,22.82,0,0,12.51,67.06,0
25-04-2025 03:00,3,4,115,80.08,0,0,7.94,71.02,0
25-04-2025 04:00,4,4,115,49.54,0,0,8.4,68.92,0
25-04-2025 05:00,5,4,115,16.15,0,0,13.81,61.89,0
25-04-2025 06:00,6,4,115,50.21,0,0,10.52,63.84,0
25-04-2025 07:00,7,4,115,53.46,155.04,72.15,14.87,66.05,10.92
25-04-2025 08:00,8,4,115,0,500,500,17.5,51.64,41.58
25-04-2025 09:00,9,4,115,6.9,670.51,624.24,17.54,64.92,52.9
25-04-2025 10:00,10,4,115,41.14,598.8,352.45,22.66,64.71,47.39
25-04-2025 11:00,11,4,115,44.65,642.45,355.58,24.41,49.65,52.11
25-04-2025 12:00,12,4,115,8.6,935.49,855.02,27.19,60.69,73.06
25-04-2025 13:00,13,4,115,70.28,456.81,135.77,28.86,49.03,35.12
25-04-2025 14:00,14,4,115,23.11,715.9,550.43,29.45,62.32,53.66
25-04-2025 15:00,15,4,115,1.39,699.72,689.96,28.05,54.21,55.9
25-04-2025 16:00,16,4,115,12.52,453.06,396.34,31.42,49.48,33.94
25-04-2025 17:00,17,4,115,0,258.82,258.82,28.57,55.24,19.98
25-04-2025 18:00,18,4,115,33.35,0,0,23.34,52.28,0.96
25-04-2025 19:00,19,4,115,0,0,0,23.6,44.45,0
25-04-2025 20:00,20,4,115,60.45,0,0,21.54,60.66,0
25-04-2025 21:00,21,4,115,32.78,0,0,20.57,53,0
25-04-2025 22:00,22,4,115,40.07,0,0,20.09,65.11,0
25-04-2025 23:00,23,4,115,26.45,0,0,11.54,67.11,0
26-04-2025 00:00,0,4,116,58.31,0,0,14.02,63.36,0
26-04-2025 01:00,1,4,116,44.61,0,0,10.17,59.05,0
26-04-2025 02:00,2,4,116,21.97,0,0,14.69,57.07,0
26-04-2025 03:00,3,4,116,45.08,0,0,10.78,65.81,0
26-04-2025 04:00,4,4,116,22.75,0,0,9.33,66.47,0
26-04-2025 05:00,5,4,116,37.56,0,0,9.59,63.96,0
26-04-2025 06:00,6,4,116,29.2,0,0,11.61,59.13,0
26-04-2025 07:00,7,4,116,45.73,170.05,92.29,16.05,65.82,13.93
26-04-2025 08:00,8,4,116,42.02,342.44,198.56,19.19,64.39,28.21
26-04-2025 09:00,9,4,116,10.08,653.63,587.73,18.07,61.33,52.73
26-04-2025 10:00,10,4,116,19.13,741.8,599.93,22.17,58.81,60.6
26-04-2025 11:00,11,4,116,60.76,525.72,206.27,24.2,51.97,41.58
26-04-2025 12:00,12,4,116,35.82,731.34,469.36,25.65,58.65,58.69
26-04-2025 13:00,13,4,116,16,849.99,713.97,27.38,57.58,66.92
26-04-2025 14:00,14,4,116,33.04,651.4,436.15,31.31,53.65,49.06
26-04-2025 15:00,15,4,116,33.17,531.18,354.97,31.19,46.58,41.92
26-04-2025 16:00,16,4,116,58.65,280.07,115.82,28.65,49.11,21.11
26-04-2025 17:00,17,4,116,52.39,157.11,74.79,29.78,50.92,12.21
26-04-2025 18:00,18,4,116,48.25,0,0,26.14,63.86,0
26-04-2025 19:00,19,4,116,54.76,0,0,24.16,54.53,0
26-04-2025 20:00,20,4,116,0,0,0,20.01,64.85,0
26-04-2025 21:00,21,4,116,32.86,0,0,18.39,59.01,0
26-04-2025 22:00,22,4,116,32.71,0,0,18.73,61.47,0
26-04-2025 23:00,23,4,116,42.53,0,0,13.65,58.6,0
27-04-2025 00:00,0,4,117,16.67,0,0,14.23,62.62,0
27-04-2025 01:00,1,4,117,46.05,0,0,13.22,64.28,0
27-04-2025 02:00,2,4,117,33.28,0,0,10.64,63.79,0
27-04-2025 03:00,3,4,117,34.02,0,0,10.65,58.54,0
27-04-2025 04:00,4,4,117,21.09,0,0,11.87,68.06,0
27-04-2025 05:00,5,4,117,0,0,0,9.36,62.82,0
27-04-2025 06:00,6,4,117,35.22,0,0,12.01,61.66,0
27-04-2025 07:00,7,4,117,35.94,189.05,121.11,13.34,61.44,14.25
27-04-2025 08:00,8,4,117,16.98,436.31,362.21,20.96,51.44,36.94
27-04-2025 09:00,9,4,117,72.55,322.34,88.48,19.36,59.93,27.41
27-04-2025 10:00,10,4,117,22.84,717.65,553.72,20,53.05,57.9
27-04-2025 11:00,11,4,117,16.35,847.46,708.88,26.83,68.77,67.32
27-04-2025 12:00,12,4,117,7.83,941.28,867.58,26.58,58.34,74.46
27-04-2025 13:00,13,4,117,24.93,785.3,589.5,27.41,69.43,62.01
27-04-2025 14:00,14,4,117,41.97,593.4,344.33,30.79,49.84,45.34
27-04-2025 15:00,15,4,117,2.55,693.58,675.9,28.92,50.3,53.62
27-04-2025 16:00,16,4,117,47.8,320.76,167.45,28.24,55.68,24.84
27-04-2025 17:00,17,4,117,18.12,223.64,183.11,27.77,55.86,16.66
27-04-2025 18:00,18,4,117,6.34,0,0,25.06,50.78,0.84
27-04-2025 19:00,19,4,117,0,0,0,21.72,62,0
27-04-2025 20:00,20,4,117,9.55,0,0,22.13,62.82,0
27-04-2025 21:00,21,4,117,26.08,0,0,24.1,62.22,0
27-04-2025 22:00,22,4,117,5.71,0,0,19.7,57.21,0
27-04-2025 23:00,23,4,117,13.22,0,0,17.68,58.9,0
28-04-2025 00:00,0,4,118,66.72,0,0,13.46,65.6,0
28-04-2025 01:00,1,4,118,73.08,0,0,10.94,63.39,0
28-04-2025 02:00,2,4,118,56.03,0,0,11.37,66.7,0
28-04-2025 03:00,3,4,118,10.27,0,0,9.8,60.71,0
28-04-2025 04:00,4,4,118,76.09,0,0,8.71,73.39,0
28-04-2025 05:00,5,4,118,21.61,0,0,10.54,66.54,0
28-04-2025 06:00,6,4,118,38.59,0,0,14.88,67.24,0
28-04-2025 07:00,7,4,118,23.08,214.01,164.61,15.26,61.61,16.33
28-04-2025 08:00,8,4,118,14.9,444.12,377.95,15.7,53.35,35.05
28-04-2025 09:00,9,4,118,26.56,566.25,415.85,19.67,58.6,45.35
28-04-2025 10:00,10,4,118,44.84,574.76,317.02,21.54,55.55,46.41
28-04-2025 11:00,11,4,118,37.68,692.95,431.84,26.46,58.86,55.29
28-04-2025 12:00,12,4,118,38.96,707.77,432,25.54,60.57,56.61
28-04-2025 13:00,13,4,118,9.26,898.82,815.56,28.36,58.73,69.6
28-04-2025 14:00,14,4,118,6.67,822.69,767.79,28.13,53.46,64.22
28-04-2025 15:00,15,4,118,15.76,623.51,525.22,29.64,56.1,48.14
28-04-2025 16:00,16,4,118,11.24,457.84,406.36,28.6,56.61,35.84
28-04-2025 17:00,17,4,118,45.76,170,92.22,31.18,48.75,11.14
28-04-2025 18:00,18,4,118,0,0,0,26.74,68.44,0
28-04-2025 19:00,19,4,118,21.24,0,0,26.27,51.99,0
28-04-2025 20:00,20,4,118,49.97,0,0,21.38,64.16,0
28-04-2025 21:00,21,4,118,25.47,0,0,19.93,56.32,0
28-04-2025 22:00,22,4,118,21.05,0,0,17.76,60.04,0
28-04-2025 23:00,23,4,118,36.98,0,0,17.78,61.27,0
29-04-2025 00:00,0,4,119,0,0,0,8.23,60.8,0
29-04-2025 01:00,1,4,119,0,0,0,14.48,61.54,0
29-04-2025 02:00,2,4,119,34.19,0,0,10.01,67.74,0
29-04-2025 03:00,3,4,119,40.18,0,0,11.45,59.17,0
29-04-2025 04:00,4,4,119,45.56,0,0,9.81,66.46,0
29-04-2025 05:00,5,4,119,53.08,0,0,8.78,69.43,0
29-04-2025 06:00,6,4,119,16.55,0,0,9.48,58.89,0
29-04-2025 07:00,7,4,119,26.53,207.33,152.34,18.96,66.31,16.3
29-04-2025 08:00,8,4,119,32.86,376.78,252.98,18.37,63.38,29.73
29-04-2025 09:00,9,4,119,27.25,562.61,409.32,21.01,66.84,42.53
29-04-2025 10:00,10,4,119,59.46,479.82,194.52,22.86,63.49,38.72
29-04-2025 11:00,11,4,119,43.06,654.01,372.42,22.19,58.59,52.09
29-04-2025 12:00,12,4,119,22.84,828.73,639.49,27.74,58.07,67.27
29-04-2025 13:00,13,4,119,26.12,776.7,573.82,29.09,64.13,61.7
29-04-2025 14:00,14,4,119,39.62,608.68,367.52,29.91,50.55,47.28
29-04-2025 15:00,15,4,119,16.68,618.67,515.51,32.63,58.94,47.54
29-04-2025 16:00,16,4,119,7.83,470.63,433.77,31.01,57.63,36.51
29-04-2025 17:00,17,4,119,47.08,167.43,88.6,28.48,61.09,13.27
29-04-2025 18:00,18,4,119,17.76,0,0,25.47,52.79,1.01
29-04-2025 19:00,19,4,119,45.77,0,0,26.01,60.14,0
29-04-2025 20:00,20,4,119,31.16,0,0,21.08,60.23,0
29-04-2025 21:00,21,4,119,53.43,0,0,20.25,56.94,0
29-04-2025 22:00,22,4,119,26.18,0,0,15.84,60.23,0
29-04-2025 23:00,23,4,119,17.88,0,0,18.79,62.38,0
30-04-2025 00:00,0,4,120,17.19,0,0,15.7,69.61,0
30-04-2025 01:00,1,4,120,58.97,0,0,12.99,64.6,0
30-04-2025 02:00,2,4,120,0,0,0,8.98,64,0
30-04-2025 03:00,3,4,120,26.19,0,0,8.09,74.83,0
30-04-2025 04:00,4,4,120,54,0,0,12.36,73.48,0
30-04-2025 05:00,5,4,120,24.16,0,0,9.84,61.04,0
30-04-2025 06:00,6,4,120,46.39,0,0,11.3,67,0
30-04-2025 07:00,7,4,120,45.7,170.1,92.36,17.73,60.39,12.11
30-04-2025 08:00,8,4,120,29.78,388.31,272.66,21.65,55.37,31.83
30-04-2025 09:00,9,4,120,64.47,365.21,129.77,20.32,66.6,28.13
30-04-2025 10:00,10,4,120,13.13,780.74,678.23,25.32,58.9,61.85
30-04-2025 11:00,11,4,120,40.29,674.02,402.43,23.05,61.27,54.07
30-04-2025 12:00,12,4,120,8.59,935.59,855.25,31.41,57.94,71.48
30-04-2025 13:00,13,4,120,22.16,805.36,626.86,29.45,57.52,64.22
30-04-2025 14:00,14,4,120,42.86,587.65,335.79,33.66,55.33,44.61
30-04-2025 15:00,15,4,120,9.28,657.9,596.85,29.69,57.4,51.41
30-04-2025 16:00,16,4,120,44.4,333.49,185.41,30.47,46.77,26.44
30-04-2025 17:00,17,4,120,51.52,158.8,76.98,28.13,52.03,10.48
30-04-2025 18:00,18,4,120,18.08,0,0,26.63,53.53,0
30-04-2025 19:00,19,4,120,49.43,0,0,27.48,49.41,0
30-04-2025 20:00,20,4,120,36.1,0,0,23.14,68.63,0
30-04-2025 21:00,21,4,120,30.26,0,0,18.17,70.04,0
30-04-2025 22:00,22,4,120,49.7,0,0,18.23,59.92,0
30-04-2025 23:00,23,4,120,41.26,0,0,16.64,70.05,0
01-05-2025 00:00,0,5,121,14.94,0,0,12.13,67.26,0
01-05-2025 01:00,1,5,121,28.1,0,0,14.49,68.43,0
01-05-2025 02:00,2,5,121,14.94,0,0,7.36,70.91,0
01-05-2025 03:00,3,5,121,15.43,0,0,10.4,62.46,0
01-05-2025 04:00,4,5,121,0,0,0,8.68,65.06,0
01-05-2025 05:00,5,5,121,27.02,0,0,8.22,68.26,0
01-05-2025 06:00,6,5,121,21.32,0,0,11.85,69.52,0
01-05-2025 07:00,7,5,121,21.45,217.18,170.6,14.61,68.15,16.35
01-05-2025 08:00,8,5,121,21.61,418.98,328.46,16.03,62.91,32.22
01-05-2025 09:00,9,5,121,33.77,528.04,349.74,22.73,46.54,41.31
01-05-2025 10:00,10,5,121,47.63,556.63,291.48,22.63,64.79,44.76
01-05-2025 11:00,11,5,121,65.04,494.76,172.98,22.96,65.72,38.54
01-05-2025 12:00,12,5,121,32.98,752.67,504.46,26.29,49.86,60.09
01-05-2025 13:00,13,5,121,32.92,727.46,488,28.13,58.93,57.34
01-05-2025 14:00,14,5,121,49.49,544.58,275.07,27.66,65.68,42.76
01-05-2025 15:00,15,5,121,35.77,517.42,332.35,32.04,58.02,39.06
01-05-2025 16:00,16,5,121,8.97,466.37,424.55,28.28,57.37,38.05
01-05-2025 17:00,17,5,121,53.21,155.54,72.78,28.26,59.65,13.05
01-05-2025 18:00,18,5,121,33.49,0,0,28.42,57.14,0.46
01-05-2025 19:00,19,5,121,74.3,0,0,21.74,63.17,0
01-05-2025 20:00,20,5,121,29.83,0,0,20.16,52.65,0
01-05-2025 21:00,21,5,121,11.18,0,0,23.48,68.62,0
01-05-2025 22:00,22,5,121,23.98,0,0,18.63,54.39,0
01-05-2025 23:00,23,5,121,20.22,0,0,13.09,69.63,0
02-05-2025 00:00,0,5,122,37.27,0,0,13.59,63.78,0
02-05-2025 01:00,1,5,122,32.96,0,0,10.99,72.95,0
02-05-2025 02:00,2,5,122,54.76,0,0,10.08,61.49,0
02-05-2025 03:00,3,5,122,30.33,0,0,9.05,63.54,0
02-05-2025 04:00,4,5,122,22.84,0,0,10.34,67.66,0
02-05-2025 05:00,5,5,122,13.83,0,0,12.62,63.6,0
02-05-2025 06:00,6,5,122,45.8,0,0,12.89,59.46,0
02-05-2025 07:00,7,5,122,19.85,220.28,176.56,19.41,52.51,18.28
02-05-2025 08:00,8,5,122,74.19,221.78,57.24,16.75,56.39,17.15
02-05-2025 09:00,9,5,122,43.42,476.83,269.78,16.6,66.23,38.3
02-05-2025 10:00,10,5,122,23.75,711.76,542.71,22.84,57.29,55.87
02-05-2025 11:00,11,5,122,11.51,882.54,780.95,22.43,60.25,70.11
02-05-2025 12:00,12,5,122,34.17,743.72,489.59,25.93,60.11,58.85
02-05-2025 13:00,13,5,122,12.1,878.24,771.93,29.07,52.28,68.3
02-05-2025 14:00,14,5,122,2.17,851.95,833.49,29.89,54.74,65.16
02-05-2025 15:00,15,5,122,54.39,418.64,190.92,29.93,52.05,32.1
02-05-2025 16:00,16,5,122,2.11,492.1,481.73,32.04,47.07,38.54
02-05-2025 17:00,17,5,122,0,258.82,258.82,28.47,54.98,20.27
02-05-2025 18:00,18,5,122,47.65,0,0,24.55,54.91,2.08
02-05-2025 19:00,19,5,122,49.84,0,0,25.08,59.23,0
02-05-2025 20:00,20,5,122,40.55,0,0,24.28,54.8,0
02-05-2025 21:00,21,5,122,18.17,0,0,21.54,52.16,0
02-05-2025 22:00,22,5,122,29.72,0,0,14.39,58.27,0
02-05-2025 23:00,23,5,122,0,0,0,14.54,62.04,0
03-05-2025 00:00,0,5,123,2.84,0,0,10.25,67.8,0
03-05-2025 01:00,1,5,123,52.89,0,0,14.02,64.26,0
03-05-2025 02:00,2,5,123,41.53,0,0,9.83,57.14,0
03-05-2025 03:00,3,5,123,37.99,0,0,7.06,73.77,0
03-05-2025 04:00,4,5,123,34.51,0,0,10.64,54.82,0
03-05-2025 05:00,5,5,123,40.91,0,0,10.27,62.52,0
03-05-2025 06:00,6,5,123,39.14,0,0,12,62.85,0
03-05-2025 07:00,7,5,123,16.41,226.96,189.7,12.09,71.3,18.1
03-05-2025 08:00,8,5,123,46.07,327.24,176.48,19.42,63.62,27.17
03-05-2025 09:00,9,5,123,30.78,543.89,376.51,22.01,55.76,42.65
03-05-2025 10:00,10,5,123,60.19,475.09,189.14,25.82,53.07,38.46
03-05-2025 11:00,11,5,123,62.72,511.54,190.69,25.66,47.81,42.3
03-05-2025 12:00,12,5,123,23.98,820.17,623.51,26.9,54.51,64.72
03-05-2025 13:00,13,5,123,13.8,865.99,746.52,27.99,62.9,66.28
03-05-2025 14:00,14,5,123,54.61,511.32,232.09,29.27,65.06,38.51
03-05-2025 15:00,15,5,123,26.81,564.93,413.48,33.9,57.21,42.04
03-05-2025 16:00,16,5,123,25.78,403.32,299.34,30.75,58.94,31.05
03-05-2025 17:00,17,5,123,24.97,210.36,157.84,28.61,52.84,17.94
03-05-2025 18:00,18,5,123,65.11,0,0,28.74,55.83,0
03-05-2025 19:00,19,5,123,18.47,0,0,26.5,53.85,0
03-05-2025 20:00,20,5,123,66.25,0,0,24.24,63.6,0
03-05-2025 21:00,21,5,123,24.86,0,0,17.56,53.78,0
03-05-2025 22:00,22,5,123,7.11,0,0,19.54,63.24,0
03-05-2025 23:00,23,5,123,37.22,0,0,14.55,61.53,0
04-05-2025 00:00,0,5,124,76.06,0,0,13.08,63.41,0
04-05-2025 01:00,1,5,124,35.66,0,0,8.75,57.6,0
04-05-2025 02:00,2,5,124,43.9,0,0,11.41,63.11,0
04-05-2025 03:00,3,5,124,71.22,0,0,6.62,69.62,0
04-05-2025 04:00,4,5,124,3.16,0,0,11.06,59.05,0
04-05-2025 05:00,5,5,124,40.82,0,0,10.29,64,0
04-05-2025 06:00,6,5,124,0,0,0,11.2,66.91,0
04-05-2025 07:00,7,5,124,8.79,241.76,220.51,10.58,53.54,19.51
04-05-2025 08:00,8,5,124,45.42,329.68,179.94,19.94,57.44,27.11
04-05-2025 09:00,9,5,124,18.43,609.35,497.03,19.15,62.92,48.21
04-05-2025 10:00,10,5,124,25.97,697.36,516.26,23.96,64.65,55.17
04-05-2025 11:00,11,5,124,59.42,535.44,217.26,26.21,61.72,42.67
04-05-2025 12:00,12,5,124,22.96,827.79,637.71,29.19,51.76,63.89
04-05-2025 13:00,13,5,124,26.7,772.52,566.27,29.43,57.17,60.41
04-05-2025 14:00,14,5,124,12.71,783.46,683.87,29.9,50.64,62.76
04-05-2025 15:00,15,5,124,33.71,528.33,350.23,27.79,51.52,41.88
04-05-2025 16:00,16,5,124,35.61,366.47,235.98,28.27,57.76,28.69
04-05-2025 17:00,17,5,124,0,258.82,258.82,30.45,56.99,19.34
04-05-2025 18:00,18,5,124,36.13,0,0,26.39,57.9,0
04-05-2025 19:00,19,5,124,29.7,0,0,26.42,58.74,0
04-05-2025 20:00,20,5,124,33.72,0,0,19.85,64.53,0
04-05-2025 21:00,21,5,124,13.97,0,0,17.25,62.05,0
04-05-2025 22:00,22,5,124,41.26,0,0,16.89,60.28,0
04-05-2025 23:00,23,5,124,49.35,0,0,19.48,58.57,0
05-05-2025 00:00,0,5,125,38.76,0,0,18.31,57.72,0
05-05-2025 01:00,1,5,125,35.07,0,0,11.37,70.81,0
05-05-2025 02:00,2,5,125,36.55,0,0,10.8,59.49,0
05-05-2025 03:00,3,5,125,26.22,0,0,5.31,61.71,0
05-05-2025 04:00,4,5,125,57.52,0,0,8.26,65.07,0
05-05-2025 05:00,5,5,125,43.63,0,0,10.58,64.68,0
05-05-2025 06:00,6,5,125,16.87,0,0,12.81,64.34,0
05-05-2025 07:00,7,5,125,37.98,185.1,114.8,17.97,56.46,15.42
05-05-2025 08:00,8,5,125,40.62,347.69,206.47,15.15,61.75,28.86
05-05-2025 09:00,9,5,125,83.88,262.27,42.28,20.27,68.66,19.13
05-05-2025 10:00,10,5,125,7.7,815.99,753.13,20.38,67.63,65.25
05-05-2025 11:00,11,5,125,52.27,587.29,280.34,22.74,57.6,46.03
05-05-2025 12:00,12,5,125,39.93,700.52,420.8,26.67,51.63,56.97
05-05-2025 13:00,13,5,125,35.02,712.24,462.83,27.62,55.71,55.79
05-05-2025 14:00,14,5,125,46.4,564.63,302.62,30.02,52.23,43.1
05-05-2025 15:00,15,5,125,30.87,543.39,375.64,30.85,55.66,42.61
05-05-2025 16:00,16,5,125,48.46,318.28,164.04,29.81,53.74,24.91
05-05-2025 17:00,17,5,125,46.23,169.08,90.92,29.37,54.11,12.41
05-05-2025 18:00,18,5,125,35.26,0,0,27.45,57.79,1.47
05-05-2025 19:00,19,5,125,40.42,0,0,21.86,51.49,0
05-05-2025 20:00,20,5,125,47.76,0,0,22.57,50.51,0
05-05-2025 21:00,21,5,125,0,0,0,18.19,61.04,0
05-05-2025 22:00,22,5,125,49.56,0,0,14.86,59.44,0
05-05-2025 23:00,23,5,125,27.75,0,0,15.78,58.18,0
06-05-2025 00:00,0,5,126,17.86,0,0,13.11,57.5,0
06-05-2025 01:00,1,5,126,18.29,0,0,5.18,58.67,0
06-05-2025 02:00,2,5,126,22.56,0,0,11.84,64.64,0
06-05-2025 03:00,3,5,126,51.35,0,0,8.23,66.5,0
06-05-2025 04:00,4,5,126,11.89,0,0,10.57,69.63,0
06-05-2025 05:00,5,5,126,0,0,0,9.8,67.91,0
06-05-2025 06:00,6,5,126,87.31,0,0,10.54,68.78,0
06-05-2025 07:00,7,5,126,48.13,165.4,85.8,13.36,65.91,13.78
06-05-2025 08:00,8,5,126,18.43,430.88,351.45,17.33,68.64,32.99
06-05-2025 09:00,9,5,126,27.97,558.76,402.46,18.53,66.14,44.88
06-05-2025 10:00,10,5,126,37.16,624.64,392.5,20.72,60.83,49.72
06-05-2025 11:00,11,5,126,54.39,571.93,260.88,26.78,55.38,44.62
06-05-2025 12:00,12,5,126,29.3,780.23,551.6,24.98,56.63,62.91
06-05-2025 13:00,13,5,126,24.95,785.19,589.3,30.5,46.92,62.02
06-05-2025 14:00,14,5,126,23.62,712.63,544.33,30.41,61.28,57.96
06-05-2025 15:00,15,5,126,29.09,552.81,391.98,27.05,55.7,45.9
06-05-2025 16:00,16,5,126,34.06,372.26,245.45,30.05,55.26,29.96
06-05-2025 17:00,17,5,126,0,258.82,258.82,29.34,49.98,20.21
06-05-2025 18:00,18,5,126,23.72,0,0,26.58,52.31,1.11
06-05-2025 19:00,19,5,126,59.85,0,0,25.67,53.7,0
06-05-2025 20:00,20,5,126,9.32,0,0,22.17,63.22,0
06-05-2025 21:00,21,5,126,27.21,0,0,17.64,63.08,0
06-05-2025 22:00,22,5,126,50.15,0,0,15.03,64.05,0
06-05-2025 23:00,23,5,126,52.26,0,0,14.16,67.08,0
07-05-2025 00:00,0,5,127,0,0,0,16.49,61.13,0
07-05-2025 01:00,1,5,127,18.17,0,0,12.57,70.93,0
07-05-2025 02:00,2,5,127,42.86,0,0,9.66,71.06,0
07-05-2025 03:00,3,5,127,0,0,0,10.68,63.84,0
07-05-2025 04:00,4,5,127,17.81,0,0,11.68,70.19,0
07-05-2025 05:00,5,5,127,34.28,0,0,13.13,56.57,0
07-05-2025 06:00,6,5,127,45.71,0,0,12.36,70.92,0
07-05-2025 07:00,7,5,127,31.29,198.09,136.11,18.21,59.97,15.05
07-05-2025 08:00,8,5,127,9.85,463.05,417.43,22.3,54.28,36.44
07-05-2025 09:00,9,5,127,15.24,626.3,530.87,19.47,58.27,49.36
07-05-2025 10:00,10,5,127,40.82,600.9,355.62,25.02,55.6,46.37
07-05-2025 11:00,11,5,127,19.06,827.85,670.06,28.48,55.03,64.38
07-05-2025 12:00,12,5,127,48.23,638.28,330.44,28.12,61.14,47.61
07-05-2025 13:00,13,5,127,17.28,840.76,695.5,29.63,52.56,65.49
07-05-2025 14:00,14,5,127,1.02,859.4,850.62,26.45,53.98,67.84
07-05-2025 15:00,15,5,127,25.24,573.27,428.59,32.6,58.61,43.62
07-05-2025 16:00,16,5,127,1.51,494.33,486.87,31.75,59.35,37.85
07-05-2025 17:00,17,5,127,50.53,160.73,79.51,30.56,51.19,14.35
07-05-2025 18:00,18,5,127,38.58,0,0,27.1,55.2,0
07-05-2025 19:00,19,5,127,27.95,0,0,25.17,50.62,0
07-05-2025 20:00,20,5,127,0,0,0,21.35,55.17,0
07-05-2025 21:00,21,5,127,0,0,0,20.04,58.63,0
07-05-2025 22:00,22,5,127,9.65,0,0,21.21,57.08,0
07-05-2025 23:00,23,5,127,35.18,0,0,14.12,58.49,0
08-05-2025 00:00,0,5,128,13.69,0,0,14.27,58.85,0
08-05-2025 01:00,1,5,128,59.37,0,0,9.96,57.55,0
08-05-2025 02:00,2,5,128,24.03,0,0,8.92,66.15,0
08-05-2025 03:00,3,5,128,0,0,0,10.5,61.55,0
08-05-2025 04:00,4,5,128,52.43,0,0,9.23,63.28,0
08-05-2025 05:00,5,5,128,17.63,0,0,10.24,68.96,0
08-05-2025 06:00,6,5,128,35.68,0,0,15.44,64.82,0
08-05-2025 07:00,7,5,128,27.01,206.4,150.66,12.91,63.31,16.17
08-05-2025 08:00,8,5,128,44.45,333.32,185.17,17.42,58.83,25.98
08-05-2025 09:00,9,5,128,69.33,339.43,104.1,23.24,64.38,27.31
08-05-2025 10:00,10,5,128,0,866.03,866.03,23.45,59.39,70.15
08-05-2025 11:00,11,5,128,60.33,528.88,209.81,23.07,62.48,41
08-05-2025 12:00,12,5,128,53.7,597.24,276.52,28.27,51.18,46.14
08-05-2025 13:00,13,5,128,36.51,701.41,445.3,30.81,55.31,53.72
08-05-2025 14:00,14,5,128,42.97,586.92,334.72,29.45,53.59,48.04
08-05-2025 15:00,15,5,128,30.37,546.07,380.25,26.51,62.12,44.35
08-05-2025 16:00,16,5,128,57.15,285.68,122.41,30.4,45.07,22.53
08-05-2025 17:00,17,5,128,42.97,175.4,100.03,29.42,58.52,13.21
08-05-2025 18:00,18,5,128,22.24,0,0,29.39,66.23,0.94
08-05-2025 19:00,19,5,128,45.49,0,0,24.32,50.5,0
08-05-2025 20:00,20,5,128,70.97,0,0,21.66,55.87,0
08-05-2025 21:00,21,5,128,56.41,0,0,17.43,57.55,0
08-05-2025 22:00,22,5,128,22.71,0,0,16.78,62.95,0
08-05-2025 23:00,23,5,128,0,0,0,16.12,57.45,0
09-05-2025 00:00,0,5,129,16.37,0,0,9.82,62.19,0
09-05-2025 01:00,1,5,129,52.1,0,0,11.1,68.13,0
09-05-2025 02:00,2,5,129,39.86,0,0,11.7,62.8,0
09-05-2025 03:00,3,5,129,21.23,0,0,6.42,76.74,0
09-05-2025 04:00,4,5,129,49.94,0,0,9.7,61.4,0
09-05-2025 05:00,5,5,129,30.76,0,0,12.2,67.94,0
09-05-2025 06:00,6,5,129,12.49,0,0,10.77,69.95,0
09-05-2025 07:00,7,5,129,41.62,178.03,103.93,15.29,67.46,13.17
09-05-2025 08:00,8,5,129,0,500,500,14.7,63.47,41.34
09-05-2025 09:00,9,5,129,43.71,475.31,267.56,16.74,57.82,39.27
09-05-2025 10:00,10,5,129,65.8,438.64,150.02,19.45,56.53,34.63
09-05-2025 11:00,11,5,129,47.84,619.36,323.06,26.44,58.7,48.77
09-05-2025 12:00,12,5,129,0,1000,1000,24.07,52.93,80
09-05-2025 13:00,13,5,129,22.54,802.66,621.77,27.25,49.46,65.33
09-05-2025 14:00,14,5,129,6.59,823.25,769.04,30.87,65.08,62.41
09-05-2025 15:00,15,5,129,39.48,497.76,301.27,26.79,65.37,39.76
09-05-2025 16:00,16,5,129,36.52,363.06,230.48,31.59,49.62,28.86
09-05-2025 17:00,17,5,129,41.31,178.62,104.83,25.77,60.47,13.81
09-05-2025 18:00,18,5,129,33.66,0,0,27.39,60.67,0.84
09-05-2025 19:00,19,5,129,45.08,0,0,28.39,56.2,0
09-05-2025 20:00,20,5,129,7.39,0,0,20.98,68.43,0
09-05-2025 21:00,21,5,129,36.07,0,0,17.77,68.98,0
09-05-2025 22:00,22,5,129,20.73,0,0,19.09,54.51,0
09-05-2025 23:00,23,5,129,49.96,0,0,16.79,55.99,0
10-05-2025 00:00,0,5,130,20.84,0,0,10.82,59.84,0
10-05-2025 01:00,1,5,130,37.22,0,0,13.52,66.7,0
10-05-2025 02:00,2,5,130,10.27,0,0,9.31,71.8,0
10-05-2025 03:00,3,5,130,30.78,0,0,11.32,61.34,0
10-05-2025 04:00,4,5,130,24.52,0,0,6.9,69.89,0
10-05-2025 05:00,5,5,130,31.29,0,0,9.65,70.95,0
10-05-2025 06:00,6,5,130,30.66,0,0,16.58,64.01,0
10-05-2025 07:00,7,5,130,27.68,205.09,148.32,14.67,62.79,16.67
10-05-2025 08:00,8,5,130,6.77,474.62,442.49,16.55,62.87,37.81
10-05-2025 09:00,9,5,130,0,707.11,707.11,20.01,57.59,56.84
10-05-2025 10:00,10,5,130,22.57,719.43,557.06,20.4,49.14,56.76
10-05-2025 11:00,11,5,130,47.22,623.84,329.26,28.39,54.79,49.52
10-05-2025 12:00,12,5,130,25.73,807,599.32,26.61,50.17,62.77
10-05-2025 13:00,13,5,130,29.07,755.35,535.78,27.28,58.51,59.25
10-05-2025 14:00,14,5,130,34.31,643.19,422.52,32.58,52.2,48.49
10-05-2025 15:00,15,5,130,15.69,623.91,526.04,26.91,59.74,49.55
10-05-2025 16:00,16,5,130,24.69,407.42,306.84,32.62,56.79,32.77
10-05-2025 17:00,17,5,130,57.42,147.36,62.74,32.14,48.79,12.16
10-05-2025 18:00,18,5,130,29.05,0,0,27.04,56.45,0
10-05-2025 19:00,19,5,130,27.31,0,0,23.89,48.44,0
10-05-2025 20:00,20,5,130,3.42,0,0,25.31,59.31,0
10-05-2025 21:00,21,5,130,16.6,0,0,20.47,58.58,0
10-05-2025 22:00,22,5,130,25.95,0,0,17.45,57.87,0
10-05-2025 23:00,23,5,130,14.1,0,0,20.03,63.44,0
11-05-2025 00:00,0,5,131,50.03,0,0,14.23,59.02,0
11-05-2025 01:00,1,5,131,0.31,0,0,12.66,63.56,0
11-05-2025 02:00,2,5,131,9.86,0,0,11.5,59.41,0
11-05-2025 03:00,3,5,131,50.89,0,0,11.38,70.05,0
11-05-2025 04:00,4,5,131,22.67,0,0,12.92,64.38,0
11-05-2025 05:00,5,5,131,39.64,0,0,13.25,65.02,0
11-05-2025 06:00,6,5,131,41.81,0,0,13.07,66.33,0
11-05-2025 07:00,7,5,131,21.63,216.84,169.95,13.44,67.86,16.95
11-05-2025 08:00,8,5,131,45.28,330.21,180.69,18.21,57.63,28.58
11-05-2025 09:00,9,5,131,9.64,655.97,592.73,15.73,61.66,52.98
11-05-2025 10:00,10,5,131,49.85,542.23,271.93,21.14,57.52,43.91
11-05-2025 11:00,11,5,131,42.6,657.3,377.27,25.08,59.35,51.56
11-05-2025 12:00,12,5,131,35.7,732.24,470.82,25.51,61.06,57.64
11-05-2025 13:00,13,5,131,7.32,912.88,846.03,29.29,55.07,72.53
11-05-2025 14:00,14,5,131,40.57,602.53,358.1,33.28,55.87,47.81
11-05-2025 15:00,15,5,131,20.82,596.69,472.46,29.11,58.35,48.36
11-05-2025 16:00,16,5,131,12.83,451.87,393.88,31.01,57.26,35.13
11-05-2025 17:00,17,5,131,36.93,187.13,118.02,30.22,47.62,14.65
11-05-2025 18:00,18,5,131,20.35,0,0,31.36,55.86,0
11-05-2025 19:00,19,5,131,11.65,0,0,27.18,62.48,0
11-05-2025 20:00,20,5,131,38.52,0,0,24.99,72.12,0
11-05-2025 21:00,21,5,131,43.52,0,0,19.59,63.26,0
11-05-2025 22:00,22,5,131,14.63,0,0,19.13,63.23,0
11-05-2025 23:00,23,5,131,49.43,0,0,12.9,61.88,0
12-05-2025 00:00,0,5,132,10.05,0,0,14.35,65.45,0
12-05-2025 01:00,1,5,132,29.05,0,0,12.52,70.65,0
12-05-2025 02:00,2,5,132,36.54,0,0,12.54,71.51,0
12-05-2025 03:00,3,5,132,6.48,0,0,11.48,59.92,0
12-05-2025 04:00,4,5,132,37.06,0,0,13.28,67.5,0
12-05-2025 05:00,5,5,132,83.21,0,0,10.79,65.25,0
12-05-2025 06:00,6,5,132,64.09,0,0,15.25,58.85,0
12-05-2025 07:00,7,5,132,40.83,179.57,106.25,12.98,66.26,13.69
12-05-2025 08:00,8,5,132,25.74,403.49,299.64,16.17,57.29,32.24
12-05-2025 09:00,9,5,132,58.28,398.05,166.08,22.4,63.31,29.84
12-05-2025 10:00,10,5,132,10.41,798.38,715.24,20.3,59.94,63.66
12-05-2025 11:00,11,5,132,12.24,877.27,769.92,24.22,56.03,70.98
12-05-2025 12:00,12,5,132,11.71,912.16,805.32,25.92,51.34,72.25
12-05-2025 13:00,13,5,132,43.73,649.11,365.24,26.36,59.34,52.16
12-05-2025 14:00,14,5,132,32.83,652.78,438.46,28.75,57.5,51.74
12-05-2025 15:00,15,5,132,22.56,587.46,454.93,28.48,59.02,45.8
12-05-2025 16:00,16,5,132,23.9,410.38,312.3,27.7,56.89,31.24
12-05-2025 17:00,17,5,132,26.57,207.24,152.17,29.25,50.49,18.4
12-05-2025 18:00,18,5,132,13.22,0,0,24.57,56.72,0.71
12-05-2025 19:00,19,5,132,39.01,0,0,25.81,65.31,0
12-05-2025 20:00,20,5,132,7.51,0,0,23.7,64.79,0
12-05-2025 21:00,21,5,132,28.6,0,0,19.86,63.9,0
12-05-2025 22:00,22,5,132,0,0,0,17.11,66.98,0
12-05-2025 23:00,23,5,132,47.68,0,0,14.27,58.85,0
13-05-2025 00:00,0,5,133,11.93,0,0,12.68,66.35,0
13-05-2025 01:00,1,5,133,5.2,0,0,10.96,62.22,0
13-05-2025 02:00,2,5,133,21.8,0,0,6.46,73.02,0
13-05-2025 03:00,3,5,133,43.88,0,0,8.86,67.13,0
13-05-2025 04:00,4,5,133,16.05,0,0,9.67,65,0
13-05-2025 05:00,5,5,133,37.89,0,0,13.43,67.58,0
13-05-2025 06:00,6,5,133,0,0,0,11.11,67.5,0
13-05-2025 07:00,7,5,133,51.02,159.78,78.26,14.36,61.47,10.9
13-05-2025 08:00,8,5,133,49.48,314.47,158.88,18.47,58.03,24.78
13-05-2025 09:00,9,5,133,37.84,506.44,314.82,19.41,56.78,39.07
13-05-2025 10:00,10,5,133,47.03,560.57,296.95,23.29,50.31,46.62
13-05-2025 11:00,11,5,133,18.88,829.17,672.64,24.91,61.3,65.72
13-05-2025 12:00,12,5,133,33.75,746.89,494.83,29.73,50.66,59.82
13-05-2025 13:00,13,5,133,29.4,752.95,531.59,32.28,54.57,57.61
13-05-2025 14:00,14,5,133,75.67,374.5,91.1,26.36,58.95,31.3
13-05-2025 15:00,15,5,133,27.78,559.81,404.32,28.18,53.46,42.69
13-05-2025 16:00,16,5,133,34.04,372.35,245.6,32.62,53.79,28.78
13-05-2025 17:00,17,5,133,21.48,217.12,170.49,26.41,60.24,16.64
13-05-2025 18:00,18,5,133,31.81,0,0,28.63,48.95,0
13-05-2025 19:00,19,5,133,6.39,0,0,23.89,55.09,0
13-05-2025 20:00,20,5,133,15.51,0,0,18.87,52.17,0
13-05-2025 21:00,21,5,133,55.68,0,0,21.5,60.91,0
13-05-2025 22:00,22,5,133,25.91,0,0,19.97,53.9,0
13-05-2025 23:00,23,5,133,26.82,0,0,12.92,61.12,0
14-05-2025 00:00,0,5,134,30.84,0,0,11.02,65.83,0
14-05-2025 01:00,1,5,134,52.33,0,0,12.2,57.09,0
14-05-2025 02:00,2,5,134,20.35,0,0,7.66,70.37,0
14-05-2025 03:00,3,5,134,22.65,0,0,8.15,66.82,0
14-05-2025 04:00,4,5,134,33.22,0,0,8.68,65.34,0
14-05-2025 05:00,5,5,134,24.89,0,0,10.52,69.54,0
14-05-2025 06:00,6,5,134,39.55,0,0,14.51,60.84,0
14-05-2025 07:00,7,5,134,56.33,149.47,65.27,17.39,63.2,10.86
14-05-2025 08:00,8,5,134,35.66,366.27,235.66,17.29,64.7,28.93
14-05-2025 09:00,9,5,134,0,707.11,707.11,21.41,55.67,57.74
14-05-2025 10:00,10,5,134,2.23,851.51,832.49,24.58,59.27,68.21
14-05-2025 11:00,11,5,134,11.61,881.85,779.5,25.62,49.69,71.02
14-05-2025 12:00,12,5,134,20.43,846.74,673.72,29.14,55.1,67.82
14-05-2025 13:00,13,5,134,58.98,538.68,220.99,29.18,49.41,41.33
14-05-2025 14:00,14,5,134,22.01,723.1,563.98,29.37,59.37,55.44
14-05-2025 15:00,15,5,134,45.44,466.1,254.28,27.55,50.45,37.44
14-05-2025 16:00,16,5,134,18.34,431.22,352.13,27.68,51.79,33.42
14-05-2025 17:00,17,5,134,39.34,182.45,110.67,25.31,62.52,15.39
14-05-2025 18:00,18,5,134,28.26,0,0,25.37,60.45,0
14-05-2025 19:00,19,5,134,36.13,0,0,23.04,65.6,0
14-05-2025 20:00,20,5,134,24.27,0,0,22.42,60.39,0
14-05-2025 21:00,21,5,134,3.79,0,0,21.09,58.78,0
14-05-2025 22:00,22,5,134,37.04,0,0,15.3,59.15,0
14-05-2025 23:00,23,5,134,31.22,0,0,15.26,70.42,0
15-05-2025 00:00,0,5,135,38.38,0,0,10.89,70.89,0
15-05-2025 01:00,1,5,135,68.62,0,0,13.93,57.68,0
15-05-2025 02:00,2,5,135,39.61,0,0,12.36,67.19,0
15-05-2025 03:00,3,5,135,44.47,0,0,7.77,63.89,0
15-05-2025 04:00,4,5,135,84.68,0,0,12.62,64.45,0
15-05-2025 05:00,5,5,135,35.56,0,0,13.3,54.49,0
15-05-2025 06:00,6,5,135,3.61,0,0,13.79,52.93,0
15-05-2025 07:00,7,5,135,14.13,231.39,198.68,13.41,56.73,18.16
15-05-2025 08:00,8,5,135,5.71,478.57,451.23,20.75,65.47,37.58
15-05-2025 09:00,9,5,135,22.29,588.89,457.63,21.03,50.03,45.81
15-05-2025 10:00,10,5,135,44.14,579.36,323.65,23.54,56.09,45.49
15-05-2025 11:00,11,5,135,28.37,760.37,544.62,23.04,57.34,59.29
15-05-2025 12:00,12,5,135,6.48,951.38,889.71,27.63,54.19,74.67
15-05-2025 13:00,13,5,135,3.11,943.42,914.12,28.22,49.71,75.73
15-05-2025 14:00,14,5,135,26.27,695.41,512.74,26.9,61.36,55.86
15-05-2025 15:00,15,5,135,42.84,479.89,274.28,32.87,47.77,37.31
15-05-2025 16:00,16,5,135,22.76,414.64,320.26,30.49,59.96,33.03
15-05-2025 17:00,17,5,135,47.52,166.58,87.42,27.56,52.32,12.97
15-05-2025 18:00,18,5,135,45.89,0,0,25.47,64.87,0
15-05-2025 19:00,19,5,135,22.84,0,0,22.84,55.47,0
15-05-2025 20:00,20,5,135,28.54,0,0,23.81,53.33,0
15-05-2025 21:00,21,5,135,21.99,0,0,17.1,68.66,0
15-05-2025 22:00,22,5,135,86.02,0,0,15.54,59.29,0
15-05-2025 23:00,23,5,135,0,0,0,16.95,64.42,0
16-05-2025 00:00,0,5,136,43.96,0,0,12.75,65.96,0
16-05-2025 01:00,1,5,136,0,0,0,10.39,67.83,0
16-05-2025 02:00,2,5,136,39.32,0,0,11.18,62.7,0
16-05-2025 03:00,3,5,136,28.22,0,0,11.46,67.76,0
16-05-2025 04:00,4,5,136,9.17,0,0,7.23,65.52,0
16-05-2025 05:00,5,5,136,8.66,0,0,7.95,62.64,0
16-05-2025 06:00,6,5,136,17.61,0,0,11.74,60.91,0
16-05-2025 07:00,7,5,136,54.5,153.03,69.63,15.46,58.99,12.33
16-05-2025 08:00,8,5,136,41.98,342.56,198.73,16.88,72.41,26.25
16-05-2025 09:00,9,5,136,19.47,603.87,486.31,19.52,60.45,47.77
16-05-2025 10:00,10,5,136,31.7,660.16,450.92,23.53,55.42,53.4
16-05-2025 11:00,11,5,136,35.59,708.11,456.11,25.41,52.66,57.59
16-05-2025 12:00,12,5,136,59.23,555.81,226.63,26.3,55.57,42.86
16-05-2025 13:00,13,5,136,25.11,784,587.13,25.58,53.15,62.97
16-05-2025 14:00,14,5,136,0,866.03,866.03,30.86,53.54,67.94
16-05-2025 15:00,15,5,136,39.67,496.72,299.66,28.37,46.24,38.04
16-05-2025 16:00,16,5,136,5.04,481.09,456.83,33.19,51.92,37.65
16-05-2025 17:00,17,5,136,5.67,247.82,233.78,32.95,54.35,17.99
16-05-2025 18:00,18,5,136,10.7,0,0,28.46,55.44,0
16-05-2025 19:00,19,5,136,53.8,0,0,24.66,59.33,0
16-05-2025 20:00,20,5,136,14.02,0,0,19.69,66.45,0
16-05-2025 21:00,21,5,136,49.68,0,0,18.48,65.12,0
16-05-2025 22:00,22,5,136,71.92,0,0,16.31,63,0
16-05-2025 23:00,23,5,136,29.94,0,0,13.77,56.29,0
17-05-2025 00:00,0,5,137,26.82,0,0,12.94,66.47,0
17-05-2025 01:00,1,5,137,17.16,0,0,12.99,59.13,0
17-05-2025 02:00,2,5,137,41.29,0,0,8.47,65.59,0
17-05-2025 03:00,3,5,137,10.75,0,0,9.26,63.02,0
17-05-2025 04:00,4,5,137,10.28,0,0,11.03,64.89,0
17-05-2025 05:00,5,5,137,26.3,0,0,10.25,57.15,0
17-05-2025 06:00,6,5,137,25.4,0,0,14.9,64.76,0
17-05-2025 07:00,7,5,137,36.64,187.7,118.93,13.55,65.24,15.46
17-05-2025 08:00,8,5,137,0,500,500,19.14,51.97,38.94
17-05-2025 09:00,9,5,137,32.04,537.17,365.04,18.72,68.51,44.43
17-05-2025 10:00,10,5,137,31.7,660.1,450.82,24.42,57.6,54.66
17-05-2025 11:00,11,5,137,43.38,651.64,368.94,25.32,53.79,52.54
17-05-2025 12:00,12,5,137,34.77,739.26,482.25,30.06,55.32,57.03
17-05-2025 13:00,13,5,137,48.96,611.26,312.01,25.37,57.44,51.01
17-05-2025 14:00,14,5,137,23.02,716.52,551.59,28.24,54.07,55.9
17-05-2025 15:00,15,5,137,32.25,536.1,363.23,33.12,58.11,40.88
17-05-2025 16:00,16,5,137,46.67,324.99,173.31,30.35,53.67,24.92
17-05-2025 17:00,17,5,137,17.15,225.53,186.86,30.14,53.91,16.92
17-05-2025 18:00,18,5,137,24.4,0,0,31.8,52.89,0
17-05-2025 19:00,19,5,137,19.84,0,0,23.81,49.7,0
17-05-2025 20:00,20,5,137,6.28,0,0,21.43,59.88,0
17-05-2025 21:00,21,5,137,0,0,0,16.98,63.2,0
17-05-2025 22:00,22,5,137,9.69,0,0,17.72,63.23,0
17-05-2025 23:00,23,5,137,17.38,0,0,17.9,50.84,0
18-05-2025 00:00,0,5,138,68.68,0,0,14.41,66.67,0
18-05-2025 01:00,1,5,138,0,0,0,11.14,66.96,0
18-05-2025 02:00,2,5,138,38.95,0,0,11.92,67.11,0
18-05-2025 03:00,3,5,138,9.91,0,0,12.21,68.22,0
18-05-2025 04:00,4,5,138,44.53,0,0,5.78,60.45,0
18-05-2025 05:00,5,5,138,55.22,0,0,12.6,66.49,0
18-05-2025 06:00,6,5,138,36.07,0,0,13.53,64.34,0
18-05-2025 07:00,7,5,138,39.68,181.8,109.67,16.4,61.6,12.99
18-05-2025 08:00,8,5,138,33.42,374.67,249.45,14.7,57.8,30.04
18-05-2025 09:00,9,5,138,0,707.11,707.11,22.33,54.16,56.64
18-05-2025 10:00,10,5,138,29.85,672.16,471.54,21.35,60.47,54.44
18-05-2025 11:00,11,5,138,43.11,653.58,371.79,27.01,57.59,51.98
18-05-2025 12:00,12,5,138,0,1000,1000,27.73,58.79,77.75
18-05-2025 13:00,13,5,138,4.6,932.59,889.67,28.4,52.89,74.39
18-05-2025 14:00,14,5,138,74.78,380.33,95.93,29.91,59.22,30.44
18-05-2025 15:00,15,5,138,0,707.11,707.11,30.41,65.99,55.78
18-05-2025 16:00,16,5,138,33.89,372.91,246.53,30.73,51.59,27.04
18-05-2025 17:00,17,5,138,0,258.82,258.82,26.77,47.76,19.5
18-05-2025 18:00,18,5,138,45.33,0,0,27.84,50.38,0.91
18-05-2025 19:00,19,5,138,25.63,0,0,27.93,64.31,0
18-05-2025 20:00,20,5,138,0,0,0,25.8,54.78,0
18-05-2025 21:00,21,5,138,38.48,0,0,17.84,73.63,0
18-05-2025 22:00,22,5,138,63.51,0,0,16.44,68.8,0
18-05-2025 23:00,23,5,138,23.82,0,0,17.85,64.83,0
19-05-2025 00:00,0,5,139,34.22,0,0,12.19,61.8,0
19-05-2025 01:00,1,5,139,31.48,0,0,7.81,71.05,0
19-05-2025 02:00,2,5,139,49.67,0,0,9.42,66.47,0
19-05-2025 03:00,3,5,139,69.23,0,0,12.42,67.3,0
19-05-2025 04:00,4,5,139,86.26,0,0,10.23,66.78,0
19-05-2025 05:00,5,5,139,59.73,0,0,14.37,57.51,0
19-05-2025 06:00,6,5,139,0,0,0,11.16,58.23,0
19-05-2025 07:00,7,5,139,0,258.82,258.82,17.98,62.6,22.18
19-05-2025 08:00,8,5,139,20.16,424.39,338.83,21.85,59.46,34.33
19-05-2025 09:00,9,5,139,30.8,543.76,376.27,19.23,61.18,44.71
19-05-2025 10:00,10,5,139,64.85,444.79,156.33,24.45,53.11,37.38
19-05-2025 11:00,11,5,139,53.07,581.44,272.85,21.16,61.48,45.73
19-05-2025 12:00,12,5,139,13.8,896.53,772.85,23.13,66.54,71.93
19-05-2025 13:00,13,5,139,4.74,931.6,887.45,30.18,48.06,72.3
19-05-2025 14:00,14,5,139,18.88,743.37,602.99,28.07,55.4,58.87
19-05-2025 15:00,15,5,139,21.05,595.5,470.17,29.41,56.04,45.79
19-05-2025 16:00,16,5,139,15.28,442.71,375.08,32.51,55.58,33.37
19-05-2025 17:00,17,5,139,65.59,131.5,45.24,28.91,56.59,10.79
19-05-2025 18:00,18,5,139,4.7,0,0,29.4,59.4,0.06
19-05-2025 19:00,19,5,139,5.93,0,0,28.53,56.2,0
19-05-2025 20:00,20,5,139,54.61,0,0,22.35,51.73,0
19-05-2025 21:00,21,5,139,19.55,0,0,23.55,52.15,0
19-05-2025 22:00,22,5,139,42.95,0,0,18.3,56.54,0
19-05-2025 23:00,23,5,139,40.85,0,0,12.79,71.22,0
20-05-2025 00:00,0,5,140,40.51,0,0,15.45,63.87,0
20-05-2025 01:00,1,5,140,28.64,0,0,12.91,67.1,0
20-05-2025 02:00,2,5,140,49.31,0,0,10.74,63.19,0
20-05-2025 03:00,3,5,140,23.42,0,0,5.68,67.82,0
20-05-2025 04:00,4,5,140,38.35,0,0,10.02,63.21,0
20-05-2025 05:00,5,5,140,38.31,0,0,9.83,56.62,0
20-05-2025 06:00,6,5,140,13.55,0,0,15.64,64.96,0
20-05-2025 07:00,7,5,140,35.74,189.45,121.74,18.4,51.55,14.6
20-05-2025 08:00,8,5,140,34.44,370.84,243.11,18.51,54.3,30.08
20-05-2025 09:00,9,5,140,47.61,454.62,238.18,18.03,59.56,36.3
20-05-2025 10:00,10,5,140,27.77,685.65,495.25,25.06,61.19,54.06
20-05-2025 11:00,11,5,140,5.94,922.88,868.04,26.5,61.58,74.89
20-05-2025 12:00,12,5,140,33.6,748.02,496.7,26.29,57.68,60.18
20-05-2025 13:00,13,5,140,21.36,811.2,637.95,28.14,49.52,63.18
20-05-2025 14:00,14,5,140,31.8,659.46,449.74,27.32,54.24,52.69
20-05-2025 15:00,15,5,140,41.43,487.4,285.47,26.14,57,41.24
20-05-2025 16:00,16,5,140,36.74,362.22,229.14,26.75,57.7,29.74
20-05-2025 17:00,17,5,140,25.36,209.59,156.43,28.76,50.33,15.27
20-05-2025 18:00,18,5,140,36.82,0,0,28.19,60.69,1.47
20-05-2025 19:00,19,5,140,33.1,0,0,27.92,54.75,0
20-05-2025 20:00,20,5,140,1.97,0,0,19.64,55.27,0
20-05-2025 21:00,21,5,140,32.81,0,0,20.71,60.26,0
20-05-2025 22:00,22,5,140,37.61,0,0,17.97,70.94,0
20-05-2025 23:00,23,5,140,12.68,0,0,17.36,65.22,0
21-05-2025 00:00,0,5,141,20.01,0,0,15.16,57.77,0
21-05-2025 01:00,1,5,141,15.48,0,0,11.81,65.19,0
21-05-2025 02:00,2,5,141,43.31,0,0,11.22,67,0
21-05-2025 03:00,3,5,141,13.31,0,0,13.66,66.7,0
21-05-2025 04:00,4,5,141,12.38,0,0,11.12,68.2,0
21-05-2025 05:00,5,5,141,45.48,0,0,12.9,60.96,0
21-05-2025 06:00,6,5,141,51.11,0,0,15.11,63.52,0
21-05-2025 07:00,7,5,141,65.4,131.86,45.62,15.48,60.52,10.71
21-05-2025 08:00,8,5,141,34.37,371.11,243.56,19.78,58.11,30.45
21-05-2025 09:00,9,5,141,45.17,467.57,256.38,20.36,55.22,38.95
21-05-2025 10:00,10,5,141,20.5,732.87,582.64,19.74,67.2,59.98
21-05-2025 11:00,11,5,141,24.31,789.83,597.84,19.5,51.2,61.34
21-05-2025 12:00,12,5,141,0,1000,1000,25.95,60.09,77.24
21-05-2025 13:00,13,5,141,29.27,753.87,533.2,30.35,55.78,59.5
21-05-2025 14:00,14,5,141,45.92,567.8,307.09,31.61,51.96,44.31
21-05-2025 15:00,15,5,141,20.35,599.2,477.29,32.86,54.93,45.06
21-05-2025 16:00,16,5,141,33.13,375.77,251.28,29.82,57.31,28.87
21-05-2025 17:00,17,5,141,4.32,250.43,239.62,28.42,55.81,21.38
21-05-2025 18:00,18,5,141,16.17,0,0,30.45,53.06,0.44
21-05-2025 19:00,19,5,141,41.21,0,0,21.81,56.53,0
21-05-2025 20:00,20,5,141,42.83,0,0,26.6,53.46,0
21-05-2025 21:00,21,5,141,20.19,0,0,19.63,58.14,0
21-05-2025 22:00,22,5,141,26.81,0,0,18.68,67.45,0
21-05-2025 23:00,23,5,141,34.42,0,0,14.07,68.56,0
22-05-2025 00:00,0,5,142,77.54,0,0,12.78,75.16,0
22-05-2025 01:00,1,5,142,29.46,0,0,11.35,72.03,0
22-05-2025 02:00,2,5,142,0,0,0,12.62,66.41,0
22-05-2025 03:00,3,5,142,0,0,0,6.46,77.51,0
22-05-2025 04:00,4,5,142,6.06,0,0,10.81,68.23,0
22-05-2025 05:00,5,5,142,42.95,0,0,11.77,67.36,0
22-05-2025 06:00,6,5,142,28.12,0,0,14.69,67,0
22-05-2025 07:00,7,5,142,28.67,203.16,144.9,11.43,66.58,17.16
22-05-2025 08:00,8,5,142,25.99,402.55,297.95,18.11,64.69,31.82
22-05-2025 09:00,9,5,142,10.65,650.64,581.35,18.23,65.74,53.45
22-05-2025 10:00,10,5,142,58.7,484.77,200.22,25.32,63.91,40.63
22-05-2025 11:00,11,5,142,43.85,648.29,364.04,23.96,69.9,52.47
22-05-2025 12:00,12,5,142,88.05,339.59,40.57,28.29,61.74,27.74
22-05-2025 13:00,13,5,142,26.82,771.63,564.69,24.91,62.88,60.11
22-05-2025 14:00,14,5,142,76.34,370.18,87.58,30.27,53.94,29.35
22-05-2025 15:00,15,5,142,26.75,565.22,414,29.73,50.41,42.94
22-05-2025 16:00,16,5,142,0,500,500,28.61,53.88,41.34
22-05-2025 17:00,17,5,142,14,231.64,199.2,30.39,50.28,17.71
22-05-2025 18:00,18,5,142,57,0,0,26.77,61.53,1.03
22-05-2025 19:00,19,5,142,21.88,0,0,21.24,67.8,0
22-05-2025 20:00,20,5,142,44.12,0,0,22.42,62.37,0
22-05-2025 21:00,21,5,142,10.1,0,0,19.66,68.25,0
22-05-2025 22:00,22,5,142,60.83,0,0,19.62,60.77,0
22-05-2025 23:00,23,5,142,40.25,0,0,15.44,64.05,0
23-05-2025 00:00,0,5,143,52.57,0,0,12.28,68.52,0
23-05-2025 01:00,1,5,143,18.33,0,0,10.05,63.69,0
23-05-2025 02:00,2,5,143,17.31,0,0,11.29,55.03,0
23-05-2025 03:00,3,5,143,47.88,0,0,7.57,63.39,0
23-05-2025 04:00,4,5,143,32.45,0,0,10.01,65.78,0
23-05-2025 05:00,5,5,143,34.78,0,0,10.27,71.97,0
23-05-2025 06:00,6,5,143,50.66,0,0,16.55,55.26,0
23-05-2025 07:00,7,5,143,3.29,252.44,244.15,14.37,69.13,21.34
23-05-2025 08:00,8,5,143,31.4,382.27,262.25,16.5,65.77,29.57
23-05-2025 09:00,9,5,143,66.24,355.84,120.14,19.91,58.63,28.07
23-05-2025 10:00,10,5,143,41.19,598.47,351.94,18.79,66.55,48.16
23-05-2025 11:00,11,5,143,0,965.93,965.93,25.24,52.28,76.1
23-05-2025 12:00,12,5,143,0,1000,1000,26.46,58.53,79.39
23-05-2025 13:00,13,5,143,15.45,853.99,722.03,28.23,62.66,66.81
23-05-2025 14:00,14,5,143,0,866.03,866.03,27.97,55.72,67.1
23-05-2025 15:00,15,5,143,28.05,558.35,401.73,30.23,57.46,43.23
23-05-2025 16:00,16,5,143,37.53,359.28,224.46,29.95,52.42,28.5
23-05-2025 17:00,17,5,143,38.58,183.93,112.97,31.1,48.98,14.41
23-05-2025 18:00,18,5,143,68.26,0,0,29.19,56.49,0
23-05-2025 19:00,19,5,143,34.86,0,0,25.51,53.4,0
23-05-2025 20:00,20,5,143,23.41,0,0,21.12,55.54,0
23-05-2025 21:00,21,5,143,40.14,0,0,19.16,44.96,0
23-05-2025 22:00,22,5,143,28.25,0,0,16.24,62.31,0
23-05-2025 23:00,23,5,143,21.05,0,0,14.37,65.93,0
24-05-2025 00:00,0,5,144,31.16,0,0,14.03,63.65,0
24-05-2025 01:00,1,5,144,81.55,0,0,10.85,60.67,0
24-05-2025 02:00,2,5,144,54.87,0,0,11.52,53.88,0
24-05-2025 03:00,3,5,144,29.77,0,0,9.23,66.25,0
24-05-2025 04:00,4,5,144,18.46,0,0,8.65,71.07,0
24-05-2025 05:00,5,5,144,0,0,0,9.95,72.08,0
24-05-2025 06:00,6,5,144,30.29,0,0,13.4,63.56,0
24-05-2025 07:00,7,5,144,28.34,203.82,146.07,13.46,65.88,15.14
24-05-2025 08:00,8,5,144,8.22,469.19,430.64,18.38,65.81,37.42
24-05-2025 09:00,9,5,144,52.26,429.93,205.23,20.21,55.63,33.97
24-05-2025 10:00,10,5,144,51.76,529.87,255.63,20.4,51.19,43.2
24-05-2025 11:00,11,5,144,30.31,746.37,520.16,24.52,55.33,60.15
24-05-2025 12:00,12,5,144,16.88,873.43,726.02,25.48,61.96,71.06
24-05-2025 13:00,13,5,144,44.17,645.92,360.6,26.01,64.18,51.12
24-05-2025 14:00,14,5,144,16.34,759.89,635.73,31.86,47.26,58.01
24-05-2025 15:00,15,5,144,37.23,509.68,319.95,34.22,47.24,39.34
24-05-2025 16:00,16,5,144,12.72,452.3,394.77,28.71,50.22,37.22
24-05-2025 17:00,17,5,144,37.24,186.54,117.08,28.19,52.52,14.61
24-05-2025 18:00,18,5,144,63.67,0,0,23.3,57.27,0
24-05-2025 19:00,19,5,144,28.41,0,0,21.97,52.84,0
24-05-2025 20:00,20,5,144,51.73,0,0,21.72,67.24,0
24-05-2025 21:00,21,5,144,64.52,0,0,22.73,56.73,0
24-05-2025 22:00,22,5,144,35.31,0,0,19.2,59.71,0
24-05-2025 23:00,23,5,144,39.52,0,0,18.77,61.33,0
25-05-2025 00:00,0,5,145,23.02,0,0,12.25,66.12,0
25-05-2025 01:00,1,5,145,0,0,0,7.87,75.04,0
25-05-2025 02:00,2,5,145,54.47,0,0,11.62,59.19,0
25-05-2025 03:00,3,5,145,0,0,0,5.4,69.66,0
25-05-2025 04:00,4,5,145,22,0,0,8.34,55.69,0
25-05-2025 05:00,5,5,145,19.4,0,0,11,63.48,0
25-05-2025 06:00,6,5,145,18.55,0,0,10.89,57.91,0
25-05-2025 07:00,7,5,145,1.41,256.08,252.48,14.83,59.24,21.25
25-05-2025 08:00,8,5,145,32.77,377.12,253.55,16.75,61.57,31.14
25-05-2025 09:00,9,5,145,28.33,556.88,399.13,22.3,59.58,44.9
25-05-2025 10:00,10,5,145,55.33,506.65,226.32,21.39,63.85,40.59
25-05-2025 11:00,11,5,145,7.43,912.11,844.35,24.66,58.23,71.5
25-05-2025 12:00,12,5,145,29.24,780.66,552.36,24.65,61.99,61.86
25-05-2025 13:00,13,5,145,0,965.93,965.93,30.7,59.1,72.9
25-05-2025 14:00,14,5,145,35.28,636.89,412.2,28.1,51.37,51.94
25-05-2025 15:00,15,5,145,12.15,642.67,564.59,28.42,56.38,51.62
25-05-2025 16:00,16,5,145,0.22,499.18,498.09,30.38,61.3,37.65
25-05-2025 17:00,17,5,145,18.32,223.25,182.34,30.27,59.22,16.75
25-05-2025 18:00,18,5,145,55.18,0,0,27.25,46.15,0
25-05-2025 19:00,19,5,145,35.93,0,0,27.12,60.53,0
25-05-2025 20:00,20,5,145,49.33,0,0,22.24,59.75,0
25-05-2025 21:00,21,5,145,28.8,0,0,22.59,58.74,0
25-05-2025 22:00,22,5,145,16.61,0,0,13.36,63.49,0
25-05-2025 23:00,23,5,145,21.98,0,0,15.79,56.91,0
26-05-2025 00:00,0,5,146,34.37,0,0,12.5,58.08,0
26-05-2025 01:00,1,5,146,0,0,0,13.31,58.19,0
26-05-2025 02:00,2,5,146,25.37,0,0,10.55,66.99,0
26-05-2025 03:00,3,5,146,44.51,0,0,9.66,54.08,0
26-05-2025 04:00,4,5,146,20.81,0,0,9.25,72.28,0
26-05-2025 05:00,5,5,146,23.01,0,0,11.03,65.25,0
26-05-2025 06:00,6,5,146,35.71,0,0,15.12,56.74,0
26-05-2025 07:00,7,5,146,19.78,220.42,176.82,15.89,63.93,18.97
26-05-2025 08:00,8,5,146,34.62,370.18,242.02,17.55,68.37,29.23
26-05-2025 09:00,9,5,146,0,707.11,707.11,17.89,60.39,58.52
26-05-2025 10:00,10,5,146,31.88,658.96,448.88,23.74,51.71,54.91
26-05-2025 11:00,11,5,146,50.66,598.89,295.47,26.59,59.63,48.9
26-05-2025 12:00,12,5,146,63.4,524.5,191.96,29.77,51.5,40.16
26-05-2025 13:00,13,5,146,8.29,905.85,830.73,27.81,57.15,71.49
26-05-2025 14:00,14,5,146,54.29,513.37,234.64,28.41,55.08,41.97
26-05-2025 15:00,15,5,146,6.57,672.28,628.14,32.89,49.8,52.3
26-05-2025 16:00,16,5,146,42.6,340.27,195.33,30.65,49.91,25.98
26-05-2025 17:00,17,5,146,24.16,211.92,160.71,28.96,58.06,16.97
26-05-2025 18:00,18,5,146,39.91,0,0,27.96,51.55,0
26-05-2025 19:00,19,5,146,30.67,0,0,21.03,67.99,0
26-05-2025 20:00,20,5,146,27.91,0,0,22.32,48.92,0
26-05-2025 21:00,21,5,146,47.38,0,0,20.83,59.32,0
26-05-2025 22:00,22,5,146,31.92,0,0,16.05,58.85,0
26-05-2025 23:00,23,5,146,29.55,0,0,15.03,60.94,0
27-05-2025 00:00,0,5,147,19.8,0,0,14.07,61.88,0
27-05-2025 01:00,1,5,147,0,0,0,9.83,65.65,0
27-05-2025 02:00,2,5,147,32.58,0,0,12.4,62.24,0
27-05-2025 03:00,3,5,147,43.24,0,0,10.41,72.25,0
27-05-2025 04:00,4,5,147,20.18,0,0,7.4,72.42,0
27-05-2025 05:00,5,5,147,48.12,0,0,14.41,62.96,0
27-05-2025 06:00,6,5,147,5.02,0,0,11.93,73.24,0
27-05-2025 07:00,7,5,147,48.92,163.87,83.71,13.49,63.59,11.07
27-05-2025 08:00,8,5,147,69.76,238.4,72.09,14.58,69.12,17.3
27-05-2025 09:00,9,5,147,24.41,577.64,436.63,20.94,55.58,45
27-05-2025 10:00,10,5,147,56.37,499.87,218.08,22.14,62.22,41.91
27-05-2025 11:00,11,5,147,43.58,650.24,366.89,22.03,60.19,51.85
27-05-2025 12:00,12,5,147,0,1000,1000,25.51,60.42,80
27-05-2025 13:00,13,5,147,19.69,823.27,661.16,31.42,58.09,64.68
27-05-2025 14:00,14,5,147,1.08,859.01,849.73,33.61,54.15,65.89
27-05-2025 15:00,15,5,147,17.97,611.83,501.91,30.21,53.52,47.25
27-05-2025 16:00,16,5,147,26.76,399.64,292.69,31.5,48,31.19
27-05-2025 17:00,17,5,147,31.92,196.87,134.04,29.82,53.64,15.12
27-05-2025 18:00,18,5,147,20.78,0,0,29.86,57.56,0
27-05-2025 19:00,19,5,147,7.18,0,0,24.74,58.05,0
27-05-2025 20:00,20,5,147,74.96,0,0,19.25,65.59,0
27-05-2025 21:00,21,5,147,26.62,0,0,22.57,58.32,0
27-05-2025 22:00,22,5,147,53.96,0,0,18.59,57.57,0
27-05-2025 23:00,23,5,147,19.97,0,0,10.46,69.39,0
28-05-2025 00:00,0,5,148,39.2,0,0,11.49,72.46,0
28-05-2025 01:00,1,5,148,36.02,0,0,12.03,61.26,0
28-05-2025 02:00,2,5,148,32.84,0,0,12.31,55.9,0
28-05-2025 03:00,3,5,148,45.92,0,0,9.08,62.72,0
28-05-2025 04:00,4,5,148,75.88,0,0,7.91,57,0
28-05-2025 05:00,5,5,148,44.17,0,0,9.42,55.26,0
28-05-2025 06:00,6,5,148,24.68,0,0,12.66,69.55,0
28-05-2025 07:00,7,5,148,56.45,149.25,65.01,13.03,61.49,12.7
28-05-2025 08:00,8,5,148,30.16,386.9,270.22,17.55,53.8,30.43
28-05-2025 09:00,9,5,148,23.47,582.61,445.85,20.91,60.25,47.9
28-05-2025 10:00,10,5,148,33.49,648.47,431.27,23,57.69,52.52
28-05-2025 11:00,11,5,148,26.49,774.05,569.04,22,53.41,63.23
28-05-2025 12:00,12,5,148,10.42,921.88,825.85,31.21,60.57,72.33
28-05-2025 13:00,13,5,148,49.25,609.12,309.11,26.48,49.71,47.67
28-05-2025 14:00,14,5,148,43.24,585.16,332.13,28.52,54.57,46.4
28-05-2025 15:00,15,5,148,34.04,526.57,347.32,33.19,43.59,41.89
28-05-2025 16:00,16,5,148,72.1,229.64,64.08,30.7,56.44,16.88
28-05-2025 17:00,17,5,148,60.02,142.32,56.9,26.45,60.1,13.62
28-05-2025 18:00,18,5,148,22.24,0,0,27.39,63.28,0
28-05-2025 19:00,19,5,148,51.4,0,0,27.33,52.87,0
28-05-2025 20:00,20,5,148,32.72,0,0,23.36,56.58,0
28-05-2025 21:00,21,5,148,0,0,0,22.46,55.95,0
28-05-2025 22:00,22,5,148,47.1,0,0,17.06,62.83,0
28-05-2025 23:00,23,5,148,0,0,0,13.96,69.12,0
29-05-2025 00:00,0,5,149,36.09,0,0,14.59,64.07,0
29-05-2025 01:00,1,5,149,10.11,0,0,11.28,63.25,0
29-05-2025 02:00,2,5,149,29.94,0,0,9.89,63.82,0
29-05-2025 03:00,3,5,149,21.69,0,0,12.22,62.21,0
29-05-2025 04:00,4,5,149,0,0,0,6.54,73.16,0
29-05-2025 05:00,5,5,149,43.85,0,0,9.95,61.98,0
29-05-2025 06:00,6,5,149,16.08,0,0,14.4,64.35,0
29-05-2025 07:00,7,5,149,37.57,185.9,116.07,11.32,63.06,14.31
29-05-2025 08:00,8,5,149,10.59,460.29,411.54,15.25,66.08,36.84
29-05-2025 09:00,9,5,149,2.45,694.13,677.14,20.76,62.39,56.25
29-05-2025 10:00,10,5,149,6.99,820.65,763.32,22,51.4,65.85
29-05-2025 11:00,11,5,149,28.78,757.4,539.39,25.06,62.05,60.64
29-05-2025 12:00,12,5,149,0,1000,1000,25.34,60.48,79.43
29-05-2025 13:00,13,5,149,55.57,563.35,250.29,29.19,57.24,43.8
29-05-2025 14:00,14,5,149,30.39,668.65,465.46,29.48,48.48,52.45
29-05-2025 15:00,15,5,149,66.23,355.85,120.16,29.08,65.92,27.64
29-05-2025 16:00,16,5,149,47.21,322.95,170.47,27.37,55.08,25.94
29-05-2025 17:00,17,5,149,24.74,210.8,158.65,28.61,51.88,16.58
29-05-2025 18:00,18,5,149,43.51,0,0,27.92,56.78,0.3
29-05-2025 19:00,19,5,149,35.17,0,0,25.24,55.52,0
29-05-2025 20:00,20,5,149,25.67,0,0,26.57,45.79,0
29-05-2025 21:00,21,5,149,39.68,0,0,20.36,55.09,0
29-05-2025 22:00,22,5,149,50.26,0,0,16.79,62.48,0
29-05-2025 23:00,23,5,149,20.13,0,0,17.17,63.61,0
30-05-2025 00:00,0,5,150,17.04,0,0,10.9,65.19,0
30-05-2025 01:00,1,5,150,20.18,0,0,13.95,58.16,0
30-05-2025 02:00,2,5,150,0,0,0,11.77,57.29,0
30-05-2025 03:00,3,5,150,38.46,0,0,8.85,67.26,0
30-05-2025 04:00,4,5,150,67.61,0,0,7.45,66.15,0
30-05-2025 05:00,5,5,150,19.07,0,0,8.74,57.21,0
30-05-2025 06:00,6,5,150,62.46,0,0,10.78,68.65,0
30-05-2025 07:00,7,5,150,20.25,219.51,175.06,14.14,65.41,17.02
30-05-2025 08:00,8,5,150,35.22,367.91,238.32,15.79,64.7,27.79
30-05-2025 09:00,9,5,150,23.67,581.57,443.9,18.27,63.8,47.69
30-05-2025 10:00,10,5,150,0.06,865.66,865.16,21.92,60.84,69.25
30-05-2025 11:00,11,5,150,27.78,764.7,552.29,24.06,54.7,60.33
30-05-2025 12:00,12,5,150,16.31,877.71,734.59,25.5,54.34,69.51
30-05-2025 13:00,13,5,150,40.57,672.04,399.41,27.75,58.24,53.31
30-05-2025 14:00,14,5,150,12.99,781.68,680.16,30.92,51.59,60.65
30-05-2025 15:00,15,5,150,51.3,435.02,211.83,25.9,53.8,34.81
30-05-2025 16:00,16,5,150,23.54,411.74,314.83,28.14,62,31.99
30-05-2025 17:00,17,5,150,18.26,223.37,182.57,31.42,50.11,15.82
30-05-2025 18:00,18,5,150,6.71,0,0,30.77,56.11,0
30-05-2025 19:00,19,5,150,18.89,0,0,25.75,58.7,0
30-05-2025 20:00,20,5,150,36.79,0,0,21.35,57.72,0
30-05-2025 21:00,21,5,150,0,0,0,19.89,57.79,0
30-05-2025 22:00,22,5,150,9.58,0,0,17.85,64.75,0
30-05-2025 23:00,23,5,150,23.85,0,0,14.24,66.29,0
31-05-2025 00:00,0,5,151,68.19,0,0,12.78,72.75,0
31-05-2025 01:00,1,5,151,43.28,0,0,13.19,64.47,0
31-05-2025 02:00,2,5,151,20.43,0,0,11.27,57.16,0
31-05-2025 03:00,3,5,151,9,0,0,6.54,70.56,0
31-05-2025 04:00,4,5,151,62.36,0,0,10.5,70.17,0
31-05-2025 05:00,5,5,151,30.93,0,0,9.32,66.73,0
31-05-2025 06:00,6,5,151,22.77,0,0,11.83,61.18,0
31-05-2025 07:00,7,5,151,28.78,202.95,144.54,17.88,69.55,16.11
31-05-2025 08:00,8,5,151,43.01,338.71,193.03,15.55,66.12,25.47
31-05-2025 09:00,9,5,151,0,707.11,707.11,18.95,59.18,56.26
31-05-2025 10:00,10,5,151,19.77,737.59,591.73,26.48,55.44,57.99
31-05-2025 11:00,11,5,151,2.44,948.28,925.18,22.54,64.83,75
31-05-2025 12:00,12,5,151,1.53,988.53,973.41,27.9,54.74,77.23
31-05-2025 13:00,13,5,151,6.92,915.77,852.38,26.67,58.14,73.95
31-05-2025 14:00,14,5,151,46.79,562.11,299.09,26.72,50.44,43.16
31-05-2025 15:00,15,5,151,41.75,485.71,282.95,30.59,48.88,38.4
31-05-2025 16:00,16,5,151,33.17,375.6,250.99,32.65,60.81,28.5
31-05-2025 17:00,17,5,151,53.45,155.06,72.18,28.14,53.71,13.07
31-05-2025 18:00,18,5,151,16.82,0,0,28.68,58.43,0
31-05-2025 19:00,19,5,151,61.7,0,0,23.6,61.5,0
31-05-2025 20:00,20,5,151,20.55,0,0,23.54,55.27,0
31-05-2025 21:00,21,5,151,39.6,0,0,24.56,52.84,0
31-05-2025 22:00,22,5,151,42.59,0,0,19.46,54.23,0
31-05-2025 23:00,23,5,151,15.92,0,0,14.8,61.11,0
01-06-2025 00:00,0,6,152,33.42,0,0,12.7,58.33,0
01-06-2025 01:00,1,6,152,28.26,0,0,10.39,71.15,0
01-06-2025 02:00,2,6,152,26.31,0,0,12.14,64.59,0
01-06-2025 03:00,3,6,152,23.11,0,0,7.33,73.01,0
01-06-2025 04:00,4,6,152,51.64,0,0,8.09,68.68,0
01-06-2025 05:00,5,6,152,51.21,0,0,11.46,64.06,0
01-06-2025 06:00,6,6,152,25.47,0,0,10.88,66.78,0
01-06-2025 07:00,7,6,152,27.39,205.65,149.31,12.67,71.11,15.48
01-06-2025 08:00,8,6,152,23.14,413.24,317.64,17,60.99,32.75
01-06-2025 09:00,9,6,152,19.89,601.63,481.97,20.92,60.61,47.53
01-06-2025 10:00,10,6,152,42.49,590.06,339.35,23.4,52.02,47.2
01-06-2025 11:00,11,6,152,42.02,661.52,383.56,26.24,55.22,52.2
01-06-2025 12:00,12,6,152,5.15,961.41,911.94,29.08,56.45,75.66
01-06-2025 13:00,13,6,152,1.98,951.61,932.8,30.98,47.62,73.44
01-06-2025 14:00,14,6,152,53.15,520.79,243.98,29,52.35,41.69
01-06-2025 15:00,15,6,152,42.85,479.84,274.21,27.44,57.57,37.72
01-06-2025 16:00,16,6,152,44.66,332.51,184,28.41,55.33,26.82
01-06-2025 17:00,17,6,152,51.75,158.36,76.41,27.64,58.7,14.47
01-06-2025 18:00,18,6,152,65.6,0,0,30.01,52.5,0
01-06-2025 19:00,19,6,152,26.62,0,0,24.6,51.25,0
01-06-2025 20:00,20,6,152,32.11,0,0,21.82,46.27,0
01-06-2025 21:00,21,6,152,59.22,0,0,16.39,61.79,0
01-06-2025 22:00,22,6,152,45.69,0,0,13.8,66.49,0
01-06-2025 23:00,23,6,152,26.96,0,0,16.26,65.31,0
02-06-2025 00:00,0,6,153,25.3,0,0,13.2,62.03,0
02-06-2025 01:00,1,6,153,15.34,0,0,12.26,71.45,0
02-06-2025 02:00,2,6,153,36.65,0,0,12.4,67.82,0
02-06-2025 03:00,3,6,153,54.68,0,0,9.15,73.33,0
02-06-2025 04:00,4,6,153,15.08,0,0,10.26,64.77,0
02-06-2025 05:00,5,6,153,33.36,0,0,10.52,57.2,0
02-06-2025 06:00,6,6,153,26.93,0,0,12.76,57.14,0
02-06-2025 07:00,7,6,153,40.76,179.7,106.46,12.13,73.92,13.23
02-06-2025 08:00,8,6,153,15.33,442.5,374.64,15.44,68.72,35.01
02-06-2025 09:00,9,6,153,37.16,510.02,320.49,20.33,57.69,38.73
02-06-2025 10:00,10,6,153,51.38,532.27,258.76,22.71,51.23,43.75
02-06-2025 11:00,11,6,153,16.45,846.77,707.5,23.56,64.18,67.74
02-06-2025 12:00,12,6,153,37.62,717.86,447.81,29.51,60.25,56.13
02-06-2025 13:00,13,6,153,60.15,530.2,211.3,26.69,57.34,41.66
02-06-2025 14:00,14,6,153,29.08,677.16,480.26,28.76,58.21,51.85
02-06-2025 15:00,15,6,153,48.44,450.19,232.1,28.5,62.79,33.6
02-06-2025 16:00,16,6,153,66.06,252.26,85.61,26.45,56.85,21.06
02-06-2025 17:00,17,6,153,52.47,156.96,74.6,29.48,54.36,12.87
02-06-2025 18:00,18,6,153,65.61,0,0,28.41,54.7,0
02-06-2025 19:00,19,6,153,35.07,0,0,26.49,54.1,0
02-06-2025 20:00,20,6,153,86.89,0,0,25.35,57.89,0
02-06-2025 21:00,21,6,153,52.81,0,0,20.3,55.99,0
02-06-2025 22:00,22,6,153,26.03,0,0,19.43,63.37,0
02-06-2025 23:00,23,6,153,18.48,0,0,15.49,66.63,0
03-06-2025 00:00,0,6,154,0,0,0,14.06,64.41,0
03-06-2025 01:00,1,6,154,45.94,0,0,13.98,65.47,0
03-06-2025 02:00,2,6,154,2.24,0,0,6.82,72.79,0
03-06-2025 03:00,3,6,154,21.45,0,0,12.95,67.44,0
03-06-2025 04:00,4,6,154,19.67,0,0,8.11,64.96,0
03-06-2025 05:00,5,6,154,57.46,0,0,10.42,58.57,0
03-06-2025 06:00,6,6,154,33.98,0,0,13.56,64.09,0
03-06-2025 07:00,7,6,154,49.15,163.41,83.09,15.22,67.34,12.63
03-06-2025 08:00,8,6,154,11.92,455.31,401.04,19.01,56.01,35.86
03-06-2025 09:00,9,6,154,59.77,390.14,156.96,17.37,54.86,30.93
03-06-2025 10:00,10,6,154,61.47,466.79,179.87,21.4,53.29,37.86
03-06-2025 11:00,11,6,154,41.62,664.44,387.93,22.92,56.77,55.02
03-06-2025 12:00,12,6,154,45.54,658.48,358.64,29.99,63.57,49.55
03-06-2025 13:00,13,6,154,53.42,578.96,269.71,30.84,63.54,44.6
03-06-2025 14:00,14,6,154,18.25,747.48,611.05,31.58,56.51,57.8
03-06-2025 15:00,15,6,154,21.5,593.11,465.62,29,55.05,46.68
03-06-2025 16:00,16,6,154,22.84,414.36,319.73,28.17,56.87,32.15
03-06-2025 17:00,17,6,154,56.17,149.78,65.64,27.37,59.22,11.34
03-06-2025 18:00,18,6,154,39.29,0,0,26.79,58.5,0.55
03-06-2025 19:00,19,6,154,43.19,0,0,22.01,56.99,0
03-06-2025 20:00,20,6,154,12.42,0,0,21.67,58.43,0
03-06-2025 21:00,21,6,154,22.58,0,0,21.99,58.28,0
03-06-2025 22:00,22,6,154,45.58,0,0,15.7,64.04,0
03-06-2025 23:00,23,6,154,8.31,0,0,13.86,66.59,0
04-06-2025 00:00,0,6,155,30.98,0,0,12.32,60.32,0
04-06-2025 01:00,1,6,155,13.47,0,0,11.02,66.44,0
04-06-2025 02:00,2,6,155,16.35,0,0,6.54,73.77,0
04-06-2025 03:00,3,6,155,19.73,0,0,12.7,63.88,0
04-06-2025 04:00,4,6,155,58.46,0,0,9.37,56.9,0
04-06-2025 05:00,5,6,155,20.19,0,0,10.18,64.54,0
04-06-2025 06:00,6,6,155,61.98,0,0,14.54,54.15,0
04-06-2025 07:00,7,6,155,50.61,160.58,79.32,13.82,64.75,13.71
04-06-2025 08:00,8,6,155,36.45,363.3,230.86,18.54,64.39,27.72
04-06-2025 09:00,9,6,155,60.26,387.54,154.02,19.58,59.23,29.82
04-06-2025 10:00,10,6,155,40.41,603.58,359.7,23.46,66.39,47.81
04-06-2025 11:00,11,6,155,50.68,598.8,295.34,20.1,50.93,47.26
04-06-2025 12:00,12,6,155,63.01,527.43,195.1,25.66,52.02,41.59
04-06-2025 13:00,13,6,155,11.89,879.82,775.25,29.33,62.24,68.73
04-06-2025 14:00,14,6,155,54.22,513.88,235.28,30.53,59.99,39.49
04-06-2025 15:00,15,6,155,35.31,519.85,336.3,26.26,59.97,40.67
04-06-2025 16:00,16,6,155,0,500,500,34.39,51.66,37.53
04-06-2025 17:00,17,6,155,15.54,228.66,193.14,27.39,50.64,17.81
04-06-2025 18:00,18,6,155,0,0,0,23.97,63.4,0
04-06-2025 19:00,19,6,155,27.11,0,0,24.74,50.54,0
04-06-2025 20:00,20,6,155,39.78,0,0,23.03,62.75,0
04-06-2025 21:00,21,6,155,29.39,0,0,22.26,60.96,0
04-06-2025 22:00,22,6,155,58.6,0,0,18.48,56.89,0
04-06-2025 23:00,23,6,155,50.06,0,0,16.59,55.57,0
05-06-2025 00:00,0,6,156,35.23,0,0,11.41,66.3,0
05-06-2025 01:00,1,6,156,37.79,0,0,9.72,63.91,0
05-06-2025 02:00,2,6,156,26.16,0,0,7.95,61.09,0
05-06-2025 03:00,3,6,156,31.21,0,0,13.89,58.79,0
05-06-2025 04:00,4,6,156,65.95,0,0,7.32,67.11,0
05-06-2025 05:00,5,6,156,56.07,0,0,10.04,75.11,0
05-06-2025 06:00,6,6,156,33.73,0,0,12.77,66.25,0
05-06-2025 07:00,7,6,156,69.96,123.02,36.96,12.3,65.48,10.6
05-06-2025 08:00,8,6,156,0,500,500,17.94,65.54,39.41
05-06-2025 09:00,9,6,156,43.04,478.84,272.74,19.73,58.24,39.29
05-06-2025 10:00,10,6,156,35.74,633.88,407.33,24.67,55,50.9
05-06-2025 11:00,11,6,156,9.25,898.93,815.8,24.77,46.04,71.71
05-06-2025 12:00,12,6,156,21.43,839.28,659.43,27.49,49.05,64.45
05-06-2025 13:00,13,6,156,56.44,557.08,242.69,29.58,58.55,41.44
05-06-2025 14:00,14,6,156,26.48,694.06,510.31,28.24,48.26,55.02
05-06-2025 15:00,15,6,156,19.07,605.98,490.43,30.61,60.93,46.69
05-06-2025 16:00,16,6,156,1.53,494.27,486.71,33.47,57.32,38.19
05-06-2025 17:00,17,6,156,9.62,240.14,217.04,28.96,61.57,19.06
05-06-2025 18:00,18,6,156,2.37,0,0,26.06,53.06,0
05-06-2025 19:00,19,6,156,0,0,0,23.18,56.64,0
05-06-2025 20:00,20,6,156,9.61,0,0,21.95,58,0
05-06-2025 21:00,21,6,156,32.58,0,0,20.12,61.87,0
05-06-2025 22:00,22,6,156,28.08,0,0,16.52,60.8,0
05-06-2025 23:00,23,6,156,0,0,0,17.38,52.5,0
06-06-2025 00:00,0,6,157,41.55,0,0,12.57,69.09,0
06-06-2025 01:00,1,6,157,13.8,0,0,9.64,63.72,0
06-06-2025 02:00,2,6,157,28.48,0,0,11.05,64.41,0
06-06-2025 03:00,3,6,157,25.94,0,0,13.12,62.56,0
06-06-2025 04:00,4,6,157,0,0,0,7.65,55.99,0
06-06-2025 05:00,5,6,157,0,0,0,11.87,62.22,0
06-06-2025 06:00,6,6,157,3.96,0,0,11.5,58.49,0
06-06-2025 07:00,7,6,157,43.85,173.71,97.55,11.98,70.39,12.24
06-06-2025 08:00,8,6,157,26.58,400.34,293.94,16.4,58.44,32.67
06-06-2025 09:00,9,6,157,21.79,591.52,462.6,21.45,56.79,46.94
06-06-2025 10:00,10,6,157,5.93,827.54,778.51,25.98,55.81,66.78
06-06-2025 11:00,11,6,157,29.02,755.7,536.4,22.6,59.72,60.32
06-06-2025 12:00,12,6,157,8.96,932.77,849.16,27.87,57.98,74.71
06-06-2025 13:00,13,6,157,60.8,525.47,205.99,29.18,63.42,42.19
06-06-2025 14:00,14,6,157,20.42,733.36,583.58,32.25,52.78,55.77
06-06-2025 15:00,15,6,157,42.9,479.58,273.83,32.22,46.91,38.54
06-06-2025 16:00,16,6,157,0,500,500,31.17,49.21,37.05
06-06-2025 17:00,17,6,157,44.33,172.76,96.17,29.12,56.39,13.92
06-06-2025 18:00,18,6,157,65.69,0,0,25.46,58.83,0.38
06-06-2025 19:00,19,6,157,52.84,0,0,24.19,53.5,0
06-06-2025 20:00,20,6,157,45.69,0,0,22.91,52.75,0
06-06-2025 21:00,21,6,157,36.64,0,0,17.76,60.24,0
06-06-2025 22:00,22,6,157,11.64,0,0,20.24,53.08,0
06-06-2025 23:00,23,6,157,17.86,0,0,15.28,71.32,0
07-06-2025 00:00,0,6,158,61.01,0,0,18.18,64.04,0
07-06-2025 01:00,1,6,158,66.51,0,0,10.98,65.76,0
07-06-2025 02:00,2,6,158,0,0,0,6.86,66.69,0
07-06-2025 03:00,3,6,158,26.66,0,0,7.75,70.34,0
07-06-2025 04:00,4,6,158,19.98,0,0,9.24,55.97,0
07-06-2025 05:00,5,6,158,27.31,0,0,9.61,66.2,0
07-06-2025 06:00,6,6,158,28.9,0,0,12.46,60.37,0
07-06-2025 07:00,7,6,158,27.73,204.99,148.14,11.6,64.09,15.2
07-06-2025 08:00,8,6,158,3.99,485.02,465.65,14.99,72.43,36.57
07-06-2025 09:00,9,6,158,10.22,652.88,586.13,23.25,56.39,50.97
07-06-2025 10:00,10,6,158,8.1,813.43,747.56,21.13,62.5,65.17
07-06-2025 11:00,11,6,158,37.58,693.67,432.98,24.96,59.92,54.14
07-06-2025 12:00,12,6,158,16.18,878.62,736.42,26.77,51.44,69
07-06-2025 13:00,13,6,158,21.06,813.32,642,32.09,50.26,62.06
07-06-2025 14:00,14,6,158,2.41,850.38,829.89,30.97,50.85,64.33
07-06-2025 15:00,15,6,158,31.42,540.49,370.68,31.39,50.73,41.33
07-06-2025 16:00,16,6,158,43.21,337.97,191.94,28.95,57.2,26.35
07-06-2025 17:00,17,6,158,38.7,183.7,112.61,26.23,61.83,16.14
07-06-2025 18:00,18,6,158,41.56,0,0,29.3,58.28,1.17
07-06-2025 19:00,19,6,158,17.38,0,0,21.49,56.9,0
07-06-2025 20:00,20,6,158,59.8,0,0,22.24,56.81,0
07-06-2025 21:00,21,6,158,37.06,0,0,19.13,63.62,0
07-06-2025 22:00,22,6,158,8.11,0,0,17.23,64.57,0
07-06-2025 23:00,23,6,158,39.55,0,0,13.84,63.97,0
08-06-2025 00:00,0,6,159,12.89,0,0,14.37,64.44,0
08-06-2025 01:00,1,6,159,31.44,0,0,14.03,65.38,0
08-06-2025 02:00,2,6,159,28.75,0,0,10.68,63.77,0
08-06-2025 03:00,3,6,159,55.5,0,0,7.64,64.84,0
08-06-2025 04:00,4,6,159,13.65,0,0,10.4,53.61,0
08-06-2025 05:00,5,6,159,18.24,0,0,11.28,55.65,0
08-06-2025 06:00,6,6,159,31.74,0,0,14.43,68.96,0
08-06-2025 07:00,7,6,159,39.79,181.57,109.32,13.79,66.96,14.78
08-06-2025 08:00,8,6,159,56.34,288.71,126.04,14.72,58.19,24.16
08-06-2025 09:00,9,6,159,41.21,488.53,287.18,18.92,60.64,38.41
08-06-2025 10:00,10,6,159,0,866.03,866.03,21.79,55.72,69.42
08-06-2025 11:00,11,6,159,43.4,651.55,368.81,25.45,53.34,53.22
08-06-2025 12:00,12,6,159,81.32,390.12,72.89,28.21,55.16,30.11
08-06-2025 13:00,13,6,159,32.22,732.51,496.49,30.98,60.48,57.62
08-06-2025 14:00,14,6,159,26.46,694.19,510.53,27.28,53.04,53.56
08-06-2025 15:00,15,6,159,9.4,657.27,595.51,27.73,51.98,51.74
08-06-2025 16:00,16,6,159,23.65,411.3,314.01,33.02,58.19,30.34
08-06-2025 17:00,17,6,159,27.13,206.16,150.24,28.3,53.37,17.1
08-06-2025 18:00,18,6,159,31.9,0,0,33.07,46.71,0
08-06-2025 19:00,19,6,159,31.25,0,0,22.84,61.22,0
08-06-2025 20:00,20,6,159,36.34,0,0,21.76,59.4,0
08-06-2025 21:00,21,6,159,23.25,0,0,18.19,68.32,0
08-06-2025 22:00,22,6,159,44.57,0,0,20.74,63.32,0
08-06-2025 23:00,23,6,159,27.35,0,0,14.3,57.79,0
09-06-2025 00:00,0,6,160,25.64,0,0,10.82,61.03,0
09-06-2025 01:00,1,6,160,14.02,0,0,10.11,64.24,0
09-06-2025 02:00,2,6,160,53.8,0,0,12.02,71.4,0
09-06-2025 03:00,3,6,160,21.36,0,0,12.36,63.41,0
09-06-2025 04:00,4,6,160,0.04,0,0,11.06,71.89,0
09-06-2025 05:00,5,6,160,20.89,0,0,13.39,58.86,0
09-06-2025 06:00,6,6,160,8.82,0,0,13.76,56.08,0
09-06-2025 07:00,7,6,160,62.46,137.58,51.65,13.33,62.84,11.4
09-06-2025 08:00,8,6,160,30.37,386.11,268.85,17.81,66.38,28.64
09-06-2025 09:00,9,6,160,62.86,373.73,138.8,18.48,55.3,29.26
09-06-2025 10:00,10,6,160,9.15,806.61,732.83,26.2,59.41,62.83
09-06-2025 11:00,11,6,160,17.5,839.17,692.34,26.57,57.73,66.8
09-06-2025 12:00,12,6,160,52.74,604.48,285.7,26.18,50.26,46.48
09-06-2025 13:00,13,6,160,38.76,685.11,419.54,32.24,47.46,53.94
09-06-2025 14:00,14,6,160,5.4,830.95,786.08,27.52,65.8,64.48
09-06-2025 15:00,15,6,160,0,707.11,707.11,30.58,56.17,53.51
09-06-2025 16:00,16,6,160,0,500,500,32.37,66.5,38.03
09-06-2025 17:00,17,6,160,0,258.82,258.82,29.19,49.95,19.85
09-06-2025 18:00,18,6,160,21.31,0,0,27.82,58.38,0
09-06-2025 19:00,19,6,160,19.34,0,0,26.21,57,0
09-06-2025 20:00,20,6,160,8.4,0,0,24.15,56.39,0
09-06-2025 21:00,21,6,160,43.52,0,0,20.46,60.29,0
09-06-2025 22:00,22,6,160,33.45,0,0,19.23,55.29,0
09-06-2025 23:00,23,6,160,12.01,0,0,14.02,61.23,0
10-06-2025 00:00,0,6,161,15.36,0,0,8.61,56.64,0
10-06-2025 01:00,1,6,161,42.62,0,0,8.94,65.35,0
10-06-2025 02:00,2,6,161,64.8,0,0,12.73,59.96,0
10-06-2025 03:00,3,6,161,9.76,0,0,8.62,68.43,0
10-06-2025 04:00,4,6,161,66.33,0,0,6.67,65.76,0
10-06-2025 05:00,5,6,161,50.33,0,0,10.3,62.27,0
10-06-2025 06:00,6,6,161,28.43,0,0,15.34,55.86,0
10-06-2025 07:00,7,6,161,14.81,230.06,195.98,13.56,70.73,17.53
10-06-2025 08:00,8,6,161,21.64,418.85,328.2,16.71,61.4,33.05
10-06-2025 09:00,9,6,161,23.7,581.42,443.62,21.22,58.52,47.69
10-06-2025 10:00,10,6,161,27.52,687.3,498.18,22.43,60.03,55.04
10-06-2025 11:00,11,6,161,25.25,783.03,585.33,25.71,58.42,61.16
10-06-2025 12:00,12,6,161,26.09,804.29,594.42,26.53,66.76,64.05
10-06-2025 13:00,13,6,161,28.24,761.34,546.34,29.37,52.49,59.33
10-06-2025 14:00,14,6,161,48.01,554.17,288.09,26.15,58.47,45
10-06-2025 15:00,15,6,161,0,707.11,707.11,31.76,60.96,57.13
10-06-2025 16:00,16,6,161,34.77,369.63,241.12,28.84,56.11,28.55
10-06-2025 17:00,17,6,161,41.2,178.85,105.17,28.62,59.64,12.86
10-06-2025 18:00,18,6,161,0,0,0,28.22,53.92,0.67
10-06-2025 19:00,19,6,161,13.51,0,0,27.09,52.8,0
10-06-2025 20:00,20,6,161,0,0,0,21.46,61.42,0
10-06-2025 21:00,21,6,161,39.71,0,0,18.44,65.76,0
10-06-2025 22:00,22,6,161,40.94,0,0,19.14,50.63,0
10-06-2025 23:00,23,6,161,6.81,0,0,16.59,61.27,0
11-06-2025 00:00,0,6,162,48.98,0,0,12.64,66.47,0
11-06-2025 01:00,1,6,162,17.09,0,0,9.99,63.11,0
11-06-2025 02:00,2,6,162,18.45,0,0,10.29,59.8,0
11-06-2025 03:00,3,6,162,37.7,0,0,9.06,63.45,0
11-06-2025 04:00,4,6,162,15.33,0,0,7.02,62.92,0
11-06-2025 05:00,5,6,162,10,0,0,9.82,68.09,0
11-06-2025 06:00,6,6,162,51.55,0,0,17.26,67.88,0
11-06-2025 07:00,7,6,162,72.58,117.94,32.34,16.81,67.35,7.5
11-06-2025 08:00,8,6,162,24.15,409.45,310.59,14.41,53.16,31.47
11-06-2025 09:00,9,6,162,22.4,588.3,456.5,18.55,71.33,47.56
11-06-2025 10:00,10,6,162,10.31,799.03,716.62,20.06,58.16,62.75
11-06-2025 11:00,11,6,162,27.37,767.66,557.58,26.98,53.84,60.58
11-06-2025 12:00,12,6,162,27.62,792.86,573.89,26.17,59.34,62.77
11-06-2025 13:00,13,6,162,19.34,825.79,666.05,29.75,60.97,63.83
11-06-2025 14:00,14,6,162,53.17,520.66,243.81,29.95,54.15,39.85
11-06-2025 15:00,15,6,162,30.29,546.44,380.9,29.07,58.22,42.38
11-06-2025 16:00,16,6,162,2.61,490.22,477.44,30.54,45.76,38.24
11-06-2025 17:00,17,6,162,25.22,209.86,156.93,27.99,64.87,16.18
11-06-2025 18:00,18,6,162,64.84,0,0,24.29,58.34,1.12
11-06-2025 19:00,19,6,162,32.43,0,0,22.61,60.07,0
11-06-2025 20:00,20,6,162,23.88,0,0,19.53,59.6,0
11-06-2025 21:00,21,6,162,10.68,0,0,23.29,64.57,0
11-06-2025 22:00,22,6,162,17.07,0,0,14.87,62.96,0
11-06-2025 23:00,23,6,162,33.56,0,0,17.52,63.9,0
12-06-2025 00:00,0,6,163,10.2,0,0,14.8,62.61,0
12-06-2025 01:00,1,6,163,75.69,0,0,11.22,67.9,0
12-06-2025 02:00,2,6,163,33.13,0,0,10.41,61.2,0
12-06-2025 03:00,3,6,163,0,0,0,12.17,61.8,0
12-06-2025 04:00,4,6,163,27.27,0,0,7.68,68.38,0
12-06-2025 05:00,5,6,163,19.41,0,0,12.86,69.98,0
12-06-2025 06:00,6,6,163,37.63,0,0,10.19,69.88,0
12-06-2025 07:00,7,6,163,72.33,118.41,32.76,13.45,54.38,10.67
12-06-2025 08:00,8,6,163,11.69,456.17,402.85,15.13,67.58,34.44
12-06-2025 09:00,9,6,163,46.17,462.26,248.84,20.94,65.21,37.43
12-06-2025 10:00,10,6,163,22.43,720.35,558.78,21.91,57.1,58.76
12-06-2025 11:00,11,6,163,27.91,763.74,550.58,27.98,63.58,61.62
12-06-2025 12:00,12,6,163,64.89,513.29,180.19,26.36,56.59,40.82
12-06-2025 13:00,13,6,163,10.11,892.69,802.44,29.59,47.5,69.98
12-06-2025 14:00,14,6,163,22.76,718.22,554.78,28.21,53.28,56.71
12-06-2025 15:00,15,6,163,44.5,471.09,261.43,33.24,53.1,37.07
12-06-2025 16:00,16,6,163,36.13,364.5,232.79,28.3,57.44,30.85
12-06-2025 17:00,17,6,163,1.36,256.17,252.68,28.39,55.31,21.44
12-06-2025 18:00,18,6,163,44.08,0,0,29.56,58,1.17
12-06-2025 19:00,19,6,163,71.23,0,0,27.28,56.89,0
12-06-2025 20:00,20,6,163,18.14,0,0,20.41,63.67,0
12-06-2025 21:00,21,6,163,26.8,0,0,19.16,71.12,0
12-06-2025 22:00,22,6,163,48.14,0,0,15.33,55.69,0
12-06-2025 23:00,23,6,163,26.08,0,0,14.2,66.09,0
13-06-2025 00:00,0,6,164,64.91,0,0,12.27,65.32,0
13-06-2025 01:00,1,6,164,41.16,0,0,10.65,65.54,0
13-06-2025 02:00,2,6,164,21.55,0,0,7.63,68.24,0
13-06-2025 03:00,3,6,164,14.11,0,0,8.26,68.16,0
13-06-2025 04:00,4,6,164,27.85,0,0,8.24,69.34,0
13-06-2025 05:00,5,6,164,46.77,0,0,10.44,65.93,0
13-06-2025 06:00,6,6,164,27.74,0,0,12.92,63.31,0
13-06-2025 07:00,7,6,164,36.89,187.21,118.16,13,64.46,16.86
13-06-2025 08:00,8,6,164,57.03,286.12,122.93,18.99,58.84,21.83
13-06-2025 09:00,9,6,164,9.51,656.65,594.17,20.26,62.19,53.36
13-06-2025 10:00,10,6,164,65.59,440.01,151.41,23.81,56.81,35.98
13-06-2025 11:00,11,6,164,5.18,928.4,880.31,26.52,57.1,72.4
13-06-2025 12:00,12,6,164,21.14,841.46,663.59,27.63,55.51,65.16
13-06-2025 13:00,13,6,164,37.39,695.05,435.17,31,56.4,52.83
13-06-2025 14:00,14,6,164,19.2,741.31,598.97,28.42,55.24,56.91
13-06-2025 15:00,15,6,164,52.91,426.52,200.86,29.89,49.98,32.99
13-06-2025 16:00,16,6,164,45.86,328.04,177.61,30.05,54.22,25.2
13-06-2025 17:00,17,6,164,35.27,190.36,123.22,29.11,45.08,13.99
13-06-2025 18:00,18,6,164,15.56,0,0,25.46,63.19,0.24
13-06-2025 19:00,19,6,164,0,0,0,21.72,54.46,0
13-06-2025 20:00,20,6,164,13.14,0,0,19.69,53.15,0
13-06-2025 21:00,21,6,164,60.91,0,0,18.57,60.73,0
13-06-2025 22:00,22,6,164,37.83,0,0,19.21,67.97,0
13-06-2025 23:00,23,6,164,54.85,0,0,14.68,62.11,0
14-06-2025 00:00,0,6,165,46.82,0,0,13.87,62.63,0
14-06-2025 01:00,1,6,165,34.42,0,0,15.35,60.03,0
14-06-2025 02:00,2,6,165,32.62,0,0,11.75,63.08,0
14-06-2025 03:00,3,6,165,57.17,0,0,8.99,69.13,0
14-06-2025 04:00,4,6,165,0,0,0,10.7,70.63,0
14-06-2025 05:00,5,6,165,22.48,0,0,9.59,63.85,0
14-06-2025 06:00,6,6,165,19.78,0,0,12.25,64.09,0
14-06-2025 07:00,7,6,165,45.21,171.05,93.72,17.27,53.82,11.61
14-06-2025 08:00,8,6,165,7.75,470.94,434.45,17.47,67.43,36.34
14-06-2025 09:00,9,6,165,54.33,418.97,191.33,20.4,62.18,33.19
14-06-2025 10:00,10,6,165,51.76,529.84,255.6,23.38,55.1,41.75
14-06-2025 11:00,11,6,165,50.12,602.8,300.65,26.61,61.92,46.55
14-06-2025 12:00,12,6,165,19.47,853.98,687.71,27,59.22,68.21
14-06-2025 13:00,13,6,165,41.58,664.67,388.27,25.23,56.55,53.48
14-06-2025 14:00,14,6,165,37.15,624.71,392.61,28.85,50.71,49.24
14-06-2025 15:00,15,6,165,33.53,529.31,351.85,30.28,55.37,39.7
14-06-2025 16:00,16,6,165,64.64,257.59,91.08,28.78,53.06,20.79
14-06-2025 17:00,17,6,165,0,258.82,258.82,27.74,49.83,19.35
14-06-2025 18:00,18,6,165,29.4,0,0,28.44,53.62,0
14-06-2025 19:00,19,6,165,32.48,0,0,23.42,69.89,0
14-06-2025 20:00,20,6,165,18.36,0,0,25,58.17,0
14-06-2025 21:00,21,6,165,33.3,0,0,18.95,66.02,0
14-06-2025 22:00,22,6,165,53.35,0,0,16.72,63.35,0
14-06-2025 23:00,23,6,165,33.4,0,0,12.18,70.37,0
15-06-2025 00:00,0,6,166,25.66,0,0,9.12,63.96,0
15-06-2025 01:00,1,6,166,19.41,0,0,11.66,57.24,0
15-06-2025 02:00,2,6,166,52.89,0,0,9.15,60.25,0
15-06-2025 03:00,3,6,166,44.62,0,0,9.85,74.99,0
15-06-2025 04:00,4,6,166,46.89,0,0,11.15,64.99,0
15-06-2025 05:00,5,6,166,51.64,0,0,10.75,65.84,0
15-06-2025 06:00,6,6,166,24.3,0,0,10.8,68.47,0
15-06-2025 07:00,7,6,166,25.83,208.68,154.78,13.45,65.46,15.61
15-06-2025 08:00,8,6,166,48.39,318.54,164.39,16.46,69.6,25.02
15-06-2025 09:00,9,6,166,47.26,456.47,240.75,20.75,56.47,36.1
15-06-2025 10:00,10,6,166,37.57,622.01,388.34,23.22,54.53,51.35
15-06-2025 11:00,11,6,166,0,965.93,965.93,23.33,57.74,78.16
15-06-2025 12:00,12,6,166,0,1000,1000,26.13,54.62,77.32
15-06-2025 13:00,13,6,166,11.25,884.41,784.9,28.54,52.9,70.48
15-06-2025 14:00,14,6,166,43.72,582.08,327.62,29.57,56.28,42.93
15-06-2025 15:00,15,6,166,32.37,535.45,362.14,27.49,51,41.16
15-06-2025 16:00,16,6,166,63.85,260.55,94.18,30.87,62.21,20.25
15-06-2025 17:00,17,6,166,30.6,199.42,138.4,30.39,58.37,15.21
15-06-2025 18:00,18,6,166,47.72,0,0,28.04,49.44,0.08
15-06-2025 19:00,19,6,166,33.2,0,0,24.14,53.23,0
15-06-2025 20:00,20,6,166,3.09,0,0,23.69,67.79,0
15-06-2025 21:00,21,6,166,15.25,0,0,23.87,57.94,0
15-06-2025 22:00,22,6,166,58.53,0,0,16.1,56.62,0
15-06-2025 23:00,23,6,166,60.32,0,0,15.99,61.71,0
16-06-2025 00:00,0,6,167,40.71,0,0,12.07,62.88,0
16-06-2025 01:00,1,6,167,50.06,0,0,10.52,64.96,0
16-06-2025 02:00,2,6,167,3.97,0,0,8.69,59.91,0
16-06-2025 03:00,3,6,167,52.15,0,0,7.96,58.42,0
16-06-2025 04:00,4,6,167,46.95,0,0,11.2,57.25,0
16-06-2025 05:00,5,6,167,0,0,0,10.98,69.47,0
16-06-2025 06:00,6,6,167,48.62,0,0,14.23,60.99,0
16-06-2025 07:00,7,6,167,27.14,206.15,150.21,15.2,57.58,16.38
16-06-2025 08:00,8,6,167,15.12,443.32,376.31,16.81,52.68,34.53
16-06-2025 09:00,9,6,167,17.05,616.7,511.57,21.98,61.36,47.93
16-06-2025 10:00,10,6,167,32.21,656.82,445.27,21.91,63.32,51.31
16-06-2025 11:00,11,6,167,0,965.93,965.93,21.26,64,76.92
16-06-2025 12:00,12,6,167,48.46,636.52,328.04,25.16,64.56,51.96
16-06-2025 13:00,13,6,167,4.15,935.89,897.08,29.01,66.36,74.11
16-06-2025 14:00,14,6,167,63.52,453.45,165.42,28.72,41.84,35.01
16-06-2025 15:00,15,6,167,23.09,584.67,449.68,32.28,52.66,44.24
16-06-2025 16:00,16,6,167,26.29,401.4,295.86,29.92,57.31,31.82
16-06-2025 17:00,17,6,167,33.85,193.12,127.75,28.06,56.54,13.7
16-06-2025 18:00,18,6,167,19.06,0,0,25.67,65.94,0
16-06-2025 19:00,19,6,167,35.71,0,0,21.57,55.24,0
16-06-2025 20:00,20,6,167,21.47,0,0,22.41,58.36,0
16-06-2025 21:00,21,6,167,52.49,0,0,22.13,59.5,0
16-06-2025 22:00,22,6,167,29.86,0,0,17.39,66.91,0
16-06-2025 23:00,23,6,167,19.5,0,0,14.52,63.93,0
17-06-2025 00:00,0,6,168,67.05,0,0,13.05,52.7,0
17-06-2025 01:00,1,6,168,51.17,0,0,10.18,70.2,0
17-06-2025 02:00,2,6,168,32.13,0,0,11.22,67.32,0
17-06-2025 03:00,3,6,168,7.71,0,0,9.24,64.88,0
17-06-2025 04:00,4,6,168,65.12,0,0,11.08,62.5,0
17-06-2025 05:00,5,6,168,42.68,0,0,12.25,62.84,0
17-06-2025 06:00,6,6,168,9.88,0,0,11.63,64.18,0
17-06-2025 07:00,7,6,168,49.71,162.33,81.63,14.4,73.11,13.15
17-06-2025 08:00,8,6,168,14.81,444.46,378.63,15.45,60.31,36.04
17-06-2025 09:00,9,6,168,35.4,519.4,335.55,19.89,60.86,41.48
17-06-2025 10:00,10,6,168,21.57,725.91,569.31,24.02,54.66,57.26
17-06-2025 11:00,11,6,168,44.87,640.88,353.33,25.06,66.14,51.26
17-06-2025 12:00,12,6,168,17.52,868.57,716.35,22.28,72.41,68.85
17-06-2025 13:00,13,6,168,9.52,896.94,811.53,27.49,59.8,70.13
17-06-2025 14:00,14,6,168,4.33,837.88,801.56,31.88,56.68,63.83
17-06-2025 15:00,15,6,168,10.64,650.7,581.5,29.57,57.92,50.21
17-06-2025 16:00,16,6,168,7.17,473.09,439.15,30.82,50.18,37.41
17-06-2025 17:00,17,6,168,29.47,201.61,142.19,28.53,52.59,16.34
17-06-2025 18:00,18,6,168,15.84,0,0,27.69,50.23,0.04
17-06-2025 19:00,19,6,168,31.99,0,0,22.34,60.08,0
17-06-2025 20:00,20,6,168,24.06,0,0,21.52,56.56,0
17-06-2025 21:00,21,6,168,48.37,0,0,20.89,67.6,0
17-06-2025 22:00,22,6,168,25.65,0,0,18.06,64.22,0
17-06-2025 23:00,23,6,168,20.99,0,0,14.77,69.18,0
18-06-2025 00:00,0,6,169,24.47,0,0,12.31,62,0
18-06-2025 01:00,1,6,169,35.43,0,0,11.76,59.91,0
18-06-2025 02:00,2,6,169,47.62,0,0,8.64,67.3,0
18-06-2025 03:00,3,6,169,50.71,0,0,9.73,60.76,0
18-06-2025 04:00,4,6,169,43.64,0,0,11.04,64.23,0
18-06-2025 05:00,5,6,169,29.74,0,0,10.62,63.57,0
18-06-2025 06:00,6,6,169,37.25,0,0,11.01,61.51,0
18-06-2025 07:00,7,6,169,34.95,190.97,124.23,16.09,57.57,13.08
18-06-2025 08:00,8,6,169,40.89,346.66,204.91,16.86,51.93,28.69
18-06-2025 09:00,9,6,169,26.66,565.72,414.91,15.52,66.95,43.56
18-06-2025 10:00,10,6,169,19.14,741.68,599.69,23.16,53.8,60.31
18-06-2025 11:00,11,6,169,39.54,679.5,410.84,29.18,48.33,52.41
18-06-2025 12:00,12,6,169,5.84,956.18,900.31,26.28,52.11,77.97
18-06-2025 13:00,13,6,169,26.36,774.93,570.63,30.86,47.4,60.73
18-06-2025 14:00,14,6,169,37.74,620.9,386.57,32.27,53.53,49
18-06-2025 15:00,15,6,169,47.81,453.54,236.68,30.13,52.1,35.97
18-06-2025 16:00,16,6,169,16.81,436.98,363.54,34.67,53.91,34.4
18-06-2025 17:00,17,6,169,6.8,245.61,228.91,30.47,52.59,17.96
18-06-2025 18:00,18,6,169,32.66,0,0,25.86,59.93,0
18-06-2025 19:00,19,6,169,57.92,0,0,28.15,54.45,0
18-06-2025 20:00,20,6,169,14.19,0,0,18.57,60.18,0
18-06-2025 21:00,21,6,169,36.27,0,0,21.55,63.29,0
18-06-2025 22:00,22,6,169,25.32,0,0,14.91,63.38,0
18-06-2025 23:00,23,6,169,13.67,0,0,16.26,63.39,0
19-06-2025 00:00,0,6,170,48.2,0,0,10.81,74.34,0
19-06-2025 01:00,1,6,170,50.04,0,0,12.6,61.59,0
19-06-2025 02:00,2,6,170,64.54,0,0,9.74,64.33,0
19-06-2025 03:00,3,6,170,0.26,0,0,13.27,63.57,0
19-06-2025 04:00,4,6,170,25.51,0,0,6.67,64.71,0
19-06-2025 05:00,5,6,170,0,0,0,13.66,61.47,0
19-06-2025 06:00,6,6,170,23.04,0,0,12.47,56.06,0
19-06-2025 07:00,7,6,170,52.24,157.41,75.17,12.91,66.8,13
19-06-2025 08:00,8,6,170,39.53,351.76,212.71,14.08,63.14,28.21
19-06-2025 09:00,9,6,170,27.22,562.75,409.56,18.77,63.94,44.33
19-06-2025 10:00,10,6,170,47.34,558.53,294.11,19.95,68.26,44.16
19-06-2025 11:00,11,6,170,20.48,817.54,650.09,27.1,57.16,66.36
19-06-2025 12:00,12,6,170,27.96,790.28,569.31,27.15,55.53,63.74
19-06-2025 13:00,13,6,170,37.5,694.23,433.86,28.4,47.52,56.18
19-06-2025 14:00,14,6,170,10.58,797.32,712.99,30.02,39.6,62.41
19-06-2025 15:00,15,6,170,22.81,586.16,452.49,30.96,56.11,46.58
19-06-2025 16:00,16,6,170,0,500,500,31.03,55.16,38.36
19-06-2025 17:00,17,6,170,23.63,212.96,162.65,27.47,52.65,17.46
19-06-2025 18:00,18,6,170,21.02,0,0,26.05,60.57,0.82
19-06-2025 19:00,19,6,170,46.73,0,0,27.32,51.62,0
19-06-2025 20:00,20,6,170,49.38,0,0,24.12,56.7,0
19-06-2025 21:00,21,6,170,56.32,0,0,19.29,53.91,0
19-06-2025 22:00,22,6,170,23.4,0,0,16.78,66.57,0
19-06-2025 23:00,23,6,170,40.56,0,0,13.39,62.81,0
20-06-2025 00:00,0,6,171,29.44,0,0,13.52,62.53,0
20-06-2025 01:00,1,6,171,1.7,0,0,9.09,64.99,0
20-06-2025 02:00,2,6,171,50.46,0,0,7.52,67.88,0
20-06-2025 03:00,3,6,171,29.06,0,0,11.06,63.78,0
20-06-2025 04:00,4,6,171,82.94,0,0,12.26,55.48,0
20-06-2025 05:00,5,6,171,35.08,0,0,15.5,63.55,0
20-06-2025 06:00,6,6,171,25.76,0,0,18.44,64.45,0
20-06-2025 07:00,7,6,171,19.1,221.74,179.39,16.14,54.74,16.45
20-06-2025 08:00,8,6,171,0,500,500,13.5,56.54,41.04
20-06-2025 09:00,9,6,171,23.52,582.36,445.38,23.86,54.79,46.19
20-06-2025 10:00,10,6,171,17.46,752.61,621.2,18.29,54.16,59.03
20-06-2025 11:00,11,6,171,20.69,816.03,647.18,21.27,58.12,64.01
20-06-2025 12:00,12,6,171,36.6,725.5,459.97,25.38,47.61,55.61
20-06-2025 13:00,13,6,171,47.38,622.71,327.7,26.56,63.06,48.89
20-06-2025 14:00,14,6,171,40.1,605.54,362.69,29.8,46.19,45.7
20-06-2025 15:00,15,6,171,20.13,600.37,479.53,31.63,52.5,46.83
20-06-2025 16:00,16,6,171,31.23,382.9,263.33,31.58,54.84,30.6
20-06-2025 17:00,17,6,171,14.28,231.1,198.1,27.91,58.16,16.86
20-06-2025 18:00,18,6,171,9.54,0,0,25.82,46.71,1
20-06-2025 19:00,19,6,171,42.32,0,0,23.13,64.01,0
20-06-2025 20:00,20,6,171,34.91,0,0,22.23,63.27,0
20-06-2025 21:00,21,6,171,61.42,0,0,21.3,59.42,0
20-06-2025 22:00,22,6,171,30.16,0,0,19.07,63.14,0
20-06-2025 23:00,23,6,171,21.97,0,0,11.51,68.06,0
21-06-2025 00:00,0,6,172,48.86,0,0,12.05,60.11,0
21-06-2025 01:00,1,6,172,23.43,0,0,9.83,75.55,0
21-06-2025 02:00,2,6,172,5.43,0,0,10.45,65.5,0
21-06-2025 03:00,3,6,172,52.15,0,0,10.08,70.99,0
21-06-2025 04:00,4,6,172,18.59,0,0,8.41,55.31,0
21-06-2025 05:00,5,6,172,27.44,0,0,11.03,63.97,0
21-06-2025 06:00,6,6,172,89.83,0,0,16.94,53.58,0
21-06-2025 07:00,7,6,172,59.66,143,57.68,19.2,54.35,10.2
21-06-2025 08:00,8,6,172,14.2,446.73,383.28,18.86,58.73,36.03
21-06-2025 09:00,9,6,172,43.09,478.57,272.33,20.51,69.14,38.24
21-06-2025 10:00,10,6,172,31.7,660.15,450.9,24.51,62.4,50.16
21-06-2025 11:00,11,6,172,30.41,745.59,518.83,24.81,62.17,58.44
21-06-2025 12:00,12,6,172,62.05,534.62,202.89,25.42,53.1,41.68
21-06-2025 13:00,13,6,172,17.83,836.75,687.55,27.54,51.59,64.55
21-06-2025 14:00,14,6,172,20.23,734.63,586.01,29.92,52.31,57.37
21-06-2025 15:00,15,6,172,4.79,681.71,649.06,37.44,53.99,52.15
21-06-2025 16:00,16,6,172,8.51,468.08,428.25,32.25,53.68,37.96
21-06-2025 17:00,17,6,172,74.73,113.76,28.75,27.61,56.54,10.24
21-06-2025 18:00,18,6,172,32.25,0,0,25.13,52.68,0
21-06-2025 19:00,19,6,172,42.74,0,0,25.28,64.74,0
21-06-2025 20:00,20,6,172,24.86,0,0,23.35,63.69,0
21-06-2025 21:00,21,6,172,25.07,0,0,20.89,60,0
21-06-2025 22:00,22,6,172,33.39,0,0,17.69,57.94,0
21-06-2025 23:00,23,6,172,66.01,0,0,15.7,58.81,0
22-06-2025 00:00,0,6,173,41.25,0,0,10.36,71.44,0
22-06-2025 01:00,1,6,173,26.77,0,0,16.69,55.47,0
22-06-2025 02:00,2,6,173,39.94,0,0,9.05,64.33,0
22-06-2025 03:00,3,6,173,17.86,0,0,12.17,66.53,0
22-06-2025 04:00,4,6,173,43.88,0,0,8.89,64.47,0
22-06-2025 05:00,5,6,173,24.42,0,0,9.4,73.9,0
22-06-2025 06:00,6,6,173,6.95,0,0,13.1,61.8,0
22-06-2025 07:00,7,6,173,28.71,203.09,144.79,16.75,54.38,14.73
22-06-2025 08:00,8,6,173,12.24,454.11,398.54,17.86,52.15,35.83
22-06-2025 09:00,9,6,173,32.74,533.45,358.77,22.29,60.31,43.31
22-06-2025 10:00,10,6,173,8.82,808.76,737.46,21.3,61.18,66.96
22-06-2025 11:00,11,6,173,30.06,748.17,523.29,22.95,62.15,58.51
22-06-2025 12:00,12,6,173,33.27,750.47,500.78,25.78,62.45,57.51
22-06-2025 13:00,13,6,173,48.08,617.6,320.65,26.92,58.64,50.41
22-06-2025 14:00,14,6,173,62.89,457.55,169.8,28.82,59.19,36.84
22-06-2025 15:00,15,6,173,18.66,608.14,494.66,30.4,62.13,47.24
22-06-2025 16:00,16,6,173,25.43,404.65,301.76,27.21,66.21,31.37
22-06-2025 17:00,17,6,173,42.49,176.35,101.42,32.49,58.58,15.11
22-06-2025 18:00,18,6,173,43.44,0,0,28.29,58.68,0
22-06-2025 19:00,19,6,173,34.81,0,0,25.39,54.18,0
22-06-2025 20:00,20,6,173,31.15,0,0,21.78,64.89,0
22-06-2025 21:00,21,6,173,7.12,0,0,20.46,53.03,0
22-06-2025 22:00,22,6,173,64.38,0,0,16.95,60.18,0
22-06-2025 23:00,23,6,173,53.58,0,0,15.42,57.6,0
23-06-2025 00:00,0,6,174,30.75,0,0,14.64,57.63,0
23-06-2025 01:00,1,6,174,0,0,0,11.66,63.5,0
23-06-2025 02:00,2,6,174,42.26,0,0,13.21,62.93,0
23-06-2025 03:00,3,6,174,19.84,0,0,12.21,71.9,0
23-06-2025 04:00,4,6,174,35.73,0,0,11.81,63.84,0
23-06-2025 05:00,5,6,174,86.69,0,0,10.63,56.08,0
23-06-2025 06:00,6,6,174,0,0,0,12.49,57.44,0
23-06-2025 07:00,7,6,174,60.15,142.07,56.62,17.21,62.7,10.94
23-06-2025 08:00,8,6,174,0,500,500,17.78,60.79,40.05
23-06-2025 09:00,9,6,174,0,707.11,707.11,21.42,62.09,55.97
23-06-2025 10:00,10,6,174,57.72,491.1,207.62,22.72,57.39,38.79
23-06-2025 11:00,11,6,174,45.97,632.93,342,26.99,53.39,50.6
23-06-2025 12:00,12,6,174,50.85,618.63,304.05,29.4,54.9,47.55
23-06-2025 13:00,13,6,174,54.36,572.15,261.15,28.54,55.78,45.68
23-06-2025 14:00,14,6,174,26.5,693.92,510.04,30.46,53.44,54.85
23-06-2025 15:00,15,6,174,0,707.11,707.11,30.61,54.2,54.1
23-06-2025 16:00,16,6,174,32.27,379,256.71,31.43,57.33,29.18
23-06-2025 17:00,17,6,174,62.42,137.64,51.72,30.62,51.88,7.82
23-06-2025 18:00,18,6,174,11.33,0,0,27.28,53.74,0
23-06-2025 19:00,19,6,174,35.79,0,0,27.93,58.1,0
23-06-2025 20:00,20,6,174,13.75,0,0,24.31,56.72,0
23-06-2025 21:00,21,6,174,69.36,0,0,23.34,58.46,0
23-06-2025 22:00,22,6,174,49.31,0,0,20.95,66.41,0
23-06-2025 23:00,23,6,174,60.78,0,0,15.02,62.54,0
24-06-2025 00:00,0,6,175,29.25,0,0,12.19,61.95,0
24-06-2025 01:00,1,6,175,32.5,0,0,12.11,60.04,0
24-06-2025 02:00,2,6,175,32.03,0,0,11.07,69.82,0
24-06-2025 03:00,3,6,175,20.32,0,0,14.8,60.48,0
24-06-2025 04:00,4,6,175,32.93,0,0,9.29,74.64,0
24-06-2025 05:00,5,6,175,49.73,0,0,9.42,61.73,0
24-06-2025 06:00,6,6,175,50.98,0,0,12.5,67.85,0
24-06-2025 07:00,7,6,175,33.57,193.66,128.66,15.83,70.07,14.85
24-06-2025 08:00,8,6,175,0,500,500,16.3,72.25,41.07
24-06-2025 09:00,9,6,175,0,707.11,707.11,18.37,60.56,56.03
24-06-2025 10:00,10,6,175,11.03,794.36,706.71,24.3,62.79,62.66
24-06-2025 11:00,11,6,175,11.31,883.96,783.96,21.91,62.85,68.65
24-06-2025 12:00,12,6,175,67.81,491.4,158.16,28.44,52.08,38.98
24-06-2025 13:00,13,6,175,0,965.93,965.93,28.4,55.26,76.9
24-06-2025 14:00,14,6,175,56.84,496.84,214.44,32.28,50.11,37.3
24-06-2025 15:00,15,6,175,33.8,527.87,349.46,26.8,57.38,42.57
24-06-2025 16:00,16,6,175,50.48,310.7,153.86,29.79,52.31,25.24
24-06-2025 17:00,17,6,175,54.82,152.41,68.87,25.75,62.6,12.37
24-06-2025 18:00,18,6,175,18.5,0,0,28.81,57.23,0
24-06-2025 19:00,19,6,175,12.77,0,0,26.74,59.28,0
24-06-2025 20:00,20,6,175,0,0,0,18.9,58.35,0
24-06-2025 21:00,21,6,175,17.44,0,0,23.57,61.18,0
24-06-2025 22:00,22,6,175,59.34,0,0,16.3,58.11,0
24-06-2025 23:00,23,6,175,26.66,0,0,13.9,62.8,0
25-06-2025 00:00,0,6,176,58.51,0,0,10.92,64.63,0
25-06-2025 01:00,1,6,176,42.49,0,0,10.36,61.68,0
25-06-2025 02:00,2,6,176,25.19,0,0,10.58,67.78,0
25-06-2025 03:00,3,6,176,47.04,0,0,11.71,63.93,0
25-06-2025 04:00,4,6,176,25.66,0,0,8.18,62.61,0
25-06-2025 05:00,5,6,176,35.23,0,0,12.97,56.42,0
25-06-2025 06:00,6,6,176,24.25,0,0,11.98,65.79,0
25-06-2025 07:00,7,6,176,28.58,203.35,145.24,14.4,68.21,15.94
25-06-2025 08:00,8,6,176,50.71,309.85,152.73,18.71,62,25.96
25-06-2025 09:00,9,6,176,59.54,391.35,158.34,21.38,53.36,31.98
25-06-2025 10:00,10,6,176,35.2,637.42,413.07,24.14,51.54,50.94
25-06-2025 11:00,11,6,176,0,965.93,965.93,21.8,60.37,75.78
25-06-2025 12:00,12,6,176,48.55,635.91,327.21,20.7,57.3,50.18
25-06-2025 13:00,13,6,176,33.1,726.11,485.74,26.8,56.88,57.85
25-06-2025 14:00,14,6,176,28.55,680.59,486.29,30.99,50.92,51.56
25-06-2025 15:00,15,6,176,35.44,519.16,335.18,27.08,61.2,39.18
25-06-2025 16:00,16,6,176,26.47,400.73,294.64,30.13,51.7,31.21
25-06-2025 17:00,17,6,176,21.43,217.22,170.68,27.18,55.94,18.15
25-06-2025 18:00,18,6,176,58.51,0,0,28,52.33,0
25-06-2025 19:00,19,6,176,34.02,0,0,26.28,54.05,0
25-06-2025 20:00,20,6,176,34.06,0,0,26.56,60.69,0
25-06-2025 21:00,21,6,176,3.28,0,0,18.68,57.9,0
25-06-2025 22:00,22,6,176,37.1,0,0,18.04,62.08,0
25-06-2025 23:00,23,6,176,36.64,0,0,15.15,59.34,0
26-06-2025 00:00,0,6,177,19.18,0,0,12.39,61.83,0
26-06-2025 01:00,1,6,177,46.89,0,0,13.7,54.93,0
26-06-2025 02:00,2,6,177,6.01,0,0,11.02,64.83,0
26-06-2025 03:00,3,6,177,50.81,0,0,10.4,69.34,0
26-06-2025 04:00,4,6,177,80.68,0,0,13.3,68.25,0
26-06-2025 05:00,5,6,177,31.24,0,0,13.28,66.99,0
26-06-2025 06:00,6,6,177,53.38,0,0,13.95,59.25,0
26-06-2025 07:00,7,6,177,0.82,257.23,255.12,14.57,53.72,18.53
26-06-2025 08:00,8,6,177,12.86,451.76,393.65,14.22,69.18,34.42
26-06-2025 09:00,9,6,177,45.27,467.04,255.62,21.21,58.35,36.54
26-06-2025 10:00,10,6,177,24.4,707.52,534.85,20.25,63.59,58.16
26-06-2025 11:00,11,6,177,57.05,552.61,237.32,24.28,48.1,43.25
26-06-2025 12:00,12,6,177,18.64,860.18,699.82,28.26,56.05,66.49
26-06-2025 13:00,13,6,177,66.43,484.7,162.73,28.32,54.2,37.8
26-06-2025 14:00,14,6,177,31.35,662.39,454.73,33.1,51,50.89
26-06-2025 15:00,15,6,177,34.88,522.13,340.02,28.09,60.72,41.23
26-06-2025 16:00,16,6,177,6.61,475.2,443.77,28.83,58.71,37.8
26-06-2025 17:00,17,6,177,38.24,184.58,113.99,29.59,59.86,13.66
26-06-2025 18:00,18,6,177,37.85,0,0,25.71,59.73,0.5
26-06-2025 19:00,19,6,177,27.86,0,0,23.76,57.1,0
26-06-2025 20:00,20,6,177,0,0,0,28.11,55.86,0
26-06-2025 21:00,21,6,177,49.45,0,0,16.74,64.66,0
26-06-2025 22:00,22,6,177,47.22,0,0,17.44,60.13,0
26-06-2025 23:00,23,6,177,20.32,0,0,13.33,60.88,0
27-06-2025 00:00,0,6,178,40.45,0,0,11.71,68.64,0
27-06-2025 01:00,1,6,178,24.44,0,0,13.02,64.02,0
27-06-2025 02:00,2,6,178,17.96,0,0,13.86,59.26,0
27-06-2025 03:00,3,6,178,6.92,0,0,9.97,58.52,0
27-06-2025 04:00,4,6,178,36.78,0,0,10.1,68.9,0
27-06-2025 05:00,5,6,178,44.38,0,0,11.01,69.48,0
27-06-2025 06:00,6,6,178,13.62,0,0,12.25,66.12,0
27-06-2025 07:00,7,6,178,10.71,238.03,212.54,15.79,63.02,16.81
27-06-2025 08:00,8,6,178,40.32,348.8,208.16,20.57,61.49,27.76
27-06-2025 09:00,9,6,178,25.08,574.13,430.16,18.59,65.81,46.87
27-06-2025 10:00,10,6,178,56,502.27,220.98,22.26,57.56,39.31
27-06-2025 11:00,11,6,178,9.92,894.03,805.31,21.48,66.8,71.8
27-06-2025 12:00,12,6,178,61.82,536.37,204.8,28.02,58.61,41.97
27-06-2025 13:00,13,6,178,0,965.93,965.93,25.33,60.14,75.86
27-06-2025 14:00,14,6,178,41.82,594.4,345.83,29.02,53.61,46.91
27-06-2025 15:00,15,6,178,0,707.11,707.11,30.38,53.65,55.19
27-06-2025 16:00,16,6,178,55.97,290.12,127.74,33.42,40.18,20.97
27-06-2025 17:00,17,6,178,26.14,208.09,153.7,25.32,66.31,15.29
27-06-2025 18:00,18,6,178,27.87,0,0,29.52,51.81,0
27-06-2025 19:00,19,6,178,24.94,0,0,23.07,67.06,0
27-06-2025 20:00,20,6,178,26.31,0,0,24.35,66.05,0
27-06-2025 21:00,21,6,178,31.67,0,0,19.38,64.6,0
27-06-2025 22:00,22,6,178,10.85,0,0,17.76,60.45,0
27-06-2025 23:00,23,6,178,7.41,0,0,11,71.55,0
28-06-2025 00:00,0,6,179,56.79,0,0,13.31,61.27,0
28-06-2025 01:00,1,6,179,26.87,0,0,12.41,65.3,0
28-06-2025 02:00,2,6,179,16.13,0,0,8.34,68.46,0
28-06-2025 03:00,3,6,179,32.07,0,0,9.62,70.08,0
28-06-2025 04:00,4,6,179,20.76,0,0,9.23,67.01,0
28-06-2025 05:00,5,6,179,54.47,0,0,12.38,62.88,0
28-06-2025 06:00,6,6,179,22.32,0,0,14.54,66.95,0
28-06-2025 07:00,7,6,179,36.63,187.71,118.95,16.56,75.38,17.25
28-06-2025 08:00,8,6,179,38.57,355.37,218.31,14.99,57.82,27.46
28-06-2025 09:00,9,6,179,5.25,679.28,643.63,20.83,62.97,55.62
28-06-2025 10:00,10,6,179,25.41,700.97,522.85,25.03,59.72,56.17
28-06-2025 11:00,11,6,179,15.5,853.64,721.34,27.94,64.73,66.74
28-06-2025 12:00,12,6,179,0,1000,1000,29.59,51.95,78.11
28-06-2025 13:00,13,6,179,38.46,687.3,422.97,27.59,65.06,55.9
28-06-2025 14:00,14,6,179,17.89,749.83,615.68,31.26,48.79,60.66
28-06-2025 15:00,15,6,179,17.98,611.76,501.77,29.46,54.21,48.81
28-06-2025 16:00,16,6,179,73.67,223.72,58.9,29.51,52.83,17.19
28-06-2025 17:00,17,6,179,36.93,187.13,118.02,25.17,57.45,13.83
28-06-2025 18:00,18,6,179,26.38,0,0,24.4,53.58,0
28-06-2025 19:00,19,6,179,45.11,0,0,22.31,53.06,0
28-06-2025 20:00,20,6,179,0,0,0,22.75,65.32,0
28-06-2025 21:00,21,6,179,40.41,0,0,21.25,56.77,0
28-06-2025 22:00,22,6,179,68.23,0,0,17.63,70.69,0
28-06-2025 23:00,23,6,179,22.69,0,0,15.4,51.69,0
29-06-2025 00:00,0,6,180,0,0,0,15.12,57.92,0
29-06-2025 01:00,1,6,180,39.62,0,0,7.99,67.53,0
29-06-2025 02:00,2,6,180,0,0,0,12.47,66.94,0
29-06-2025 03:00,3,6,180,13.04,0,0,11.63,58.84,0
29-06-2025 04:00,4,6,180,29.27,0,0,8.36,58.44,0
29-06-2025 05:00,5,6,180,10.78,0,0,10.95,59.33,0
29-06-2025 06:00,6,6,180,0,0,0,13.33,60.99,0
29-06-2025 07:00,7,6,180,21.27,217.53,171.25,16.18,58.58,19.39
29-06-2025 08:00,8,6,180,14.73,444.76,379.24,15.62,62.35,35.58
29-06-2025 09:00,9,6,180,16.6,619.08,516.33,19.15,50.77,48.95
29-06-2025 10:00,10,6,180,46.16,566.18,304.81,24.1,59.35,45.55
29-06-2025 11:00,11,6,180,22.73,801.23,619.09,24.23,63.96,63.45
29-06-2025 12:00,12,6,180,25.52,808.6,602.24,30.7,56.32,62.79
29-06-2025 13:00,13,6,180,1.29,956.59,944.27,29.34,56.88,75.48
29-06-2025 14:00,14,6,180,13.13,780.75,678.25,29.99,49.4,59.4
29-06-2025 15:00,15,6,180,21.55,592.81,465.04,28.43,50.77,45.24
29-06-2025 16:00,16,6,180,67.94,245.24,78.63,28.03,50.09,19.27
29-06-2025 17:00,17,6,180,55.38,151.32,67.52,30.82,49.85,10.52
29-06-2025 18:00,18,6,180,38.7,0,0,25.23,50.63,0
29-06-2025 19:00,19,6,180,0,0,0,26.7,56.56,0
29-06-2025 20:00,20,6,180,44.02,0,0,23.52,54.32,0
29-06-2025 21:00,21,6,180,50.75,0,0,19.4,69.61,0
29-06-2025 22:00,22,6,180,21.36,0,0,14.92,55.7,0
29-06-2025 23:00,23,6,180,33.94,0,0,14.94,64.87,0
30-06-2025 00:00,0,6,181,47.03,0,0,10.9,65.56,0
30-06-2025 01:00,1,6,181,0,0,0,11.34,68.37,0
30-06-2025 02:00,2,6,181,7.28,0,0,13.22,67.81,0
30-06-2025 03:00,3,6,181,17.27,0,0,10.11,62.86,0
30-06-2025 04:00,4,6,181,39.86,0,0,10.9,60.85,0
30-06-2025 05:00,5,6,181,28.78,0,0,8.76,69.64,0
30-06-2025 06:00,6,6,181,12.44,0,0,13.18,55.86,0
30-06-2025 07:00,7,6,181,40.69,179.83,106.66,16.09,57.41,13.66
30-06-2025 08:00,8,6,181,23.6,411.51,314.41,15.92,65.82,33.1
30-06-2025 09:00,9,6,181,31.58,539.63,369.21,18.09,65.72,43.05
30-06-2025 10:00,10,6,181,2.11,852.34,834.39,21.09,61.82,67.55
30-06-2025 11:00,11,6,181,69.71,460.92,139.62,24.48,53.2,36.47
30-06-2025 12:00,12,6,181,19.97,850.23,680.45,25.51,61.28,68.07
30-06-2025 13:00,13,6,181,40.39,673.35,401.41,30.67,57.05,52.56
30-06-2025 14:00,14,6,181,22.79,718.03,554.43,28.45,59.11,53.8
30-06-2025 15:00,15,6,181,26.65,565.78,415.01,28.47,43.8,43.08
30-06-2025 16:00,16,6,181,26.58,400.32,293.9,30.69,54.65,30.43
30-06-2025 17:00,17,6,181,61.62,139.21,53.44,27.08,59.7,12.41
30-06-2025 18:00,18,6,181,30.71,0,0,27.49,59.1,0
30-06-2025 19:00,19,6,181,48.25,0,0,21.99,55.06,0
30-06-2025 20:00,20,6,181,42.09,0,0,24.45,60.41,0
30-06-2025 21:00,21,6,181,64.69,0,0,22.05,56.94,0
30-06-2025 22:00,22,6,181,33.29,0,0,15.31,65.13,0
30-06-2025 23:00,23,6,181,42.07,0,0,15.11,62.79,0
01-07-2025 00:00,0,7,182,32.44,0,0,12.88,65.44,0
01-07-2025 01:00,1,7,182,47.61,0,0,13.69,70.44,0
01-07-2025 02:00,2,7,182,40.89,0,0,9.73,73.14,0
01-07-2025 03:00,3,7,182,23.16,0,0,7.54,68.28,0
01-07-2025 04:00,4,7,182,34.2,0,0,9.69,60.23,0
01-07-2025 05:00,5,7,182,44.91,0,0,6.35,69.01,0
01-07-2025 06:00,6,7,182,13.42,0,0,10.25,65.72,0
01-07-2025 07:00,7,7,182,18.83,222.27,180.42,15.88,67.31,17.74
01-07-2025 08:00,8,7,182,46.52,325.56,174.11,19.03,53.95,25.71
01-07-2025 09:00,9,7,182,52.27,429.9,205.19,19.34,62.96,34.03
01-07-2025 10:00,10,7,182,13.5,778.33,673.25,22,54.12,63.4
01-07-2025 11:00,11,7,182,35.19,710.98,460.77,28.07,54.36,55.33
01-07-2025 12:00,12,7,182,5.99,955.09,897.9,21.51,57.8,76.17
01-07-2025 13:00,13,7,182,22.86,800.32,617.37,27.9,53.5,60.85
01-07-2025 14:00,14,7,182,0,866.03,866.03,25.47,57.58,67.78
01-07-2025 15:00,15,7,182,58.88,394.87,162.39,30.54,51.19,29.73
01-07-2025 16:00,16,7,182,36.39,363.54,231.25,30.63,49.63,27.22
01-07-2025 17:00,17,7,182,52.91,156.11,73.52,28.45,50.8,11.92
01-07-2025 18:00,18,7,182,0,0,0,27.06,65.65,0
01-07-2025 19:00,19,7,182,11.61,0,0,26.91,59.94,0
01-07-2025 20:00,20,7,182,18.48,0,0,21.14,61.13,0
01-07-2025 21:00,21,7,182,39.36,0,0,18.84,58.12,0
01-07-2025 22:00,22,7,182,9.46,0,0,15.62,69.45,0
01-07-2025 23:00,23,7,182,26.97,0,0,13.44,58.51,0
02-07-2025 00:00,0,7,183,24.07,0,0,13.83,61.29,0
02-07-2025 01:00,1,7,183,42.35,0,0,10.1,75.13,0
02-07-2025 02:00,2,7,183,0,0,0,10.97,66.54,0
02-07-2025 03:00,3,7,183,30.29,0,0,11.05,74.03,0
02-07-2025 04:00,4,7,183,66.62,0,0,8.31,66.79,0
02-07-2025 05:00,5,7,183,2.13,0,0,10.34,62.1,0
02-07-2025 06:00,6,7,183,72.28,0,0,9.87,65.85,0
02-07-2025 07:00,7,7,183,13.64,232.34,200.64,15.93,59.1,18.46
02-07-2025 08:00,8,7,183,50.69,309.92,152.83,14.86,71.28,24.13
02-07-2025 09:00,9,7,183,47.17,456.94,241.39,20.85,60.52,35.75
02-07-2025 10:00,10,7,183,30.53,667.74,463.89,21.03,55.95,53.98
02-07-2025 11:00,11,7,183,27.5,766.74,555.92,26.28,64.04,59.99
02-07-2025 12:00,12,7,183,49.04,632.18,322.14,30.91,54.74,51.02
02-07-2025 13:00,13,7,183,8.78,902.34,823.14,31.01,57.86,69.76
02-07-2025 14:00,14,7,183,27.66,686.38,496.54,25.95,50.52,52.51
02-07-2025 15:00,15,7,183,23,585.12,450.53,29.79,59.5,46.64
02-07-2025 16:00,16,7,183,11.81,455.72,401.9,28.77,61.89,35.2
02-07-2025 17:00,17,7,183,12.33,234.88,205.9,29.91,65.24,19.8
02-07-2025 18:00,18,7,183,58.53,0,0,27.97,49.6,0.14
02-07-2025 19:00,19,7,183,19.64,0,0,29.21,58.97,0
02-07-2025 20:00,20,7,183,37.02,0,0,16.92,58.28,0
02-07-2025 21:00,21,7,183,22.53,0,0,20.25,52.65,0
02-07-2025 22:00,22,7,183,15.22,0,0,17.42,67.74,0
02-07-2025 23:00,23,7,183,31.95,0,0,14.25,59.76,0
03-07-2025 00:00,0,7,184,37.18,0,0,12.49,66.13,0
03-07-2025 01:00,1,7,184,10.6,0,0,11.61,69.6,0
03-07-2025 02:00,2,7,184,8.35,0,0,10.75,68.01,0
03-07-2025 03:00,3,7,184,35.85,0,0,14.52,66.25,0
03-07-2025 04:00,4,7,184,46.37,0,0,9.71,66.06,0
03-07-2025 05:00,5,7,184,35.1,0,0,12.35,57.08,0
03-07-2025 06:00,6,7,184,62.56,0,0,13.82,58.6,0
03-07-2025 07:00,7,7,184,36.52,187.94,119.31,13.87,55.08,14.73
03-07-2025 08:00,8,7,184,59.27,277.73,113.11,18.19,58.44,23.31
03-07-2025 09:00,9,7,184,59.75,390.21,157.04,21.55,62.03,30.44
03-07-2025 10:00,10,7,184,29.32,675.58,477.49,21.31,50.6,53.73
03-07-2025 11:00,11,7,184,28.66,758.27,540.91,25.01,63.94,59.38
03-07-2025 12:00,12,7,184,54,595,273.7,28.58,52.16,46.03
03-07-2025 13:00,13,7,184,46.26,630.77,338.96,29.96,59.67,49.76
03-07-2025 14:00,14,7,184,49.01,547.69,279.26,30.34,55.15,42.52
03-07-2025 15:00,15,7,184,7.84,665.55,613.41,29.64,58.8,51.68
03-07-2025 16:00,16,7,184,49.59,314.05,158.33,28.24,48.72,25.36
03-07-2025 17:00,17,7,184,59.51,143.3,58.02,27.68,56.77,12.45
03-07-2025 18:00,18,7,184,51.26,0,0,26.74,58.5,1.03
03-07-2025 19:00,19,7,184,30.84,0,0,24.21,53.62,0
03-07-2025 20:00,20,7,184,50.9,0,0,22.59,64.84,0
03-07-2025 21:00,21,7,184,9.73,0,0,16.42,70.98,0
03-07-2025 22:00,22,7,184,28.44,0,0,17.67,70.51,0
03-07-2025 23:00,23,7,184,18.69,0,0,14.35,58.91,0
04-07-2025 00:00,0,7,185,3.65,0,0,15.52,70.65,0
04-07-2025 01:00,1,7,185,27.76,0,0,10.55,63.2,0
04-07-2025 02:00,2,7,185,35.5,0,0,6.25,68.01,0
04-07-2025 03:00,3,7,185,1.36,0,0,11.61,64.17,0
04-07-2025 04:00,4,7,185,17.49,0,0,6.91,68.71,0
04-07-2025 05:00,5,7,185,46.22,0,0,8.15,67.49,0
04-07-2025 06:00,6,7,185,36.97,0,0,10.08,57.39,0
04-07-2025 07:00,7,7,185,58.57,145.12,60.12,16.93,62.57,12.37
04-07-2025 08:00,8,7,185,33.24,375.35,250.59,16.76,52.49,30.89
04-07-2025 09:00,9,7,185,23.03,584.98,450.26,17.69,57.63,47.02
04-07-2025 10:00,10,7,185,8.26,812.35,745.21,25.61,55.37,64.67
04-07-2025 11:00,11,7,185,11.44,883.05,782.03,24.41,46.9,70.74
04-07-2025 12:00,12,7,185,67.66,492.54,159.28,27.63,54.55,38.39
04-07-2025 13:00,13,7,185,22.32,804.26,624.79,29.13,51.11,63.14
04-07-2025 14:00,14,7,185,51.27,533,259.72,28.67,52.09,41.8
04-07-2025 15:00,15,7,185,4.62,682.61,651.08,26.01,59.26,53.46
04-07-2025 16:00,16,7,185,49.05,316.06,161.03,28.59,48.69,23.77
04-07-2025 17:00,17,7,185,27.64,205.17,148.47,27.45,50.32,15.39
04-07-2025 18:00,18,7,185,24.16,0,0,29.28,62.84,0
04-07-2025 19:00,19,7,185,13.63,0,0,24.79,47.61,0
04-07-2025 20:00,20,7,185,0,0,0,25.9,58.66,0
04-07-2025 21:00,21,7,185,42.22,0,0,20.12,62.96,0
04-07-2025 22:00,22,7,185,31.64,0,0,13.82,65.22,0
04-07-2025 23:00,23,7,185,15.86,0,0,14.07,64.41,0
05-07-2025 00:00,0,7,186,10.21,0,0,9.49,69.53,0
05-07-2025 01:00,1,7,186,44.97,0,0,12.6,58.01,0
05-07-2025 02:00,2,7,186,63.31,0,0,13.52,59.6,0
05-07-2025 03:00,3,7,186,12.21,0,0,9.55,65.95,0
05-07-2025 04:00,4,7,186,31.67,0,0,11.24,66.6,0
05-07-2025 05:00,5,7,186,31.59,0,0,9.72,65.33,0
05-07-2025 06:00,6,7,186,24.46,0,0,16.9,60.56,0
05-07-2025 07:00,7,7,186,24.85,210.59,158.27,13.88,65.86,17.59
05-07-2025 08:00,8,7,186,16.69,437.42,364.43,20,59.21,34.16
05-07-2025 09:00,9,7,186,29.76,549.28,385.82,26,62.66,42.64
05-07-2025 10:00,10,7,186,0,866.03,866.03,23.85,48.74,67.85
05-07-2025 11:00,11,7,186,28.65,758.38,541.1,24.71,55.03,60.85
05-07-2025 12:00,12,7,186,5.75,956.86,901.83,30.15,61.97,74.47
05-07-2025 13:00,13,7,186,42.34,659.18,380.07,30.61,52.71,52.11
05-07-2025 14:00,14,7,186,30.91,665.23,459.59,32.75,53.29,52.63
05-07-2025 15:00,15,7,186,32.42,535.15,361.64,33.3,47.05,41.73
05-07-2025 16:00,16,7,186,45.57,329.12,179.15,33.58,51.22,25.52
05-07-2025 17:00,17,7,186,26.43,207.51,152.66,31.47,65.07,14.95
05-07-2025 18:00,18,7,186,50.33,0,0,28.57,48.2,0.67
05-07-2025 19:00,19,7,186,60.06,0,0,27.75,51.87,0
05-07-2025 20:00,20,7,186,49.94,0,0,21.06,60.95,0
05-07-2025 21:00,21,7,186,28.68,0,0,19.81,70.31,0
05-07-2025 22:00,22,7,186,20.06,0,0,20.34,61.73,0
05-07-2025 23:00,23,7,186,45.9,0,0,16.99,58.53,0
06-07-2025 00:00,0,7,187,10.47,0,0,12.18,64.09,0
06-07-2025 01:00,1,7,187,34.27,0,0,15.44,61.24,0
06-07-2025 02:00,2,7,187,19,0,0,8.29,65.41,0
06-07-2025 03:00,3,7,187,47.51,0,0,10.48,51.28,0
06-07-2025 04:00,4,7,187,29.52,0,0,9.73,70.36,0
06-07-2025 05:00,5,7,187,75.4,0,0,8.21,65.6,0
06-07-2025 06:00,6,7,187,8.28,0,0,10.37,64.27,0
06-07-2025 07:00,7,7,187,28.48,203.54,145.58,14.91,64.58,16.86
06-07-2025 08:00,8,7,187,17.29,435.14,359.89,17.89,59.42,37.28
06-07-2025 09:00,9,7,187,39.63,496.92,299.97,20.03,50.7,41.11
06-07-2025 10:00,10,7,187,35.28,636.86,412.17,23.12,50.02,51.26
06-07-2025 11:00,11,7,187,39.73,678.12,408.71,27.11,64.24,54.54
06-07-2025 12:00,12,7,187,26.84,798.69,584.3,29.07,62.36,62.27
06-07-2025 13:00,13,7,187,8.76,902.5,823.48,29.12,58.36,70.57
06-07-2025 14:00,14,7,187,44.09,579.65,324.08,30.21,54.31,43.55
06-07-2025 15:00,15,7,187,53.27,424.58,198.39,27.85,57.78,34.1
06-07-2025 16:00,16,7,187,57.54,284.24,120.7,29.63,48.94,19.96
06-07-2025 17:00,17,7,187,33.19,194.4,129.89,26.46,48.43,14.51
06-07-2025 18:00,18,7,187,39.82,0,0,25.92,64.4,0
06-07-2025 19:00,19,7,187,39.95,0,0,27.3,65.21,0
06-07-2025 20:00,20,7,187,0,0,0,22.04,64.97,0
06-07-2025 21:00,21,7,187,12.03,0,0,22.64,54.41,0
06-07-2025 22:00,22,7,187,21.82,0,0,15.37,60.39,0
06-07-2025 23:00,23,7,187,27.29,0,0,14.16,68.29,0
07-07-2025 00:00,0,7,188,34.73,0,0,14.73,65.02,0
07-07-2025 01:00,1,7,188,26.61,0,0,11.83,60.79,0
07-07-2025 02:00,2,7,188,17.89,0,0,12.34,68.05,0
07-07-2025 03:00,3,7,188,30.92,0,0,8.71,56.09,0
07-07-2025 04:00,4,7,188,27.66,0,0,10.28,59.1,0
07-07-2025 05:00,5,7,188,38.42,0,0,8.3,64.27,0
07-07-2025 06:00,6,7,188,28.52,0,0,15.08,65.45,0
07-07-2025 07:00,7,7,188,32.91,194.93,130.77,12.13,73.69,16.31
07-07-2025 08:00,8,7,188,6.83,474.39,442,17.57,56.26,40.18
07-07-2025 09:00,9,7,188,30.45,545.65,379.52,19.05,65.88,43.95
07-07-2025 10:00,10,7,188,21.09,729.04,575.29,19.57,64.43,59.18
07-07-2025 11:00,11,7,188,5.53,925.83,874.6,25.32,62.97,73.37
07-07-2025 12:00,12,7,188,46.63,650.29,347.08,23.63,67.13,49.73
07-07-2025 13:00,13,7,188,9.58,896.51,810.61,27.09,56.18,69.88
07-07-2025 14:00,14,7,188,42.11,592.5,342.98,32.48,48.62,46.44
07-07-2025 15:00,15,7,188,62.08,377.9,143.32,29.42,62.63,30.4
07-07-2025 16:00,16,7,188,22.08,417.2,325.08,27.44,56.05,34.56
07-07-2025 17:00,17,7,188,58.35,145.55,60.62,26.48,59.88,11.56
07-07-2025 18:00,18,7,188,2.92,0,0,22.04,58.53,0.36
07-07-2025 19:00,19,7,188,32.37,0,0,19.95,64.9,0
07-07-2025 20:00,20,7,188,0,0,0,23.67,60.51,0
07-07-2025 21:00,21,7,188,37.63,0,0,14.53,59.27,0
07-07-2025 22:00,22,7,188,15.65,0,0,18.35,55.66,0
07-07-2025 23:00,23,7,188,67.65,0,0,14.2,61.84,0
08-07-2025 00:00,0,7,189,19.61,0,0,9.68,62.91,0
08-07-2025 01:00,1,7,189,0,0,0,8.25,65.34,0
08-07-2025 02:00,2,7,189,74.98,0,0,9.15,64.54,0
08-07-2025 03:00,3,7,189,9.1,0,0,6.7,63.29,0
08-07-2025 04:00,4,7,189,39.3,0,0,9.56,68.56,0
08-07-2025 05:00,5,7,189,37.37,0,0,11.72,59.02,0
08-07-2025 06:00,6,7,189,23.18,0,0,15.4,52.73,0
08-07-2025 07:00,7,7,189,56.23,149.67,65.51,15.95,64.96,12.09
08-07-2025 08:00,8,7,189,28.47,393.26,281.32,16.75,64.18,31.3
08-07-2025 09:00,9,7,189,59.19,393.21,160.47,22.58,59.87,31.66
08-07-2025 10:00,10,7,189,42.96,586.99,334.82,24.65,56.99,47.87
08-07-2025 11:00,11,7,189,27.78,764.69,552.27,25.24,57.46,61.95
08-07-2025 12:00,12,7,189,23.74,821.96,626.85,28.71,51.18,65.07
08-07-2025 13:00,13,7,189,18.52,831.72,677.65,27.02,63.19,65.54
08-07-2025 14:00,14,7,189,25.69,699.15,519.52,30.41,63.42,54.56
08-07-2025 15:00,15,7,189,54.16,419.87,192.47,31.89,52.45,33.12
08-07-2025 16:00,16,7,189,2.95,488.96,474.55,26.42,50.6,37.75
08-07-2025 17:00,17,7,189,53.31,155.35,72.54,27.09,63.77,11.86
08-07-2025 18:00,18,7,189,48.68,0,0,27.64,51,0
08-07-2025 19:00,19,7,189,33.69,0,0,19.64,57.87,0
08-07-2025 20:00,20,7,189,10.99,0,0,25.21,58.44,0
08-07-2025 21:00,21,7,189,30.21,0,0,22.83,67.57,0
08-07-2025 22:00,22,7,189,48.77,0,0,19.53,59.77,0
08-07-2025 23:00,23,7,189,37.14,0,0,16.27,58.72,0
09-07-2025 00:00,0,7,190,8.97,0,0,13.55,67.35,0
09-07-2025 01:00,1,7,190,33.58,0,0,11.37,66.09,0
09-07-2025 02:00,2,7,190,46.35,0,0,11.64,54.96,0
09-07-2025 03:00,3,7,190,29.77,0,0,10.14,67.42,0
09-07-2025 04:00,4,7,190,7.37,0,0,8.55,77.39,0
09-07-2025 05:00,5,7,190,17.28,0,0,13.14,67.81,0
09-07-2025 06:00,6,7,190,43.81,0,0,11.36,64.69,0
09-07-2025 07:00,7,7,190,20.15,219.71,175.45,15.37,66.36,18.17
09-07-2025 08:00,8,7,190,61.56,269.14,103.45,16.91,60.63,21.56
09-07-2025 09:00,9,7,190,20.53,598.24,475.44,18.17,58.5,49.82
09-07-2025 10:00,10,7,190,0,866.03,866.03,21.68,62.5,68.44
09-07-2025 11:00,11,7,190,7.19,913.87,848.21,27.07,57.22,73.06
09-07-2025 12:00,12,7,190,54.48,591.39,269.19,26.09,60.63,48.44
09-07-2025 13:00,13,7,190,50.36,601.1,298.39,27.26,49.1,46.85
09-07-2025 14:00,14,7,190,31.85,659.17,449.25,25.69,56.07,53.03
09-07-2025 15:00,15,7,190,15.55,624.63,527.49,27.27,63.66,49.69
09-07-2025 16:00,16,7,190,34.4,370.99,243.37,32.59,45.55,27.76
09-07-2025 17:00,17,7,190,28.84,202.84,144.34,25.78,57.88,16.87
09-07-2025 18:00,18,7,190,88.34,0,0,23.42,57.08,0
09-07-2025 19:00,19,7,190,51.92,0,0,28.04,58.67,0
09-07-2025 20:00,20,7,190,35.62,0,0,25.46,61.11,0
09-07-2025 21:00,21,7,190,22.64,0,0,21.71,65.79,0
09-07-2025 22:00,22,7,190,48.69,0,0,14.65,65.32,0
09-07-2025 23:00,23,7,190,31.62,0,0,16.48,60.41,0
10-07-2025 00:00,0,7,191,9.38,0,0,14.52,66.25,0
10-07-2025 01:00,1,7,191,31.47,0,0,12.01,63.7,0
10-07-2025 02:00,2,7,191,42.24,0,0,13.92,58.22,0
10-07-2025 03:00,3,7,191,63.49,0,0,10.11,71.01,0
10-07-2025 04:00,4,7,191,29.32,0,0,9.9,69.1,0
10-07-2025 05:00,5,7,191,19.91,0,0,12.31,60.61,0
10-07-2025 06:00,6,7,191,16.74,0,0,16.73,55.91,0
10-07-2025 07:00,7,7,191,21.77,216.56,169.41,13.42,51.94,18.79
10-07-2025 08:00,8,7,191,28.27,394,282.63,14.46,62.91,30.58
10-07-2025 09:00,9,7,191,47.16,456.99,241.46,19.7,69.34,34
10-07-2025 10:00,10,7,191,6.8,821.85,765.96,23.06,54.14,65.74
10-07-2025 11:00,11,7,191,33.82,720.92,477.1,25.5,54.38,56.34
10-07-2025 12:00,12,7,191,0,1000,1000,27.97,55.56,79.34
10-07-2025 13:00,13,7,191,27.49,766.75,555.95,26.54,58.67,60.27
10-07-2025 14:00,14,7,191,16.08,761.59,639.13,32.62,56.49,60.15
10-07-2025 15:00,15,7,191,13.05,637.89,554.63,30,55.46,48.74
10-07-2025 16:00,16,7,191,40.57,347.84,206.71,30.06,53,26.39
10-07-2025 17:00,17,7,191,47.92,165.81,86.36,29.06,62.56,13.62
10-07-2025 18:00,18,7,191,40.21,0,0,25.34,63.16,0.83
10-07-2025 19:00,19,7,191,12.24,0,0,21.83,67.41,0
10-07-2025 20:00,20,7,191,3.77,0,0,21.24,63.04,0
10-07-2025 21:00,21,7,191,19.5,0,0,26.03,62.27,0
10-07-2025 22:00,22,7,191,24.93,0,0,16.05,65.44,0
10-07-2025 23:00,23,7,191,13.34,0,0,12.56,60.02,0
11-07-2025 00:00,0,7,192,4,0,0,14.77,67.07,0
11-07-2025 01:00,1,7,192,54.26,0,0,13.25,65.21,0
11-07-2025 02:00,2,7,192,39.55,0,0,9.78,63.56,0
11-07-2025 03:00,3,7,192,60.72,0,0,10.95,66.51,0
11-07-2025 04:00,4,7,192,47.79,0,0,10.2,70.47,0
11-07-2025 05:00,5,7,192,49.1,0,0,9.8,72.04,0
11-07-2025 06:00,6,7,192,16.77,0,0,13.46,62.31,0
11-07-2025 07:00,7,7,192,33.54,193.71,128.74,13.3,68.63,14.54
11-07-2025 08:00,8,7,192,52.66,302.54,143.23,17.53,63.21,24.2
11-07-2025 09:00,9,7,192,12.4,641.37,561.87,20.4,57.72,51.53
11-07-2025 10:00,10,7,192,49.5,544.53,274.99,23.95,62.42,44.96
11-07-2025 11:00,11,7,192,4.99,929.8,883.44,25.14,58.71,75.22
11-07-2025 12:00,12,7,192,10.11,924.15,830.69,30.19,55.93,72.97
11-07-2025 13:00,13,7,192,23.32,797.02,611.19,26.64,55.63,63.13
11-07-2025 14:00,14,7,192,25.27,701.89,524.51,30.2,50.98,55.54
11-07-2025 15:00,15,7,192,30.76,543.96,376.63,27.24,61.8,45.06
11-07-2025 16:00,16,7,192,26.57,400.35,293.96,32.3,58.77,32.43
11-07-2025 17:00,17,7,192,9.21,240.95,218.76,27.09,62.24,18.73
11-07-2025 18:00,18,7,192,54.7,0,0,27.08,57.23,1.21
11-07-2025 19:00,19,7,192,46.49,0,0,27.58,48.27,0
11-07-2025 20:00,20,7,192,21.31,0,0,25.13,60.22,0
11-07-2025 21:00,21,7,192,40.54,0,0,17.11,66.82,0
11-07-2025 22:00,22,7,192,0,0,0,15.51,62.27,0
11-07-2025 23:00,23,7,192,37.76,0,0,17.75,66.58,0
12-07-2025 00:00,0,7,193,32.79,0,0,13.77,59.25,0
12-07-2025 01:00,1,7,193,30,0,0,6.29,66.1,0
12-07-2025 02:00,2,7,193,0,0,0,11.42,72.22,0
12-07-2025 03:00,3,7,193,0,0,0,10.1,68.7,0
12-07-2025 04:00,4,7,193,70.6,0,0,11.33,65.95,0
12-07-2025 05:00,5,7,193,49.99,0,0,13.34,60.63,0
12-07-2025 06:00,6,7,193,21.24,0,0,10.12,69.62,0
12-07-2025 07:00,7,7,193,10.58,238.28,213.08,15,55.3,19.75
12-07-2025 08:00,8,7,193,5.97,477.62,449.11,16.42,66.07,36.6
12-07-2025 09:00,9,7,193,37.65,507.42,316.36,22.18,54.7,40.84
12-07-2025 10:00,10,7,193,32.39,655.64,443.27,25.22,66.82,51.25
12-07-2025 11:00,11,7,193,56.5,556.59,242.1,25.49,63.36,42.83
12-07-2025 12:00,12,7,193,29.64,777.72,547.23,22.91,57.15,63.53
12-07-2025 13:00,13,7,193,62.1,516.03,195.57,30.74,55.93,38.1
12-07-2025 14:00,14,7,193,26.17,696.08,513.94,31.78,46.34,53.77
12-07-2025 15:00,15,7,193,24.62,576.55,434.62,32.07,46.34,43.99
12-07-2025 16:00,16,7,193,36.55,362.92,230.26,33.51,43.18,27.92
12-07-2025 17:00,17,7,193,51.92,158.03,75.98,25.66,53.71,12.7
12-07-2025 18:00,18,7,193,35.44,0,0,29.49,65.28,0
12-07-2025 19:00,19,7,193,25.38,0,0,24.07,66.76,0
12-07-2025 20:00,20,7,193,27.36,0,0,23.83,56.88,0
12-07-2025 21:00,21,7,193,7.99,0,0,23.57,66.7,0
12-07-2025 22:00,22,7,193,41.38,0,0,18.59,62.88,0
12-07-2025 23:00,23,7,193,22.65,0,0,15.94,60.16,0
13-07-2025 00:00,0,7,194,41.02,0,0,10.04,61.18,0
13-07-2025 01:00,1,7,194,17.9,0,0,11.43,68.52,0
13-07-2025 02:00,2,7,194,71.85,0,0,10.93,66.84,0
13-07-2025 03:00,3,7,194,0,0,0,7.86,64.68,0
13-07-2025 04:00,4,7,194,42.31,0,0,11.04,59.13,0
13-07-2025 05:00,5,7,194,0,0,0,12.11,60.23,0
13-07-2025 06:00,6,7,194,0,0,0,10.2,73.37,0
13-07-2025 07:00,7,7,194,42.59,176.15,101.13,14.27,64.6,14.25
13-07-2025 08:00,8,7,194,48.84,316.84,162.09,16.83,61.68,24.73
13-07-2025 09:00,9,7,194,0,707.11,707.11,20.06,62.16,55.05
13-07-2025 10:00,10,7,194,39.41,610.02,369.59,22.6,51.6,49.11
13-07-2025 11:00,11,7,194,46.93,625.92,332.16,27.46,55.72,50.53
13-07-2025 12:00,12,7,194,21.8,836.51,654.16,28.16,56.24,65.06
13-07-2025 13:00,13,7,194,16.2,848.58,711.13,29.69,55.58,65.07
13-07-2025 14:00,14,7,194,24.94,704.01,528.41,28.59,58.32,56.53
13-07-2025 15:00,15,7,194,18.83,607.24,492.9,31.09,59.95,47.62
13-07-2025 16:00,16,7,194,50.83,309.39,152.13,28.66,64.83,24.56
13-07-2025 17:00,17,7,194,55.19,151.68,67.96,29.59,56.43,9.69
13-07-2025 18:00,18,7,194,41.69,0,0,26.12,55.99,0.89
13-07-2025 19:00,19,7,194,39.91,0,0,25.53,61.92,0
13-07-2025 20:00,20,7,194,0,0,0,24.73,58.58,0
13-07-2025 21:00,21,7,194,8.34,0,0,19.12,66.26,0
13-07-2025 22:00,22,7,194,22.8,0,0,20.29,69.56,0
13-07-2025 23:00,23,7,194,9.05,0,0,15.39,63.5,0
14-07-2025 00:00,0,7,195,34.34,0,0,12.46,68.22,0
14-07-2025 01:00,1,7,195,14.95,0,0,12.27,73,0
14-07-2025 02:00,2,7,195,47.44,0,0,12.62,57.36,0
14-07-2025 03:00,3,7,195,39.85,0,0,10.51,68.67,0
14-07-2025 04:00,4,7,195,8.92,0,0,13.98,68.61,0
14-07-2025 05:00,5,7,195,71.08,0,0,11.32,58.74,0
14-07-2025 06:00,6,7,195,28.84,0,0,13.32,59.25,0
14-07-2025 07:00,7,7,195,10.32,238.79,214.16,14.38,58.03,19.7
14-07-2025 08:00,8,7,195,32.97,376.36,252.27,20.81,67.77,28.31
14-07-2025 09:00,9,7,195,30.84,543.54,375.89,18.28,61.04,42.85
14-07-2025 10:00,10,7,195,50.06,540.91,270.16,23.02,57.3,43.67
14-07-2025 11:00,11,7,195,21.23,812.11,639.68,27.87,50.65,65.06
14-07-2025 12:00,12,7,195,48.25,638.14,330.25,31.55,57.54,48.34
14-07-2025 13:00,13,7,195,7.76,909.7,839.09,30.41,51.39,72.49
14-07-2025 14:00,14,7,195,25.53,700.21,521.45,28.17,59.58,55.76
14-07-2025 15:00,15,7,195,29.61,550.08,387.2,30.62,55.62,42.4
14-07-2025 16:00,16,7,195,31.81,380.73,259.64,29.94,58.21,30.16
14-07-2025 17:00,17,7,195,19.1,221.74,179.38,27.87,51.87,18.3
14-07-2025 18:00,18,7,195,11.62,0,0,25.9,53.65,0
14-07-2025 19:00,19,7,195,18.94,0,0,24.78,56.7,0
14-07-2025 20:00,20,7,195,11.62,0,0,23.67,60.12,0
14-07-2025 21:00,21,7,195,44.47,0,0,22.11,56.36,0
14-07-2025 22:00,22,7,195,21.77,0,0,18.14,62.35,0
14-07-2025 23:00,23,7,195,2.47,0,0,13.76,57.11,0
15-07-2025 00:00,0,7,196,0,0,0,12.1,52.73,0
15-07-2025 01:00,1,7,196,15.12,0,0,9.12,64.87,0
15-07-2025 02:00,2,7,196,35.81,0,0,10.85,58.23,0
15-07-2025 03:00,3,7,196,25.26,0,0,12.12,57.84,0
15-07-2025 04:00,4,7,196,25.69,0,0,11.87,72.25,0
15-07-2025 05:00,5,7,196,30.7,0,0,7.02,72.26,0
15-07-2025 06:00,6,7,196,42.41,0,0,15.67,63.2,0
15-07-2025 07:00,7,7,196,0,258.82,258.82,8.74,66.17,21.03
15-07-2025 08:00,8,7,196,36.5,363.12,230.57,18.01,70.88,27.27
15-07-2025 09:00,9,7,196,33.81,527.78,349.32,20.03,50.34,43.12
15-07-2025 10:00,10,7,196,16.64,757.91,631.76,21.64,53.77,60.65
15-07-2025 11:00,11,7,196,38.37,687.94,423.96,24.46,60.81,55.79
15-07-2025 12:00,12,7,196,35.32,735.1,475.47,25.57,54.31,57.25
15-07-2025 13:00,13,7,196,25.67,779.93,579.69,27.02,56.6,63.28
15-07-2025 14:00,14,7,196,79.44,350.04,71.96,29.2,56.77,26.58
15-07-2025 15:00,15,7,196,42.14,483.65,279.87,29.59,58.86,37.23
15-07-2025 16:00,16,7,196,33.45,374.56,249.26,30.42,59.26,29.33
15-07-2025 17:00,17,7,196,50.62,160.56,79.29,30.34,50.26,12.15
15-07-2025 18:00,18,7,196,40.4,0,0,28.64,45.09,0.81
15-07-2025 19:00,19,7,196,32.87,0,0,23.55,54.75,0
15-07-2025 20:00,20,7,196,56.2,0,0,23.19,52.04,0
15-07-2025 21:00,21,7,196,12.14,0,0,15.33,59.61,0
15-07-2025 22:00,22,7,196,0,0,0,16.13,63.52,0
15-07-2025 23:00,23,7,196,54.22,0,0,13.35,64.56,0
16-07-2025 00:00,0,7,197,28.09,0,0,13,65.61,0
16-07-2025 01:00,1,7,197,30.16,0,0,10.35,61.11,0
16-07-2025 02:00,2,7,197,55.84,0,0,10.89,55.74,0
16-07-2025 03:00,3,7,197,20.39,0,0,10.66,54.96,0
16-07-2025 04:00,4,7,197,33.32,0,0,11.06,60.17,0
16-07-2025 05:00,5,7,197,28.5,0,0,14.35,62.27,0
16-07-2025 06:00,6,7,197,61.72,0,0,15.85,62.88,0
16-07-2025 07:00,7,7,197,36.5,187.96,119.34,15.87,71.37,13.82
16-07-2025 08:00,8,7,197,30.85,384.3,265.73,17.74,58.33,29.96
16-07-2025 09:00,9,7,197,36.14,515.45,329.16,19.08,59.99,39.07
16-07-2025 10:00,10,7,197,40.74,601.42,356.41,24.95,41.33,48.54
16-07-2025 11:00,11,7,197,21.85,807.6,631.11,28.29,60.37,64.56
16-07-2025 12:00,12,7,197,18.1,864.23,707.78,27.19,67.93,67.03
16-07-2025 13:00,13,7,197,33.12,725.98,485.53,26.94,56.59,58.01
16-07-2025 14:00,14,7,197,33.63,647.61,429.84,29.97,62.53,50.31
16-07-2025 15:00,15,7,197,0,707.11,707.11,27.53,53.63,53.91
16-07-2025 16:00,16,7,197,25.98,402.56,297.96,26.56,52.71,32.41
16-07-2025 17:00,17,7,197,14.53,230.62,197.12,29.42,52.12,17.62
16-07-2025 18:00,18,7,197,0,0,0,27.38,56.26,0
16-07-2025 19:00,19,7,197,23.53,0,0,26.4,57.24,0
16-07-2025 20:00,20,7,197,45.18,0,0,22.15,57.12,0
16-07-2025 21:00,21,7,197,19.75,0,0,16.35,54.66,0
16-07-2025 22:00,22,7,197,18.49,0,0,15.61,58.93,0
16-07-2025 23:00,23,7,197,34.75,0,0,14.28,60.76,0
17-07-2025 00:00,0,7,198,52.02,0,0,11.34,64.32,0
17-07-2025 01:00,1,7,198,43.19,0,0,10.56,60.17,0
17-07-2025 02:00,2,7,198,16.97,0,0,13.33,65.23,0
17-07-2025 03:00,3,7,198,47.44,0,0,10.66,70.49,0
17-07-2025 04:00,4,7,198,19.74,0,0,10.48,57.21,0
17-07-2025 05:00,5,7,198,42.37,0,0,13.87,59.2,0
17-07-2025 06:00,6,7,198,48.99,0,0,14.85,61.1,0
17-07-2025 07:00,7,7,198,38.46,184.17,113.35,12.13,69.57,15.2
17-07-2025 08:00,8,7,198,24.28,408.93,309.63,19.18,58.31,32.24
17-07-2025 09:00,9,7,198,57.86,400.25,168.66,19.8,57.03,30.51
17-07-2025 10:00,10,7,198,16.53,758.67,633.27,22.89,55.63,60.66
17-07-2025 11:00,11,7,198,47.75,620.01,323.96,25.66,55.95,48.32
17-07-2025 12:00,12,7,198,21.07,841.97,664.56,29.33,56.34,64.96
17-07-2025 13:00,13,7,198,32.17,732.89,497.14,26.68,54.06,57.66
17-07-2025 14:00,14,7,198,44.64,576.1,318.94,30.96,53.61,44.75
17-07-2025 15:00,15,7,198,39.25,498.95,303.11,32.7,53.35,37.99
17-07-2025 16:00,16,7,198,24.25,409.05,309.85,27.79,59.35,33.06
17-07-2025 17:00,17,7,198,44.7,172.05,95.15,25.61,60.93,14.1
17-07-2025 18:00,18,7,198,28.1,0,0,27.73,56.52,0.24
17-07-2025 19:00,19,7,198,31.32,0,0,24.71,55.13,0
17-07-2025 20:00,20,7,198,15.88,0,0,24.24,53.47,0
17-07-2025 21:00,21,7,198,14.04,0,0,23.22,45.99,0
17-07-2025 22:00,22,7,198,52.98,0,0,16.03,62.79,0
17-07-2025 23:00,23,7,198,33.05,0,0,14.73,59.7,0
18-07-2025 00:00,0,7,199,38.45,0,0,13.78,64.37,0
18-07-2025 01:00,1,7,199,26.77,0,0,11.14,62.75,0
18-07-2025 02:00,2,7,199,42.2,0,0,12.81,58.3,0
18-07-2025 03:00,3,7,199,12.91,0,0,10.56,68.8,0
18-07-2025 04:00,4,7,199,29.99,0,0,10.66,56.68,0
18-07-2025 05:00,5,7,199,11.37,0,0,9.97,61.93,0
18-07-2025 06:00,6,7,199,27.21,0,0,11.04,63.5,0
18-07-2025 07:00,7,7,199,33.63,193.53,128.44,14,65.98,13.71
18-07-2025 08:00,8,7,199,24.65,407.56,307.1,19.17,60.74,32.77
18-07-2025 09:00,9,7,199,20.16,600.17,479.15,17.85,60.59,48.96
18-07-2025 10:00,10,7,199,30.17,670.08,467.93,24.56,61.39,51.59
18-07-2025 11:00,11,7,199,45.41,636.97,347.73,29.59,58.14,50.67
18-07-2025 12:00,12,7,199,17.21,870.95,721.09,25.92,57.39,71.56
18-07-2025 13:00,13,7,199,29.13,754.88,534.97,26.33,59.9,61.28
18-07-2025 14:00,14,7,199,22.21,721.75,561.42,33.9,53.87,54.74
18-07-2025 15:00,15,7,199,49.48,444.69,224.66,28.22,48.74,33.6
18-07-2025 16:00,16,7,199,44.75,332.19,183.53,31.73,58.18,26.88
18-07-2025 17:00,17,7,199,48.41,164.85,85.04,26.89,55.72,14.94
18-07-2025 18:00,18,7,199,9.53,0,0,22.25,67.96,0.19
18-07-2025 19:00,19,7,199,22,0,0,25.05,58.12,0
18-07-2025 20:00,20,7,199,72.59,0,0,24.59,52.5,0
18-07-2025 21:00,21,7,199,15.19,0,0,20.34,64.12,0
18-07-2025 22:00,22,7,199,31.06,0,0,18.6,54.84,0
18-07-2025 23:00,23,7,199,20.76,0,0,14.29,63.04,0
19-07-2025 00:00,0,7,200,31.58,0,0,11.02,67.38,0
19-07-2025 01:00,1,7,200,23.83,0,0,8.82,69.51,0
19-07-2025 02:00,2,7,200,29.94,0,0,10.53,61.19,0
19-07-2025 03:00,3,7,200,55.42,0,0,10.67,55.48,0
19-07-2025 04:00,4,7,200,20.24,0,0,8.08,59.72,0
19-07-2025 05:00,5,7,200,39.67,0,0,9.74,64.23,0
19-07-2025 06:00,6,7,200,40.03,0,0,13.13,55.75,0
19-07-2025 07:00,7,7,200,57.87,146.49,61.72,15,58.73,13.47
19-07-2025 08:00,8,7,200,14.67,445,379.74,12.63,63.13,35.06
19-07-2025 09:00,9,7,200,23.61,581.9,444.52,18.21,64.32,44.99
19-07-2025 10:00,10,7,200,8.05,813.71,748.17,21.99,69.01,65.32
19-07-2025 11:00,11,7,200,0,965.93,965.93,25.21,64.51,77.15
19-07-2025 12:00,12,7,200,53.4,599.46,279.32,24.28,54.09,46.03
19-07-2025 13:00,13,7,200,57.02,552.83,237.59,32.13,58.76,42.22
19-07-2025 14:00,14,7,200,30.84,665.74,460.45,29.72,51.84,51.87
19-07-2025 15:00,15,7,200,30.08,547.56,382.84,25.93,48.68,43.14
19-07-2025 16:00,16,7,200,27.89,395.42,285.15,34.17,52.51,30.94
19-07-2025 17:00,17,7,200,16.04,227.68,191.16,25.74,54.23,16.57
19-07-2025 18:00,18,7,200,33.09,0,0,26.51,63.51,1.8
19-07-2025 19:00,19,7,200,19.78,0,0,27.2,55.32,0
19-07-2025 20:00,20,7,200,28.11,0,0,22.31,49.65,0
19-07-2025 21:00,21,7,200,2.8,0,0,20.18,57.8,0
19-07-2025 22:00,22,7,200,32.4,0,0,17.34,66.91,0
19-07-2025 23:00,23,7,200,22.58,0,0,15.78,57.41,0
20-07-2025 00:00,0,7,201,0,0,0,16.57,65.58,0
20-07-2025 01:00,1,7,201,13.52,0,0,12.5,60.94,0
20-07-2025 02:00,2,7,201,51.46,0,0,9.97,54.62,0
20-07-2025 03:00,3,7,201,34.68,0,0,12.48,60.28,0
20-07-2025 04:00,4,7,201,42.29,0,0,10.09,73.6,0
20-07-2025 05:00,5,7,201,22.86,0,0,9.52,65.12,0
20-07-2025 06:00,6,7,201,39.29,0,0,9.55,64.67,0
20-07-2025 07:00,7,7,201,0,258.82,258.82,14.15,56.29,20.18
20-07-2025 08:00,8,7,201,77.26,210.28,47.82,17.54,69.39,16.32
20-07-2025 09:00,9,7,201,21.22,594.57,468.4,24.01,50.79,46.93
20-07-2025 10:00,10,7,201,8.34,811.89,744.21,21.72,55.32,65.45
20-07-2025 11:00,11,7,201,45.57,635.81,346.08,25.58,55.44,50.98
20-07-2025 12:00,12,7,201,15.14,886.46,752.26,26.01,57.43,71.72
20-07-2025 13:00,13,7,201,25.68,779.91,579.65,27.47,44.41,61.9
20-07-2025 14:00,14,7,201,14.47,772.04,660.33,34.23,60.33,59.6
20-07-2025 15:00,15,7,201,32.28,535.93,362.95,29.99,54.89,41.45
20-07-2025 16:00,16,7,201,39.51,351.83,212.81,31.9,49.21,26.39
20-07-2025 17:00,17,7,201,9.46,240.46,217.72,28.63,53.33,17.72
20-07-2025 18:00,18,7,201,40.46,0,0,25.56,61.25,0
20-07-2025 19:00,19,7,201,0,0,0,26.04,62.09,0
20-07-2025 20:00,20,7,201,3.87,0,0,19.66,61.65,0
20-07-2025 21:00,21,7,201,25.55,0,0,20.97,55.86,0
20-07-2025 22:00,22,7,201,12.22,0,0,16.91,68.07,0
20-07-2025 23:00,23,7,201,24.09,0,0,15.03,61.04,0
21-07-2025 00:00,0,7,202,33.05,0,0,13.04,74.21,0
21-07-2025 01:00,1,7,202,25.86,0,0,10.8,54.15,0
21-07-2025 02:00,2,7,202,44.48,0,0,10.55,52.12,0
21-07-2025 03:00,3,7,202,25.83,0,0,12.7,68.07,0
21-07-2025 04:00,4,7,202,54.86,0,0,10.35,62.56,0
21-07-2025 05:00,5,7,202,1.87,0,0,8.65,60.83,0
21-07-2025 06:00,6,7,202,9.15,0,0,17.21,61.46,0
21-07-2025 07:00,7,7,202,52.8,156.33,73.79,12.36,66.18,13.19
21-07-2025 08:00,8,7,202,10.59,460.28,411.52,19.38,62.41,36.64
21-07-2025 09:00,9,7,202,62.78,374.15,139.25,18.86,57.53,31.21
21-07-2025 10:00,10,7,202,53.28,519.95,242.91,24.86,55.31,41.22
21-07-2025 11:00,11,7,202,18.92,828.86,672.05,27.26,50.59,66.58
21-07-2025 12:00,12,7,202,58.19,563.54,235.59,28.25,53.48,45.66
21-07-2025 13:00,13,7,202,3.43,941.09,908.82,28.21,58.99,72.5
21-07-2025 14:00,14,7,202,31.64,660.51,451.52,32.21,49.06,52.11
21-07-2025 15:00,15,7,202,40.33,493.23,294.32,29.84,56.66,39.16
21-07-2025 16:00,16,7,202,56.45,288.32,125.57,29.06,47.96,22.65
21-07-2025 17:00,17,7,202,35.14,190.62,123.64,29.81,59.09,14.27
21-07-2025 18:00,18,7,202,34.28,0,0,22.97,70.26,0.18
21-07-2025 19:00,19,7,202,38.96,0,0,29.39,51.3,0
21-07-2025 20:00,20,7,202,28.58,0,0,19.64,55.18,0
21-07-2025 21:00,21,7,202,28.43,0,0,18.88,56.29,0
21-07-2025 22:00,22,7,202,59.66,0,0,14.97,55.52,0
21-07-2025 23:00,23,7,202,70.58,0,0,15.4,62.75,0
22-07-2025 00:00,0,7,203,16.21,0,0,13.13,59.19,0
22-07-2025 01:00,1,7,203,38.95,0,0,10.73,60.91,0
22-07-2025 02:00,2,7,203,28.72,0,0,9.7,61.03,0
22-07-2025 03:00,3,7,203,0,0,0,6.45,66.9,0
22-07-2025 04:00,4,7,203,61.46,0,0,7.42,64.09,0
22-07-2025 05:00,5,7,203,63.93,0,0,10.25,64.94,0
22-07-2025 06:00,6,7,203,22.92,0,0,13.62,65.99,0
22-07-2025 07:00,7,7,203,6.7,245.81,229.33,12.45,61.93,19.24
22-07-2025 08:00,8,7,203,38.7,354.89,217.56,18.92,61.07,27.03
22-07-2025 09:00,9,7,203,5.67,677.04,638.65,18.88,53.42,54.15
22-07-2025 10:00,10,7,203,34.36,642.87,422,21.28,60.13,50.03
22-07-2025 11:00,11,7,203,31.33,738.93,507.39,22.58,66.93,58.3
22-07-2025 12:00,12,7,203,1.88,985.89,967.35,28.47,53.68,77.01
22-07-2025 13:00,13,7,203,20.97,813.99,643.27,30.2,60.74,62.66
22-07-2025 14:00,14,7,203,10.33,798.96,716.46,30.18,56.09,61.49
22-07-2025 15:00,15,7,203,40.27,493.53,294.77,28,60.31,40.28
22-07-2025 16:00,16,7,203,38.67,355,217.73,25.49,64.43,29.07
22-07-2025 17:00,17,7,203,0,258.82,258.82,29.62,52.94,19.93
22-07-2025 18:00,18,7,203,12.28,0,0,27.96,65.98,0.43
22-07-2025 19:00,19,7,203,52.28,0,0,24.73,56.6,0
22-07-2025 20:00,20,7,203,72.94,0,0,20.24,59.74,0
22-07-2025 21:00,21,7,203,46.91,0,0,19.28,66.23,0
22-07-2025 22:00,22,7,203,61.81,0,0,15.97,63.44,0
22-07-2025 23:00,23,7,203,6.39,0,0,14.78,64.38,0
23-07-2025 00:00,0,7,204,47.61,0,0,15.11,59.91,0
23-07-2025 01:00,1,7,204,18.34,0,0,13.52,67.06,0
23-07-2025 02:00,2,7,204,31.78,0,0,11.1,68.61,0
23-07-2025 03:00,3,7,204,25.97,0,0,7.64,61.65,0
23-07-2025 04:00,4,7,204,28.94,0,0,10.02,68.56,0
23-07-2025 05:00,5,7,204,61.15,0,0,9.11,67.65,0
23-07-2025 06:00,6,7,204,27.75,0,0,13.29,68.17,0
23-07-2025 07:00,7,7,204,0,258.82,258.82,11.87,61.81,19.42
23-07-2025 08:00,8,7,204,45.9,327.88,177.39,17.47,73.41,25.47
23-07-2025 09:00,9,7,204,47.3,456.28,240.47,23.87,62.49,35.92
23-07-2025 10:00,10,7,204,38.42,616.46,379.59,20.85,55.28,48.03
23-07-2025 11:00,11,7,204,23.15,798.23,613.45,22.31,53.74,61.99
23-07-2025 12:00,12,7,204,47.46,644.02,338.34,25.34,55.44,50.07
23-07-2025 13:00,13,7,204,34.64,714.99,467.34,29.45,57.55,57.17
23-07-2025 14:00,14,7,204,0.24,864.45,862.36,28.35,49.9,66.3
23-07-2025 15:00,15,7,204,20.41,598.89,476.68,31.57,62.63,46.38
23-07-2025 16:00,16,7,204,51.41,307.21,149.27,29,55.92,24.6
23-07-2025 17:00,17,7,204,0,258.82,258.82,29.16,48.59,20.9
23-07-2025 18:00,18,7,204,63.39,0,0,29.06,54.98,0
23-07-2025 19:00,19,7,204,45.42,0,0,29.02,54.06,0
23-07-2025 20:00,20,7,204,65.83,0,0,23.06,66.7,0
23-07-2025 21:00,21,7,204,15.42,0,0,22.15,63.42,0
23-07-2025 22:00,22,7,204,20.16,0,0,18.14,55.64,0
23-07-2025 23:00,23,7,204,17.4,0,0,15.14,59.57,0
24-07-2025 00:00,0,7,205,59.93,0,0,10.12,67.03,0
24-07-2025 01:00,1,7,205,36.01,0,0,11.49,69.81,0
24-07-2025 02:00,2,7,205,0,0,0,13.95,65.34,0
24-07-2025 03:00,3,7,205,18.9,0,0,7.63,64.81,0
24-07-2025 04:00,4,7,205,27.71,0,0,11.89,63.17,0
24-07-2025 05:00,5,7,205,52.16,0,0,10.99,72.45,0
24-07-2025 06:00,6,7,205,26.64,0,0,15.19,58.87,0
24-07-2025 07:00,7,7,205,9.62,240.15,217.06,16.55,69.16,19.37
24-07-2025 08:00,8,7,205,28.69,392.42,279.85,16.3,67.64,31.17
24-07-2025 09:00,9,7,205,35.63,518.17,333.57,15.14,70.56,39.98
24-07-2025 10:00,10,7,205,15.92,762.63,641.23,24.69,58.96,61.65
24-07-2025 11:00,11,7,205,0,965.93,965.93,23.49,50.53,76.12
24-07-2025 12:00,12,7,205,8.9,933.24,850.17,24.26,58.58,76.11
24-07-2025 13:00,13,7,205,22.91,799.97,616.72,27.48,54.39,63.68
24-07-2025 14:00,14,7,205,39.49,609.5,368.79,26.9,60.23,48.87
24-07-2025 15:00,15,7,205,23.15,584.36,449.11,29.04,56.05,45.47
24-07-2025 16:00,16,7,205,2.46,490.76,478.68,29.26,52.49,40.85
24-07-2025 17:00,17,7,205,19.41,221.14,178.22,28.57,53.51,18.29
24-07-2025 18:00,18,7,205,49.95,0,0,24.19,55.17,0.24
24-07-2025 19:00,19,7,205,0,0,0,26.83,49.43,0
24-07-2025 20:00,20,7,205,53.06,0,0,20.58,60.64,0
24-07-2025 21:00,21,7,205,21.27,0,0,21.6,67.45,0
24-07-2025 22:00,22,7,205,12.92,0,0,18.45,53.83,0
24-07-2025 23:00,23,7,205,8.44,0,0,13.54,51.84,0
25-07-2025 00:00,0,7,206,42.5,0,0,13.57,57.82,0
25-07-2025 01:00,1,7,206,16.87,0,0,11.3,65.79,0
25-07-2025 02:00,2,7,206,60.37,0,0,11.32,56.65,0
25-07-2025 03:00,3,7,206,4.58,0,0,10.22,65.47,0
25-07-2025 04:00,4,7,206,61.8,0,0,9.71,73.81,0
25-07-2025 05:00,5,7,206,5.37,0,0,13.16,71.74,0
25-07-2025 06:00,6,7,206,0,0,0,12.81,62.84,0
25-07-2025 07:00,7,7,206,0,258.82,258.82,13.24,65.21,20.66
25-07-2025 08:00,8,7,206,31.97,380.12,258.61,19.8,58.85,30.78
25-07-2025 09:00,9,7,206,0,707.11,707.11,17.21,65.48,55.78
25-07-2025 10:00,10,7,206,54.34,513.1,234.3,26,60.16,40.93
25-07-2025 11:00,11,7,206,23.74,793.96,605.5,28.94,57.18,61.54
25-07-2025 12:00,12,7,206,37.98,715.13,443.5,24.85,49.01,57.54
25-07-2025 13:00,13,7,206,27.39,767.49,557.27,29.55,56.83,59.55
25-07-2025 14:00,14,7,206,28.27,682.41,489.5,30.32,55.36,50.85
25-07-2025 15:00,15,7,206,27.41,561.72,407.73,30.04,58.47,42.52
25-07-2025 16:00,16,7,206,31.38,382.31,262.32,27.72,55.73,29.06
25-07-2025 17:00,17,7,206,23.41,213.37,163.41,28.11,66.29,16.11
25-07-2025 18:00,18,7,206,32.32,0,0,28.71,59.05,0
25-07-2025 19:00,19,7,206,38.5,0,0,24.3,62.43,0
25-07-2025 20:00,20,7,206,52.95,0,0,23.67,63.75,0
25-07-2025 21:00,21,7,206,32.36,0,0,16.49,69.57,0
25-07-2025 22:00,22,7,206,0,0,0,16.12,72,0
25-07-2025 23:00,23,7,206,39.7,0,0,16.74,61.74,0
26-07-2025 00:00,0,7,207,21.31,0,0,13.26,64.78,0
26-07-2025 01:00,1,7,207,28.6,0,0,11.03,64.78,0
26-07-2025 02:00,2,7,207,23.18,0,0,10.65,63.45,0
26-07-2025 03:00,3,7,207,48.16,0,0,11.61,51.99,0
26-07-2025 04:00,4,7,207,24.4,0,0,8.32,70.52,0
26-07-2025 05:00,5,7,207,98.69,0,0,11.14,66.99,0
26-07-2025 06:00,6,7,207,23.35,0,0,13.59,63.09,0
26-07-2025 07:00,7,7,207,29.44,201.68,142.31,17.51,55,15.66
26-07-2025 08:00,8,7,207,12.77,452.09,394.34,17.95,71.4,37.22
26-07-2025 09:00,9,7,207,28.32,556.91,399.18,20.16,52.82,43.56
26-07-2025 10:00,10,7,207,1.48,856.42,843.76,26.63,47.93,66.78
26-07-2025 11:00,11,7,207,34.57,715.52,468.2,26.47,60.67,57.69
26-07-2025 12:00,12,7,207,49.79,626.59,314.62,25.79,57.5,48.8
26-07-2025 13:00,13,7,207,6.58,918.28,857.88,30.61,61.28,72.39
26-07-2025 14:00,14,7,207,9.74,802.73,724.51,32.42,54.87,62.15
26-07-2025 15:00,15,7,207,25.8,570.26,423.11,26.15,50.68,45.37
26-07-2025 16:00,16,7,207,37.11,360.85,226.95,28.16,50.85,28.63
26-07-2025 17:00,17,7,207,37.15,186.71,117.35,31.49,50.74,15
26-07-2025 18:00,18,7,207,38.76,0,0,28.18,60.74,0
26-07-2025 19:00,19,7,207,4.41,0,0,24.26,51.12,0
26-07-2025 20:00,20,7,207,52.21,0,0,23.11,55.57,0
26-07-2025 21:00,21,7,207,36.73,0,0,18.32,51.49,0
26-07-2025 22:00,22,7,207,38.33,0,0,19,60.39,0
26-07-2025 23:00,23,7,207,17.76,0,0,13.68,59.86,0
27-07-2025 00:00,0,7,208,24.02,0,0,14.61,61.31,0
27-07-2025 01:00,1,7,208,46.14,0,0,8.47,61.11,0
27-07-2025 02:00,2,7,208,13.78,0,0,9.1,73.11,0
27-07-2025 03:00,3,7,208,39.46,0,0,8.24,63.66,0
27-07-2025 04:00,4,7,208,6.79,0,0,11.37,63.21,0
27-07-2025 05:00,5,7,208,29.52,0,0,12.59,59.78,0
27-07-2025 06:00,6,7,208,4.26,0,0,11.03,61.24,0
27-07-2025 07:00,7,7,208,60.87,140.65,55.03,14.63,72.94,12.19
27-07-2025 08:00,8,7,208,10.52,460.55,412.1,19.56,64.46,35.84
27-07-2025 09:00,9,7,208,6.9,670.53,624.28,19.17,62.35,53.56
27-07-2025 10:00,10,7,208,49.61,543.8,274.02,24.08,60.08,44.07
27-07-2025 11:00,11,7,208,5.6,925.32,873.46,25.67,56.99,73.57
27-07-2025 12:00,12,7,208,41.01,692.4,408.42,26.8,57.83,54.04
27-07-2025 13:00,13,7,208,44.44,643.98,357.8,27.23,47.97,51.31
27-07-2025 14:00,14,7,208,46.78,562.16,299.17,28.19,64.8,44.44
27-07-2025 15:00,15,7,208,46.06,462.84,249.66,27.2,50.44,35.95
27-07-2025 16:00,16,7,208,52.3,303.87,144.94,25.41,53.34,23.91
27-07-2025 17:00,17,7,208,40.56,180.08,107.03,30.01,56.27,15.79
27-07-2025 18:00,18,7,208,13.87,0,0,29.64,46.4,2.08
27-07-2025 19:00,19,7,208,31.5,0,0,25.21,61.52,0
27-07-2025 20:00,20,7,208,15.74,0,0,23.17,60.25,0
27-07-2025 21:00,21,7,208,2.16,0,0,18.47,62.46,0
27-07-2025 22:00,22,7,208,49.9,0,0,17.53,65.84,0
27-07-2025 23:00,23,7,208,13.19,0,0,13.89,64.94,0
28-07-2025 00:00,0,7,209,37.85,0,0,10.54,60.82,0
28-07-2025 01:00,1,7,209,18.44,0,0,15.98,56.39,0
28-07-2025 02:00,2,7,209,95,0,0,11.12,66.4,0
28-07-2025 03:00,3,7,209,68.91,0,0,8.26,70.35,0
28-07-2025 04:00,4,7,209,28.6,0,0,7.6,65.06,0
28-07-2025 05:00,5,7,209,0,0,0,15.4,66.37,0
28-07-2025 06:00,6,7,209,12.91,0,0,12.65,68.66,0
28-07-2025 07:00,7,7,209,43.49,174.41,98.56,13.58,66.44,13.61
28-07-2025 08:00,8,7,209,21.1,420.87,332.07,19.11,49.05,31.32
28-07-2025 09:00,9,7,209,14.68,629.27,536.92,17.04,52.41,49.85
28-07-2025 10:00,10,7,209,26.12,696.39,514.51,21.82,53.22,56.95
28-07-2025 11:00,11,7,209,1.76,953.18,936.4,21.05,61.46,75.45
28-07-2025 12:00,12,7,209,19.33,855.03,689.75,20.65,59.3,69.11
28-07-2025 13:00,13,7,209,0,965.93,965.93,30.39,58.08,74.69
28-07-2025 14:00,14,7,209,34.9,639.36,416.25,31.01,55.49,51.41
28-07-2025 15:00,15,7,209,48.08,452.1,234.71,28.52,54.98,34.34
28-07-2025 16:00,16,7,209,52.76,302.15,142.74,30.87,53.26,24.13
28-07-2025 17:00,17,7,209,36.6,187.77,119.04,31.63,47.16,14.46
28-07-2025 18:00,18,7,209,42.75,0,0,26.79,52.58,0
28-07-2025 19:00,19,7,209,17.04,0,0,28.05,51.02,0
28-07-2025 20:00,20,7,209,14.53,0,0,22.36,61.89,0
28-07-2025 21:00,21,7,209,37.83,0,0,19.97,54.08,0
28-07-2025 22:00,22,7,209,18.98,0,0,19.62,63.15,0
28-07-2025 23:00,23,7,209,9.34,0,0,14.63,57.19,0
29-07-2025 00:00,0,7,210,24.12,0,0,12.55,58.47,0
29-07-2025 01:00,1,7,210,41.72,0,0,10.09,59.34,0
29-07-2025 02:00,2,7,210,0,0,0,12.95,62.25,0
29-07-2025 03:00,3,7,210,10.99,0,0,8.81,65.36,0
29-07-2025 04:00,4,7,210,17.01,0,0,7.12,71.3,0
29-07-2025 05:00,5,7,210,49.88,0,0,8.59,70.26,0
29-07-2025 06:00,6,7,210,44.25,0,0,14.21,59.94,0
29-07-2025 07:00,7,7,210,31.18,198.29,136.46,12.75,67.07,16.31
29-07-2025 08:00,8,7,210,34.76,369.64,241.14,18.15,57.85,28.55
29-07-2025 09:00,9,7,210,21.5,593.1,465.61,19.7,65.06,46.93
29-07-2025 10:00,10,7,210,30.37,668.74,465.61,25.48,62.23,53.95
29-07-2025 11:00,11,7,210,16.56,845.97,705.89,25.71,57.59,67.59
29-07-2025 12:00,12,7,210,29.27,780.51,552.09,26.11,49.13,62.52
29-07-2025 13:00,13,7,210,37.23,696.22,437.02,30.22,59.88,54.52
29-07-2025 14:00,14,7,210,34.78,640.09,417.44,29.13,54.49,52.39
29-07-2025 15:00,15,7,210,42.74,480.46,275.13,29.88,42.72,39.35
29-07-2025 16:00,16,7,210,20.51,423.08,336.3,28.67,54.89,34.45
29-07-2025 17:00,17,7,210,29.83,200.92,141,28.96,49.89,15.46
29-07-2025 18:00,18,7,210,9.51,0,0,24.93,57.61,0
29-07-2025 19:00,19,7,210,50.7,0,0,23.2,58.51,0
29-07-2025 20:00,20,7,210,30.97,0,0,23.03,57.72,0
29-07-2025 21:00,21,7,210,77.66,0,0,18.49,63.36,0
29-07-2025 22:00,22,7,210,35.99,0,0,16.99,69.69,0
29-07-2025 23:00,23,7,210,36.24,0,0,16.16,66.21,0
30-07-2025 00:00,0,7,211,31.04,0,0,16.8,70.01,0
30-07-2025 01:00,1,7,211,50.34,0,0,12.84,60.16,0
30-07-2025 02:00,2,7,211,11.52,0,0,10.05,60.33,0
30-07-2025 03:00,3,7,211,14.27,0,0,9.55,70.17,0
30-07-2025 04:00,4,7,211,44.06,0,0,8.6,65.6,0
30-07-2025 05:00,5,7,211,31.78,0,0,12.81,62.85,0
30-07-2025 06:00,6,7,211,30.1,0,0,12.2,76.6,0
30-07-2025 07:00,7,7,211,48.58,164.53,84.61,14.63,57.55,13.66
30-07-2025 08:00,8,7,211,19.41,427.22,344.3,21.53,58.2,33.3
30-07-2025 09:00,9,7,211,83.57,263.91,43.36,18.1,59.69,19.54
30-07-2025 10:00,10,7,211,44.55,576.64,319.72,24.1,61.29,44.77
30-07-2025 11:00,11,7,211,20.2,819.61,654.07,29.12,58.34,63.66
30-07-2025 12:00,12,7,211,35.99,730.1,467.36,24.53,52.71,58.85
30-07-2025 13:00,13,7,211,34.73,714.3,466.2,26.49,62.03,56.82
30-07-2025 14:00,14,7,211,74.31,383.36,98.48,28.22,66.04,30.75
30-07-2025 15:00,15,7,211,44.41,471.6,262.17,28.62,56.58,36.49
30-07-2025 16:00,16,7,211,22.61,415.22,321.35,34.45,53.33,29.94
30-07-2025 17:00,17,7,211,23.67,212.87,162.48,27.55,59,15.88
30-07-2025 18:00,18,7,211,0,0,0,29.41,54.67,2.42
30-07-2025 19:00,19,7,211,25.88,0,0,23.71,55.12,0
30-07-2025 20:00,20,7,211,20.86,0,0,20.21,60.41,0
30-07-2025 21:00,21,7,211,0,0,0,21.06,55.48,0
30-07-2025 22:00,22,7,211,36.1,0,0,18.01,59.95,0
30-07-2025 23:00,23,7,211,7.78,0,0,10.89,60.77,0
31-07-2025 00:00,0,7,212,12.78,0,0,12.66,54.89,0
31-07-2025 01:00,1,7,212,29.63,0,0,10.34,67.12,0
31-07-2025 02:00,2,7,212,45.01,0,0,8.36,60.83,0
31-07-2025 03:00,3,7,212,23.59,0,0,8.68,63.3,0
31-07-2025 04:00,4,7,212,23.7,0,0,8.4,69.41,0
31-07-2025 05:00,5,7,212,14.78,0,0,14,62.28,0
31-07-2025 06:00,6,7,212,23.94,0,0,16.25,59.61,0
31-07-2025 07:00,7,7,212,13.68,232.26,200.47,12.74,70.58,18.71
31-07-2025 08:00,8,7,212,62.69,264.92,98.85,16.95,59.25,19.14
31-07-2025 09:00,9,7,212,52.46,428.92,203.93,16.5,70.66,34.14
31-07-2025 10:00,10,7,212,3.24,844.97,817.57,24.64,57.91,68.25
31-07-2025 11:00,11,7,212,25.68,779.86,579.57,25.79,54.51,61.31
31-07-2025 12:00,12,7,212,0,1000,1000,23.15,59.62,79.3
31-07-2025 13:00,13,7,212,0,965.93,965.93,27.74,56.68,75.77
31-07-2025 14:00,14,7,212,28.15,683.2,490.9,27.11,63.37,54.23
31-07-2025 15:00,15,7,212,14.43,630.59,539.61,29.58,50.94,47.63
31-07-2025 16:00,16,7,212,40.34,348.74,208.08,33.07,58.75,26.97
31-07-2025 17:00,17,7,212,48.4,164.86,85.06,28.16,52.17,12.41
31-07-2025 18:00,18,7,212,17.34,0,0,24.1,52.34,0
31-07-2025 19:00,19,7,212,42.58,0,0,24.23,49.81,0
31-07-2025 20:00,20,7,212,45.7,0,0,24.16,60.21,0
31-07-2025 21:00,21,7,212,5.8,0,0,23.39,49.64,0
31-07-2025 22:00,22,7,212,39.61,0,0,15.22,57.08,0
31-07-2025 23:00,23,7,212,0,0,0,13.09,58.17,0
01-08-2025 00:00,0,8,213,27.02,0,0,12.22,63.65,0
01-08-2025 01:00,1,8,213,12.92,0,0,13.53,60.74,0
01-08-2025 02:00,2,8,213,47.73,0,0,8.86,71.3,0
01-08-2025 03:00,3,8,213,0,0,0,10.22,58.99,0
01-08-2025 04:00,4,8,213,72.54,0,0,9.82,66.79,0
01-08-2025 05:00,5,8,213,44.41,0,0,12.2,63.15,0
01-08-2025 06:00,6,8,213,33.17,0,0,12.29,63.95,0
01-08-2025 07:00,7,8,213,15.16,229.39,194.62,9.88,66.41,18.92
01-08-2025 08:00,8,8,213,32.69,377.43,254.06,18.78,57.11,30.29
01-08-2025 09:00,9,8,213,40.04,494.75,296.63,20.35,61.49,40.48
01-08-2025 10:00,10,8,213,22.17,722,561.91,24.34,66.43,56.32
01-08-2025 11:00,11,8,213,23.07,798.81,614.55,28.52,49.74,62.29
01-08-2025 12:00,12,8,213,42.53,681.04,391.41,27.96,50.34,53.75
01-08-2025 13:00,13,8,213,56.2,558.76,244.71,26.85,50.65,45.37
01-08-2025 14:00,14,8,213,9.15,806.6,732.79,30.23,60.44,61.28
01-08-2025 15:00,15,8,213,37.34,509.08,318.98,25.86,54.76,39.91
01-08-2025 16:00,16,8,213,14.15,446.93,383.69,27.7,52.64,34.42
01-08-2025 17:00,17,8,213,44.65,172.14,95.27,27.09,54.92,12.4
01-08-2025 18:00,18,8,213,6.9,0,0,26.03,58.9,0.02
01-08-2025 19:00,19,8,213,72.56,0,0,25.17,54.25,0
01-08-2025 20:00,20,8,213,14.88,0,0,19.45,54.21,0
01-08-2025 21:00,21,8,213,40.28,0,0,20.75,56.43,0
01-08-2025 22:00,22,8,213,56.72,0,0,16.13,66.6,0
01-08-2025 23:00,23,8,213,53.87,0,0,14.5,62.17,0
02-08-2025 00:00,0,8,214,7.71,0,0,11.4,61.17,0
02-08-2025 01:00,1,8,214,25.08,0,0,9.76,70.05,0
02-08-2025 02:00,2,8,214,45.13,0,0,10.32,64.53,0
02-08-2025 03:00,3,8,214,28.59,0,0,8.59,67.62,0
02-08-2025 04:00,4,8,214,51.32,0,0,11.31,72.65,0
02-08-2025 05:00,5,8,214,6.15,0,0,12.83,62.31,0
02-08-2025 06:00,6,8,214,47.78,0,0,14.84,66.17,0
02-08-2025 07:00,7,8,214,25,210.28,157.7,12.31,60.04,17.23
02-08-2025 08:00,8,8,214,30.84,384.36,265.83,14.31,59.95,30.27
02-08-2025 09:00,9,8,214,29.86,548.73,384.85,18.11,58.86,43.71
02-08-2025 10:00,10,8,214,59.64,478.66,193.19,24.94,63.18,35.97
02-08-2025 11:00,11,8,214,3.84,938.08,902.02,22.88,64.42,74.58
02-08-2025 12:00,12,8,214,29.18,781.15,553.22,29.5,62.16,59.23
02-08-2025 13:00,13,8,214,8.28,905.97,830.99,25.46,62.8,72.41
02-08-2025 14:00,14,8,214,53.59,517.98,240.42,26.68,54.76,38.8
02-08-2025 15:00,15,8,214,71.58,327.51,93.09,31.63,51.83,25.54
02-08-2025 16:00,16,8,214,29.55,389.19,274.19,28.14,67.28,30.35
02-08-2025 17:00,17,8,214,16.03,227.7,191.19,30.79,58.78,19.35
02-08-2025 18:00,18,8,214,28.58,0,0,22.39,68.27,0.49
02-08-2025 19:00,19,8,214,32.67,0,0,20.04,55.18,0
02-08-2025 20:00,20,8,214,37.34,0,0,20.17,57.37,0
02-08-2025 21:00,21,8,214,34.77,0,0,23.11,55.75,0
02-08-2025 22:00,22,8,214,21.01,0,0,16.88,59.9,0
02-08-2025 23:00,23,8,214,44.22,0,0,15.05,62.85,0
03-08-2025 00:00,0,8,215,25.45,0,0,18.14,62.69,0
03-08-2025 01:00,1,8,215,6.89,0,0,9.63,68.26,0
03-08-2025 02:00,2,8,215,11.39,0,0,10.62,63.35,0
03-08-2025 03:00,3,8,215,26.68,0,0,8.93,59.08,0
03-08-2025 04:00,4,8,215,30.05,0,0,10.62,66.35,0
03-08-2025 05:00,5,8,215,34.94,0,0,13.25,63.04,0
03-08-2025 06:00,6,8,215,2.79,0,0,13.91,65.97,0
03-08-2025 07:00,7,8,215,73.52,116.1,30.74,15.3,66.25,10.61
03-08-2025 08:00,8,8,215,16.74,437.22,364.02,15.2,62.57,35.67
03-08-2025 09:00,9,8,215,0,707.11,707.11,22.84,56.74,55.86
03-08-2025 10:00,10,8,215,50.15,540.26,269.3,22.3,59.01,43.42
03-08-2025 11:00,11,8,215,12.77,873.4,761.85,27.41,56.94,69.09
03-08-2025 12:00,12,8,215,17.18,871.13,721.44,25.03,52.21,69.56
03-08-2025 13:00,13,8,215,39.55,679.38,410.66,28.94,61.03,54.08
03-08-2025 14:00,14,8,215,26.1,696.49,514.7,33.17,58.38,53.4
03-08-2025 15:00,15,8,215,0,707.11,707.11,25.72,52.13,55.99
03-08-2025 16:00,16,8,215,46.5,325.63,174.22,26.42,70.76,25.54
03-08-2025 17:00,17,8,215,38.51,184.06,113.17,29.37,56.28,15.12
03-08-2025 18:00,18,8,215,3.02,0,0,25.44,57.13,0.21
03-08-2025 19:00,19,8,215,8.29,0,0,21.1,62.81,0
03-08-2025 20:00,20,8,215,34.97,0,0,22.26,64.2,0
03-08-2025 21:00,21,8,215,32.34,0,0,20.99,63.79,0
03-08-2025 22:00,22,8,215,37.66,0,0,14.32,58.66,0
03-08-2025 23:00,23,8,215,22.48,0,0,16.64,54.66,0
04-08-2025 00:00,0,8,216,20.51,0,0,8.12,68.69,0
04-08-2025 01:00,1,8,216,11.22,0,0,11.46,67.12,0
04-08-2025 02:00,2,8,216,2.8,0,0,7.62,66.77,0
04-08-2025 03:00,3,8,216,34.29,0,0,10.91,65.68,0
04-08-2025 04:00,4,8,216,17.56,0,0,9.54,62.71,0
04-08-2025 05:00,5,8,216,35.4,0,0,9.56,56.92,0
04-08-2025 06:00,6,8,216,30.93,0,0,13.67,63.67,0
04-08-2025 07:00,7,8,216,57.96,146.3,61.5,17.34,60.45,11.2
04-08-2025 08:00,8,8,216,23.09,413.4,317.93,20.56,57.18,34.8
04-08-2025 09:00,9,8,216,29.3,551.75,390.11,20.03,59.43,44.51
04-08-2025 10:00,10,8,216,55.37,506.36,225.97,21.14,70.04,42.37
04-08-2025 11:00,11,8,216,33.71,721.68,478.37,21.95,58.97,58.25
04-08-2025 12:00,12,8,216,36.91,723.14,456.2,22.81,53.77,58
04-08-2025 13:00,13,8,216,43.33,652.03,369.51,27.45,58.44,50.84
04-08-2025 14:00,14,8,216,22.27,721.36,560.69,32.45,52.39,56.08
04-08-2025 15:00,15,8,216,34.65,523.37,342.04,32.31,52.62,40.83
04-08-2025 16:00,16,8,216,37.83,358.14,222.66,30.88,52.99,28.36
04-08-2025 17:00,17,8,216,52.64,156.64,74.18,29.66,60.88,13.21
04-08-2025 18:00,18,8,216,37.32,0,0,25.63,61.46,0
04-08-2025 19:00,19,8,216,43.5,0,0,25.37,50.4,0
04-08-2025 20:00,20,8,216,13.85,0,0,20.24,61.47,0
04-08-2025 21:00,21,8,216,64.75,0,0,15.58,60.75,0
04-08-2025 22:00,22,8,216,52.62,0,0,15.23,59.88,0
04-08-2025 23:00,23,8,216,52.45,0,0,17.52,59.55,0
05-08-2025 00:00,0,8,217,9.48,0,0,14.32,79.98,0
05-08-2025 01:00,1,8,217,30.55,0,0,8.57,72.33,0
05-08-2025 02:00,2,8,217,54.6,0,0,8.99,65.81,0
05-08-2025 03:00,3,8,217,30.97,0,0,12.11,69.23,0
05-08-2025 04:00,4,8,217,14.58,0,0,10.41,64.66,0
05-08-2025 05:00,5,8,217,23.52,0,0,12.22,68.31,0
05-08-2025 06:00,6,8,217,47.92,0,0,13.23,62.33,0
05-08-2025 07:00,7,8,217,19.75,220.48,176.94,17.73,58.22,17.61
05-08-2025 08:00,8,8,217,20.34,423.74,337.57,17.83,59.7,33.26
05-08-2025 09:00,9,8,217,32.65,533.94,359.6,20.87,53.5,43.02
05-08-2025 10:00,10,8,217,31.65,660.45,451.42,22.48,58.38,50.1
05-08-2025 11:00,11,8,217,29.59,751.55,529.16,26.86,55.08,61.19
05-08-2025 12:00,12,8,217,53.77,596.69,275.82,26.75,54.92,47.43
05-08-2025 13:00,13,8,217,35.73,707.12,454.5,32.45,42.58,52.85
05-08-2025 14:00,14,8,217,21.89,723.87,565.44,29.86,54.64,56.9
05-08-2025 15:00,15,8,217,25.21,573.41,428.85,30.05,61.4,42.52
05-08-2025 16:00,16,8,217,25.41,404.72,301.88,32.06,53.03,33.28
05-08-2025 17:00,17,8,217,16.04,227.68,191.15,30.02,56.51,19.36
05-08-2025 18:00,18,8,217,1.86,0,0,30.59,57.56,0.87
05-08-2025 19:00,19,8,217,6.68,0,0,23.54,54.76,0
05-08-2025 20:00,20,8,217,42.64,0,0,17.83,58.14,0
05-08-2025 21:00,21,8,217,21.21,0,0,19.89,63.54,0
05-08-2025 22:00,22,8,217,42.7,0,0,18.25,57.76,0
05-08-2025 23:00,23,8,217,44.58,0,0,14,53.83,0
06-08-2025 00:00,0,8,218,34.72,0,0,14.54,67.14,0
06-08-2025 01:00,1,8,218,0,0,0,10.54,60.49,0
06-08-2025 02:00,2,8,218,41.78,0,0,11.83,51.32,0
06-08-2025 03:00,3,8,218,33.69,0,0,9.42,65.24,0
06-08-2025 04:00,4,8,218,41.01,0,0,10.94,65.5,0
06-08-2025 05:00,5,8,218,29.39,0,0,11.5,62.2,0
06-08-2025 06:00,6,8,218,75.66,0,0,7.8,63.71,0
06-08-2025 07:00,7,8,218,34.61,191.64,125.32,16.85,62.63,14.48
06-08-2025 08:00,8,8,218,60.14,274.46,109.39,17.73,58.65,21.21
06-08-2025 09:00,9,8,218,49.92,442.35,221.52,19.01,67.69,35.43
06-08-2025 10:00,10,8,218,42.93,587.17,335.08,22.86,59.94,47.27
06-08-2025 11:00,11,8,218,21.31,811.54,638.6,25.99,52.96,64.32
06-08-2025 12:00,12,8,218,45.95,655.35,354.2,30.67,53.42,50.35
06-08-2025 13:00,13,8,218,0,965.93,965.93,26.34,49.1,75.53
06-08-2025 14:00,14,8,218,55.89,502.99,221.85,29.74,55.42,39.83
06-08-2025 15:00,15,8,218,25.13,573.82,429.6,29.41,62.56,45.2
06-08-2025 16:00,16,8,218,10.05,462.32,415.88,30.29,52.19,36.27
06-08-2025 17:00,17,8,218,15.2,229.31,194.46,29.97,57.78,16.38
06-08-2025 18:00,18,8,218,32.6,0,0,26.99,64.07,1.52
06-08-2025 19:00,19,8,218,20.1,0,0,25.82,53.64,0
06-08-2025 20:00,20,8,218,29.6,0,0,22.19,53.51,0
06-08-2025 21:00,21,8,218,40.65,0,0,19.68,60.34,0
06-08-2025 22:00,22,8,218,0,0,0,20.1,57.36,0
06-08-2025 23:00,23,8,218,18.24,0,0,14.39,60.84,0
07-08-2025 00:00,0,8,219,11.78,0,0,13.81,60.13,0
07-08-2025 01:00,1,8,219,22.51,0,0,11.89,62.43,0
07-08-2025 02:00,2,8,219,18.59,0,0,7.51,69.09,0
07-08-2025 03:00,3,8,219,64.2,0,0,14.01,60.32,0
07-08-2025 04:00,4,8,219,32.77,0,0,12.69,72.45,0
07-08-2025 05:00,5,8,219,20.74,0,0,9.21,62.89,0
07-08-2025 06:00,6,8,219,27.15,0,0,14.63,57.6,0
07-08-2025 07:00,7,8,219,41.38,178.49,104.63,12.83,66.46,13.64
07-08-2025 08:00,8,8,219,38.91,354.09,216.32,21.79,56.96,27.02
07-08-2025 09:00,9,8,219,60.45,386.55,152.9,21.66,58.2,32.15
07-08-2025 10:00,10,8,219,56.41,499.6,217.76,22.94,63.39,39.44
07-08-2025 11:00,11,8,219,30.03,748.39,523.66,21.83,65.5,59.37
07-08-2025 12:00,12,8,219,52.86,603.54,284.5,27.98,62.34,48.82
07-08-2025 13:00,13,8,219,56.39,557.42,243.1,27.61,58.99,44.63
07-08-2025 14:00,14,8,219,24.72,705.45,531.06,26.16,54.69,55.72
07-08-2025 15:00,15,8,219,41.6,486.47,284.07,29.65,57.52,37.46
07-08-2025 16:00,16,8,219,98,132.49,2.65,29.13,65.77,10.02
07-08-2025 17:00,17,8,219,33.39,194,129.22,30.19,51.32,14.84
07-08-2025 18:00,18,8,219,30.49,0,0,28.3,55.45,1.98
07-08-2025 19:00,19,8,219,48.68,0,0,23.89,51.44,0
07-08-2025 20:00,20,8,219,51.84,0,0,23,59.01,0
07-08-2025 21:00,21,8,219,15.45,0,0,17.36,61.69,0
07-08-2025 22:00,22,8,219,36.87,0,0,14.31,70.54,0
07-08-2025 23:00,23,8,219,39.05,0,0,16.5,66.34,0
08-08-2025 00:00,0,8,220,38.56,0,0,12.13,62.77,0
08-08-2025 01:00,1,8,220,21.11,0,0,11.93,59.1,0
08-08-2025 02:00,2,8,220,18.94,0,0,6.9,75.37,0
08-08-2025 03:00,3,8,220,57.4,0,0,12.12,56.26,0
08-08-2025 04:00,4,8,220,55.84,0,0,10.56,68.8,0
08-08-2025 05:00,5,8,220,50.18,0,0,11.63,59.36,0
08-08-2025 06:00,6,8,220,15.8,0,0,12.6,74.42,0
08-08-2025 07:00,7,8,220,5.76,247.63,233.36,15.78,55.57,20.82
08-08-2025 08:00,8,8,220,34.12,372.04,245.1,19.15,61.22,28.85
08-08-2025 09:00,9,8,220,56.36,408.22,178.16,20.09,50.51,32.12
08-08-2025 10:00,10,8,220,3.65,842.29,811.5,23.15,56.83,68.7
08-08-2025 11:00,11,8,220,38.43,687.5,423.28,21.65,52.14,55.35
08-08-2025 12:00,12,8,220,25.63,807.8,600.79,29.29,48.16,65.52
08-08-2025 13:00,13,8,220,37.28,695.87,436.47,24.85,55.26,54.34
08-08-2025 14:00,14,8,220,25.69,699.16,519.55,27.94,57.15,55.45
08-08-2025 15:00,15,8,220,0,707.11,707.11,31.61,51.31,55.19
08-08-2025 16:00,16,8,220,49.9,312.87,156.75,32.92,55.33,23.75
08-08-2025 17:00,17,8,220,41.31,178.64,104.85,30.33,62.82,14.25
08-08-2025 18:00,18,8,220,45.77,0,0,26.01,63.79,1.02
08-08-2025 19:00,19,8,220,15.35,0,0,26.99,52.89,0
08-08-2025 20:00,20,8,220,52.97,0,0,20.35,64.72,0
08-08-2025 21:00,21,8,220,13.16,0,0,18.08,58.53,0
08-08-2025 22:00,22,8,220,28.64,0,0,15.53,67.09,0
08-08-2025 23:00,23,8,220,60.38,0,0,16.31,52.14,0
09-08-2025 00:00,0,8,221,38.9,0,0,13.01,61.06,0
09-08-2025 01:00,1,8,221,66.89,0,0,11.34,59.75,0
09-08-2025 02:00,2,8,221,21.1,0,0,10.96,74.84,0
09-08-2025 03:00,3,8,221,16.15,0,0,7.44,59.7,0
09-08-2025 04:00,4,8,221,0,0,0,8.93,63.43,0
09-08-2025 05:00,5,8,221,11.2,0,0,10.35,71,0
09-08-2025 06:00,6,8,221,4.51,0,0,10.3,66.04,0
09-08-2025 07:00,7,8,221,35.51,189.9,122.47,14.69,62.88,14.71
09-08-2025 08:00,8,8,221,0,500,500,19.08,59.01,38.94
09-08-2025 09:00,9,8,221,7.66,666.5,615.47,18.21,61.21,52.2
09-08-2025 10:00,10,8,221,4.42,837.29,800.24,23.67,53.83,66.96
09-08-2025 11:00,11,8,221,19.18,827.01,668.42,24.64,65.27,66.37
09-08-2025 12:00,12,8,221,43.52,673.58,380.42,26.54,53.33,52.76
09-08-2025 13:00,13,8,221,56.34,557.76,243.51,29.4,48.92,43.97
09-08-2025 14:00,14,8,221,42.52,589.83,339.02,30.14,53.03,46.09
09-08-2025 15:00,15,8,221,3.6,688.03,663.29,30.58,50.1,53.06
09-08-2025 16:00,16,8,221,1.03,496.13,491.01,28.34,59.51,40.13
09-08-2025 17:00,17,8,221,43.49,174.39,98.55,33.4,48.44,11.65
09-08-2025 18:00,18,8,221,29.41,0,0,26.73,52.58,0.94
09-08-2025 19:00,19,8,221,24.87,0,0,27.1,50.96,0
09-08-2025 20:00,20,8,221,36.32,0,0,20.23,61.99,0
09-08-2025 21:00,21,8,221,65.85,0,0,18.89,56.96,0
09-08-2025 22:00,22,8,221,40.52,0,0,14.03,70.02,0
09-08-2025 23:00,23,8,221,3.4,0,0,17.22,63.08,0
10-08-2025 00:00,0,8,222,64.47,0,0,15,71.28,0
10-08-2025 01:00,1,8,222,38.31,0,0,9.73,65.25,0
10-08-2025 02:00,2,8,222,45.78,0,0,10.62,65.74,0
10-08-2025 03:00,3,8,222,43.3,0,0,10.5,59.9,0
10-08-2025 04:00,4,8,222,0,0,0,9.88,70.45,0
10-08-2025 05:00,5,8,222,16.55,0,0,13.91,62.55,0
10-08-2025 06:00,6,8,222,31.05,0,0,15.49,69.88,0
10-08-2025 07:00,7,8,222,18.62,222.67,181.2,13.71,68.21,18.14
10-08-2025 08:00,8,8,222,26.75,399.69,292.78,17.12,64.45,32.65
10-08-2025 09:00,9,8,222,74.83,310.27,78.1,19.66,62.65,24.35
10-08-2025 10:00,10,8,222,39.78,607.63,365.89,20.92,64.8,48.63
10-08-2025 11:00,11,8,222,15.24,855.53,725.17,18.63,58.36,67.71
10-08-2025 12:00,12,8,222,6.75,949.34,885.21,24.18,61.51,76.15
10-08-2025 13:00,13,8,222,34.67,714.78,466.98,26.88,54.22,55.95
10-08-2025 14:00,14,8,222,56.33,500.15,218.41,30.25,54.59,38.92
10-08-2025 15:00,15,8,222,12.09,643,565.27,30.62,54.38,50.48
10-08-2025 16:00,16,8,222,0,500,500,33.61,48.71,36.83
10-08-2025 17:00,17,8,222,43.53,174.33,98.45,28.19,56.09,13.6
10-08-2025 18:00,18,8,222,12.78,0,0,23.01,51.84,0.64
10-08-2025 19:00,19,8,222,5.1,0,0,21.59,57.97,0
10-08-2025 20:00,20,8,222,49.31,0,0,19.85,51.17,0
10-08-2025 21:00,21,8,222,39.01,0,0,21.44,53.77,0
10-08-2025 22:00,22,8,222,8.23,0,0,17.19,59.12,0
10-08-2025 23:00,23,8,222,34.1,0,0,15.93,59.84,0
11-08-2025 00:00,0,8,223,72.11,0,0,11.4,67.95,0
11-08-2025 01:00,1,8,223,37.93,0,0,10.82,61.6,0
11-08-2025 02:00,2,8,223,49.06,0,0,9.82,66.74,0
11-08-2025 03:00,3,8,223,19.02,0,0,6.5,74,0
11-08-2025 04:00,4,8,223,24.06,0,0,6.53,66.98,0
11-08-2025 05:00,5,8,223,0,0,0,13.88,53.47,0
11-08-2025 06:00,6,8,223,41.2,0,0,11.91,62.3,0
11-08-2025 07:00,7,8,223,38.13,184.8,114.33,12.14,57.77,13.54
11-08-2025 08:00,8,8,223,8.53,468.02,428.12,19.92,58.21,39.19
11-08-2025 09:00,9,8,223,59.96,389.1,155.79,18.75,52.69,30.81
11-08-2025 10:00,10,8,223,36.44,629.36,400.05,21.55,52.4,51.82
11-08-2025 11:00,11,8,223,32.72,728.88,490.38,21.86,58.67,59.38
11-08-2025 12:00,12,8,223,44.86,663.57,365.91,27.96,57,52.08
11-08-2025 13:00,13,8,223,36.98,698.02,439.89,25.37,57.28,55.78
11-08-2025 14:00,14,8,223,33.85,646.17,427.45,30.55,61.13,49.63
11-08-2025 15:00,15,8,223,28.07,558.23,401.53,28.75,52.6,45.82
11-08-2025 16:00,16,8,223,0,500,500,28.86,59.83,39.75
11-08-2025 17:00,17,8,223,3.19,252.63,244.58,29.7,56.04,18.62
11-08-2025 18:00,18,8,223,37.46,0,0,28.7,61.04,0
11-08-2025 19:00,19,8,223,24.1,0,0,23.74,60.02,0
11-08-2025 20:00,20,8,223,2.55,0,0,22.39,55.09,0
11-08-2025 21:00,21,8,223,22.08,0,0,20.98,62.06,0
11-08-2025 22:00,22,8,223,14.35,0,0,18.46,62.07,0
11-08-2025 23:00,23,8,223,51.04,0,0,13.82,66.93,0
12-08-2025 00:00,0,8,224,58.65,0,0,8.44,52.09,0
12-08-2025 01:00,1,8,224,49.99,0,0,9.16,64.68,0
12-08-2025 02:00,2,8,224,69.13,0,0,9.7,65.75,0
12-08-2025 03:00,3,8,224,18.69,0,0,7.79,57.25,0
12-08-2025 04:00,4,8,224,29.18,0,0,8.25,65.02,0
12-08-2025 05:00,5,8,224,20.12,0,0,9.53,62.71,0
12-08-2025 06:00,6,8,224,15.63,0,0,5.96,70.11,0
12-08-2025 07:00,7,8,224,25.68,208.98,155.32,17.23,61.19,16.81
12-08-2025 08:00,8,8,224,3.92,485.3,466.27,18.97,49.91,39.52
12-08-2025 09:00,9,8,224,29.92,548.44,384.36,17.91,59.33,43.1
12-08-2025 10:00,10,8,224,21.24,728.04,573.37,23.06,65.81,58.98
12-08-2025 11:00,11,8,224,9.62,896.21,809.96,25.95,61.1,71.32
12-08-2025 12:00,12,8,224,55.22,585.85,262.35,28.77,57.38,47.02
12-08-2025 13:00,13,8,224,11.96,879.26,774.07,27.7,55.91,69.63
12-08-2025 14:00,14,8,224,41.86,594.13,345.42,28.82,56.07,45.6
12-08-2025 15:00,15,8,224,35.92,516.62,331.06,30.61,56.22,40.77
12-08-2025 16:00,16,8,224,13.44,449.59,389.15,27.8,58.36,36.81
12-08-2025 17:00,17,8,224,2.17,254.6,249.07,28.16,48.57,18.88
12-08-2025 18:00,18,8,224,48.35,0,0,23.11,52.61,0
12-08-2025 19:00,19,8,224,44.94,0,0,28.43,64.87,0
12-08-2025 20:00,20,8,224,37.43,0,0,25.02,54.84,0
12-08-2025 21:00,21,8,224,24.81,0,0,21.75,52.52,0
12-08-2025 22:00,22,8,224,21.03,0,0,17.44,61.2,0
12-08-2025 23:00,23,8,224,34.12,0,0,18.29,60.41,0
13-08-2025 00:00,0,8,225,61.06,0,0,14.5,64.22,0
13-08-2025 01:00,1,8,225,56.04,0,0,13.67,64.13,0
13-08-2025 02:00,2,8,225,12.3,0,0,8.9,72.34,0
13-08-2025 03:00,3,8,225,26.42,0,0,14.43,58.99,0
13-08-2025 04:00,4,8,225,16.3,0,0,9.58,71.24,0
13-08-2025 05:00,5,8,225,38.05,0,0,9.05,66.15,0
13-08-2025 06:00,6,8,225,45.15,0,0,13.21,60.75,0
13-08-2025 07:00,7,8,225,35.2,190.49,123.44,12.76,59.85,15.48
13-08-2025 08:00,8,8,225,52.02,304.92,146.3,17.74,48.32,24.67
13-08-2025 09:00,9,8,225,18.9,606.87,492.16,21.7,64.76,47.13
13-08-2025 10:00,10,8,225,41.27,597.99,351.22,22.67,62.86,49.35
13-08-2025 11:00,11,8,225,8.8,902.16,822.74,25.08,60.47,72.47
13-08-2025 12:00,12,8,225,5.47,958.96,906.49,27.54,58.54,75.27
13-08-2025 13:00,13,8,225,34.93,712.86,463.84,28.56,59.57,55.2
13-08-2025 14:00,14,8,225,32.52,654.83,441.91,24.75,47.24,51.81
13-08-2025 15:00,15,8,225,24.48,577.27,435.94,29.92,53.57,46.05
13-08-2025 16:00,16,8,225,6.31,476.34,446.28,24.53,56.44,38.49
13-08-2025 17:00,17,8,225,1.76,255.4,250.9,27.74,51.84,19.67
13-08-2025 18:00,18,8,225,53.41,0,0,30.68,56.52,0
13-08-2025 19:00,19,8,225,53.9,0,0,27.19,60.54,0
13-08-2025 20:00,20,8,225,30.39,0,0,18.51,65.75,0
13-08-2025 21:00,21,8,225,5.09,0,0,18,70.79,0
13-08-2025 22:00,22,8,225,25.33,0,0,15.6,63.71,0
13-08-2025 23:00,23,8,225,58.62,0,0,14.08,59.15,0
14-08-2025 00:00,0,8,226,0,0,0,13.47,67.12,0
14-08-2025 01:00,1,8,226,0,0,0,11.79,67.95,0
14-08-2025 02:00,2,8,226,16.15,0,0,9.19,67.23,0
14-08-2025 03:00,3,8,226,31.96,0,0,12,69.38,0
14-08-2025 04:00,4,8,226,23.38,0,0,7.25,68.6,0
14-08-2025 05:00,5,8,226,25.83,0,0,11.61,62.52,0
14-08-2025 06:00,6,8,226,27.91,0,0,13.29,71.4,0
14-08-2025 07:00,7,8,226,2.54,253.88,247.42,13.63,63.81,21.82
14-08-2025 08:00,8,8,226,2.22,491.66,480.74,18.24,59.09,39.84
14-08-2025 09:00,9,8,226,41.33,487.92,286.26,21.67,64.53,41.12
14-08-2025 10:00,10,8,226,9.43,804.8,728.93,24.44,52.14,64.86
14-08-2025 11:00,11,8,226,41.24,667.18,392.05,24.14,48.01,52.97
14-08-2025 12:00,12,8,226,43.77,671.76,377.76,25.26,55.86,54.38
14-08-2025 13:00,13,8,226,0,965.93,965.93,30.07,55.83,75.31
14-08-2025 14:00,14,8,226,30.57,667.45,463.39,32.31,49.55,50.69
14-08-2025 15:00,15,8,226,49.73,443.38,222.89,34.44,50.68,35.53
14-08-2025 16:00,16,8,226,34.05,372.32,245.55,30.58,48.26,26.85
14-08-2025 17:00,17,8,226,37.68,185.67,115.7,29.43,54.74,13.87
14-08-2025 18:00,18,8,226,43.15,0,0,30.37,51.23,0
14-08-2025 19:00,19,8,226,0,0,0,24.68,54.25,0
14-08-2025 20:00,20,8,226,26.68,0,0,20.73,63.37,0
14-08-2025 21:00,21,8,226,35.59,0,0,21.31,52.14,0
14-08-2025 22:00,22,8,226,21.53,0,0,18.02,76.83,0
14-08-2025 23:00,23,8,226,32.84,0,0,13.74,61.25,0
15-08-2025 00:00,0,8,227,63.36,0,0,14.59,66.18,0
15-08-2025 01:00,1,8,227,51.45,0,0,11.79,60.71,0
15-08-2025 02:00,2,8,227,23.41,0,0,9.76,59.46,0
15-08-2025 03:00,3,8,227,4.09,0,0,13.71,64.71,0
15-08-2025 04:00,4,8,227,54.33,0,0,11.17,71.89,0
15-08-2025 05:00,5,8,227,49.9,0,0,10.14,63.55,0
15-08-2025 06:00,6,8,227,35.03,0,0,14.07,50.03,0
15-08-2025 07:00,7,8,227,20.46,219.11,174.29,14.44,60.2,16.76
15-08-2025 08:00,8,8,227,45.17,330.6,181.25,16.84,56.79,28.2
15-08-2025 09:00,9,8,227,14.94,627.87,534.06,22.73,57.56,50.74
15-08-2025 10:00,10,8,227,39.35,610.44,370.24,25.85,63.46,48.09
15-08-2025 11:00,11,8,227,52.89,582.78,274.56,24.93,50.74,46.9
15-08-2025 12:00,12,8,227,0,1000,1000,24.28,59.14,79.95
15-08-2025 13:00,13,8,227,0,965.93,965.93,27.37,54.97,73.98
15-08-2025 14:00,14,8,227,28.61,680.17,485.54,28.83,50.67,52.97
15-08-2025 15:00,15,8,227,45.42,466.25,254.5,30.67,52.23,35.66
15-08-2025 16:00,16,8,227,40.31,348.84,208.23,27.72,58.03,28.65
15-08-2025 17:00,17,8,227,30.32,199.97,139.34,27.36,61.92,16.83
15-08-2025 18:00,18,8,227,12.05,0,0,26.97,60.49,0
15-08-2025 19:00,19,8,227,76.95,0,0,24.15,57.89,0
15-08-2025 20:00,20,8,227,9.74,0,0,22.24,57.46,0
15-08-2025 21:00,21,8,227,55.51,0,0,19.3,55.78,0
15-08-2025 22:00,22,8,227,0,0,0,19.74,61.97,0
15-08-2025 23:00,23,8,227,41.54,0,0,15.46,64.19,0
16-08-2025 00:00,0,8,228,10.17,0,0,10.89,68.85,0
16-08-2025 01:00,1,8,228,44.71,0,0,13.87,61.19,0
16-08-2025 02:00,2,8,228,11.28,0,0,13.42,65,0
16-08-2025 03:00,3,8,228,53.54,0,0,8.93,61.56,0
16-08-2025 04:00,4,8,228,0,0,0,12.08,60.15,0
16-08-2025 05:00,5,8,228,26.64,0,0,10.38,62.07,0
16-08-2025 06:00,6,8,228,30.2,0,0,9.82,69.01,0
16-08-2025 07:00,7,8,228,55.89,150.32,66.3,18.93,63.88,10.74
16-08-2025 08:00,8,8,228,23.46,412.04,315.39,20.46,63.53,32.08
16-08-2025 09:00,9,8,228,0.75,703.12,697.83,16.37,55.39,55.77
16-08-2025 10:00,10,8,228,35.28,636.89,412.21,23.27,69.95,51.62
16-08-2025 11:00,11,8,228,6.51,918.76,858.95,24.35,55.8,72.64
16-08-2025 12:00,12,8,228,30.4,771.98,537.27,27.59,63.45,60.01
16-08-2025 13:00,13,8,228,36.17,703.87,449.26,27.31,59.53,53.94
16-08-2025 14:00,14,8,228,93.69,257.47,16.24,28.98,51.77,19.47
16-08-2025 15:00,15,8,228,9.05,659.12,599.49,30.01,52.35,52.28
16-08-2025 16:00,16,8,228,18.44,430.84,351.38,27.5,66.15,33.73
16-08-2025 17:00,17,8,228,10.29,238.84,214.27,28.93,57.84,18.08
16-08-2025 18:00,18,8,228,9.97,0,0,28.71,57.04,1.06
16-08-2025 19:00,19,8,228,28.67,0,0,29.44,57.44,0
16-08-2025 20:00,20,8,228,8.29,0,0,26.75,61.74,0
16-08-2025 21:00,21,8,228,67.93,0,0,22.83,53.32,0
16-08-2025 22:00,22,8,228,24.3,0,0,15.74,68.47,0
16-08-2025 23:00,23,8,228,9.22,0,0,14.85,59.93,0
17-08-2025 00:00,0,8,229,42.06,0,0,16.13,66.57,0
17-08-2025 01:00,1,8,229,41.52,0,0,13.27,65.09,0
17-08-2025 02:00,2,8,229,22.85,0,0,13.12,60.9,0
17-08-2025 03:00,3,8,229,56.07,0,0,10.73,58.56,0
17-08-2025 04:00,4,8,229,28.86,0,0,14.69,70.35,0
17-08-2025 05:00,5,8,229,84.67,0,0,11.4,62.67,0
17-08-2025 06:00,6,8,229,37.88,0,0,10.12,62.89,0
17-08-2025 07:00,7,8,229,20.17,219.66,175.35,16.21,66.53,16.39
17-08-2025 08:00,8,8,229,1.38,494.82,487.98,18.52,67.57,39.41
17-08-2025 09:00,9,8,229,19.4,604.2,486.97,18.73,60.72,46.62
17-08-2025 10:00,10,8,229,30.35,668.9,465.89,21.46,60.12,54.44
17-08-2025 11:00,11,8,229,39.35,680.86,412.94,22.87,65.81,53.68
17-08-2025 12:00,12,8,229,34.51,741.14,485.34,27.36,60.78,58.52
17-08-2025 13:00,13,8,229,20.87,814.74,644.71,27.49,49.92,64.06
17-08-2025 14:00,14,8,229,13.38,779.14,674.92,30.37,52.09,61.12
17-08-2025 15:00,15,8,229,24.89,575.12,431.99,30.09,57.71,45.18
17-08-2025 16:00,16,8,229,49.27,315.24,159.93,31.64,45.19,25.03
17-08-2025 17:00,17,8,229,20.45,219.13,174.32,32.92,47.89,16.94
17-08-2025 18:00,18,8,229,0,0,0,25.34,53.69,0.02
17-08-2025 19:00,19,8,229,59.88,0,0,25.16,64.8,0
17-08-2025 20:00,20,8,229,49.22,0,0,25.66,51.98,0
17-08-2025 21:00,21,8,229,10.89,0,0,19.97,57.57,0
17-08-2025 22:00,22,8,229,0,0,0,17.4,67.24,0
17-08-2025 23:00,23,8,229,29.8,0,0,17.11,50.77,0
18-08-2025 00:00,0,8,230,8.18,0,0,12.65,67.93,0
18-08-2025 01:00,1,8,230,38.31,0,0,9.63,61.54,0
18-08-2025 02:00,2,8,230,4.03,0,0,10.85,66.54,0
18-08-2025 03:00,3,8,230,6.72,0,0,13.66,63.41,0
18-08-2025 04:00,4,8,230,58.23,0,0,8.44,64.16,0
18-08-2025 05:00,5,8,230,27.04,0,0,11.21,68.16,0
18-08-2025 06:00,6,8,230,43.43,0,0,14.65,61.15,0
18-08-2025 07:00,7,8,230,11.91,235.7,207.63,14.76,62,20.29
18-08-2025 08:00,8,8,230,19.45,427.07,344.02,18.86,62.09,32.33
18-08-2025 09:00,9,8,230,11.15,647.95,575.67,21.07,51.58,52.62
18-08-2025 10:00,10,8,230,43.24,585.2,332.19,22.56,60.59,47.28
18-08-2025 11:00,11,8,230,16.58,845.82,705.59,22.72,57.91,67
18-08-2025 12:00,12,8,230,25.66,807.54,600.31,29.01,54.42,63.03
18-08-2025 13:00,13,8,230,58.93,538.98,221.34,26.54,59.48,45.01
18-08-2025 14:00,14,8,230,0,866.03,866.03,27.2,55.69,68.63
18-08-2025 15:00,15,8,230,40.41,492.79,293.64,29.94,49.78,38.55
18-08-2025 16:00,16,8,230,80.03,199.89,39.92,25.62,55.67,14.32
18-08-2025 17:00,17,8,230,0.26,258.32,257.65,28.88,53.97,19.78
18-08-2025 18:00,18,8,230,12.14,0,0,27.14,53.99,0.64
18-08-2025 19:00,19,8,230,45.64,0,0,22.03,59.6,0
18-08-2025 20:00,20,8,230,0,0,0,23.9,51.75,0
18-08-2025 21:00,21,8,230,0,0,0,20.82,57.83,0
18-08-2025 22:00,22,8,230,64.91,0,0,18.24,62.04,0
18-08-2025 23:00,23,8,230,37.49,0,0,14.57,57.91,0
19-08-2025 00:00,0,8,231,0.61,0,0,15.41,59.18,0
19-08-2025 01:00,1,8,231,19.94,0,0,13.15,51.91,0
19-08-2025 02:00,2,8,231,34.11,0,0,7.93,61.39,0
19-08-2025 03:00,3,8,231,35.28,0,0,7.12,68.79,0
19-08-2025 04:00,4,8,231,57,0,0,9.34,58.83,0
19-08-2025 05:00,5,8,231,20.11,0,0,9.39,58.68,0
19-08-2025 06:00,6,8,231,48.74,0,0,14.42,57.01,0
19-08-2025 07:00,7,8,231,4.3,250.47,239.71,17.49,61.77,21.93
19-08-2025 08:00,8,8,231,49.12,315.82,160.7,16.29,65,23.61
19-08-2025 09:00,9,8,231,37.3,509.29,319.32,19.95,65.82,40.72
19-08-2025 10:00,10,8,231,49.25,546.12,277.14,22.87,49.54,42.4
19-08-2025 11:00,11,8,231,8.69,902.98,824.53,24.43,58.36,72.36
19-08-2025 12:00,12,8,231,22.94,827.94,637.99,27.19,60.78,65.81
19-08-2025 13:00,13,8,231,21.82,807.86,631.58,29.61,61.78,62.33
19-08-2025 14:00,14,8,231,28.93,678.12,481.94,29.07,54.75,54.8
19-08-2025 15:00,15,8,231,43.21,477.98,271.46,29.09,53.7,36.38
19-08-2025 16:00,16,8,231,46.35,326.18,174.99,29.24,66.33,25.37
19-08-2025 17:00,17,8,231,27.19,206.04,150.01,30.89,55.62,15.15
19-08-2025 18:00,18,8,231,56.02,0,0,27.78,60.04,0
19-08-2025 19:00,19,8,231,24.36,0,0,27.61,52.38,0
19-08-2025 20:00,20,8,231,1.62,0,0,26.6,56.62,0
19-08-2025 21:00,21,8,231,0,0,0,20.99,53.81,0
19-08-2025 22:00,22,8,231,9.85,0,0,16.75,59.48,0
19-08-2025 23:00,23,8,231,13.17,0,0,17.27,61.71,0
20-08-2025 00:00,0,8,232,48.02,0,0,13.86,57.85,0
20-08-2025 01:00,1,8,232,22.21,0,0,10,64.18,0
20-08-2025 02:00,2,8,232,30,0,0,11.91,59.26,0
20-08-2025 03:00,3,8,232,4.73,0,0,8.96,64.68,0
20-08-2025 04:00,4,8,232,75.62,0,0,12.29,63.24,0
20-08-2025 05:00,5,8,232,35.53,0,0,10.47,63.35,0
20-08-2025 06:00,6,8,232,40.55,0,0,16.71,51.17,0
20-08-2025 07:00,7,8,232,42.07,177.16,102.63,13.84,61.36,12.87
20-08-2025 08:00,8,8,232,54.43,295.9,134.85,14.23,55.83,23.17
20-08-2025 09:00,9,8,232,25.75,570.52,423.58,22.77,62.42,45.93
20-08-2025 10:00,10,8,232,4.72,835.35,795.89,21.61,50.53,66.38
20-08-2025 11:00,11,8,232,18.62,831.05,676.33,27.28,56,66.42
20-08-2025 12:00,12,8,232,43.23,675.8,383.67,24.97,51.54,54.28
20-08-2025 13:00,13,8,232,15.24,855.5,725.09,30.65,53.14,66.01
20-08-2025 14:00,14,8,232,14.56,771.43,659.08,31.92,58.09,62.95
20-08-2025 15:00,15,8,232,56.14,409.38,179.55,29.96,61.12,31.92
20-08-2025 16:00,16,8,232,59.44,277.09,112.38,28.59,59.26,20.83
20-08-2025 17:00,17,8,232,14.47,230.73,197.35,30.19,51.89,19.41
20-08-2025 18:00,18,8,232,44.6,0,0,25.96,55.91,0
20-08-2025 19:00,19,8,232,31.16,0,0,27.69,60.57,0
20-08-2025 20:00,20,8,232,30.94,0,0,23.82,55.29,0
20-08-2025 21:00,21,8,232,25.5,0,0,21.36,64.11,0
20-08-2025 22:00,22,8,232,59.91,0,0,13.46,63.36,0
20-08-2025 23:00,23,8,232,14.54,0,0,16.19,62.03,0
21-08-2025 00:00,0,8,233,12.32,0,0,14.41,64.98,0
21-08-2025 01:00,1,8,233,18.18,0,0,7.43,67.9,0
21-08-2025 02:00,2,8,233,69.93,0,0,5.65,72.61,0
21-08-2025 03:00,3,8,233,23.73,0,0,8.71,60.88,0
21-08-2025 04:00,4,8,233,34.53,0,0,9.31,75.34,0
21-08-2025 05:00,5,8,233,39.16,0,0,13.05,59.44,0
21-08-2025 06:00,6,8,233,3.79,0,0,16.42,75.31,0
21-08-2025 07:00,7,8,233,10.68,238.08,212.65,15.49,53.56,18.96
21-08-2025 08:00,8,8,233,27.78,395.83,285.87,18.26,50.75,30.86
21-08-2025 09:00,9,8,233,35.63,518.14,333.51,22.47,55.37,41.28
21-08-2025 10:00,10,8,233,26.48,694.01,510.21,21.9,65.12,56.4
21-08-2025 11:00,11,8,233,36.6,700.81,444.35,26.92,57.32,54.46
21-08-2025 12:00,12,8,233,1.2,990.97,979.04,27.62,55.37,77.6
21-08-2025 13:00,13,8,233,15.99,850.08,714.14,28.94,44.7,66.05
21-08-2025 14:00,14,8,233,12.61,784.12,685.25,29.6,52.29,61.43
21-08-2025 15:00,15,8,233,17.91,612.13,502.5,30.99,53.29,48.5
21-08-2025 16:00,16,8,233,50.05,312.33,156.02,30.67,51.65,24.98
21-08-2025 17:00,17,8,233,25.14,210.01,157.21,28.1,58.22,16.11
21-08-2025 18:00,18,8,233,41.79,0,0,26.99,49.86,0
21-08-2025 19:00,19,8,233,0,0,0,27.23,50.19,0
21-08-2025 20:00,20,8,233,21.91,0,0,22.3,52.49,0
21-08-2025 21:00,21,8,233,50.63,0,0,16.7,54.47,0
21-08-2025 22:00,22,8,233,19.94,0,0,15.97,62.9,0
21-08-2025 23:00,23,8,233,50.26,0,0,12.85,65.55,0
22-08-2025 00:00,0,8,234,17.79,0,0,12.68,68.59,0
22-08-2025 01:00,1,8,234,60.14,0,0,11.01,66.66,0
22-08-2025 02:00,2,8,234,60.61,0,0,9.33,74.46,0
22-08-2025 03:00,3,8,234,0,0,0,6.67,62.85,0
22-08-2025 04:00,4,8,234,30.2,0,0,8.44,62.99,0
22-08-2025 05:00,5,8,234,51.92,0,0,11.05,63.13,0
22-08-2025 06:00,6,8,234,26.82,0,0,12.97,67.33,0
22-08-2025 07:00,7,8,234,13.46,232.7,201.39,16.06,66.15,18.78
22-08-2025 08:00,8,8,234,28.92,391.56,278.34,17.99,67.75,31.68
22-08-2025 09:00,9,8,234,26.71,565.46,414.43,19.3,67.17,45.49
22-08-2025 10:00,10,8,234,7.03,820.35,762.67,24.72,48.97,64.9
22-08-2025 11:00,11,8,234,21.85,807.64,631.18,26.13,58.52,64.16
22-08-2025 12:00,12,8,234,31.24,765.68,526.47,26.54,44.01,61.73
22-08-2025 13:00,13,8,234,34.75,714.18,466.01,27.99,60.67,56.91
22-08-2025 14:00,14,8,234,43.55,583.13,329.16,28.77,57.18,45.88
22-08-2025 15:00,15,8,234,0,707.11,707.11,32.44,49.58,53.39
22-08-2025 16:00,16,8,234,22.59,415.3,321.49,28.48,59.49,34.08
22-08-2025 17:00,17,8,234,0,258.82,258.82,28.47,63.07,19.84
22-08-2025 18:00,18,8,234,2.1,0,0,29.61,49.47,1
22-08-2025 19:00,19,8,234,0,0,0,22.15,66.69,0
22-08-2025 20:00,20,8,234,29.46,0,0,24.11,56.68,0
22-08-2025 21:00,21,8,234,60.29,0,0,20.82,58.75,0
22-08-2025 22:00,22,8,234,66.59,0,0,18.39,64.41,0
22-08-2025 23:00,23,8,234,23.64,0,0,15.27,67.18,0
23-08-2025 00:00,0,8,235,32.23,0,0,14.64,63.61,0
23-08-2025 01:00,1,8,235,7.98,0,0,12.65,66.88,0
23-08-2025 02:00,2,8,235,12.52,0,0,6.85,63.37,0
23-08-2025 03:00,3,8,235,7.84,0,0,8.76,63.78,0
23-08-2025 04:00,4,8,235,0,0,0,12.96,63.18,0
23-08-2025 05:00,5,8,235,0,0,0,12,64.81,0
23-08-2025 06:00,6,8,235,16.43,0,0,11.09,64.6,0
23-08-2025 07:00,7,8,235,34.82,191.23,124.64,16.49,56.54,15.59
23-08-2025 08:00,8,8,235,51.89,305.41,146.94,18.12,69.18,24.46
23-08-2025 09:00,9,8,235,28.9,553.83,393.76,18.57,52.64,45.16
23-08-2025 10:00,10,8,235,66.46,434.34,145.66,21.98,55.82,34.07
23-08-2025 11:00,11,8,235,10.02,893.36,803.87,25.76,50.41,68.84
23-08-2025 12:00,12,8,235,38.04,714.7,442.83,29.39,55.07,54.67
23-08-2025 13:00,13,8,235,60.06,530.81,212,24.88,61.75,41.22
23-08-2025 14:00,14,8,235,2.2,851.73,832.97,29.41,53.91,67.59
23-08-2025 15:00,15,8,235,16.64,618.85,515.86,28.12,55.18,49.58
23-08-2025 16:00,16,8,235,38.94,353.97,216.12,30.77,55.65,26.46
23-08-2025 17:00,17,8,235,18.02,223.83,183.49,31.22,57.9,16.04
23-08-2025 18:00,18,8,235,33.34,0,0,28.5,51.43,0
23-08-2025 19:00,19,8,235,64.13,0,0,23.34,60.36,0
23-08-2025 20:00,20,8,235,39.96,0,0,20.91,53.77,0
23-08-2025 21:00,21,8,235,36.86,0,0,17.3,68.73,0
23-08-2025 22:00,22,8,235,21.05,0,0,16.93,57.15,0
23-08-2025 23:00,23,8,235,5.11,0,0,15.07,51.94,0
24-08-2025 00:00,0,8,236,10.84,0,0,13.54,62.55,0
24-08-2025 01:00,1,8,236,24.99,0,0,9.67,67.55,0
24-08-2025 02:00,2,8,236,42.13,0,0,10.29,67.06,0
24-08-2025 03:00,3,8,236,26.73,0,0,11.55,67.16,0
24-08-2025 04:00,4,8,236,43.36,0,0,10.17,58.55,0
24-08-2025 05:00,5,8,236,14.62,0,0,12.65,60.54,0
24-08-2025 06:00,6,8,236,39.86,0,0,12.14,57.89,0
24-08-2025 07:00,7,8,236,42.76,175.81,100.63,16.91,66.66,14.83
24-08-2025 08:00,8,8,236,17.19,435.54,360.68,14.83,66.95,35.19
24-08-2025 09:00,9,8,236,20.02,600.93,480.61,20.26,64.01,48.2
24-08-2025 10:00,10,8,236,0,866.03,866.03,17.19,60.59,69.46
24-08-2025 11:00,11,8,236,15.66,852.46,718.94,25.97,58.63,68.88
24-08-2025 12:00,12,8,236,37.92,715.62,444.27,26.03,59.98,56.23
24-08-2025 13:00,13,8,236,36.68,700.18,443.34,28.64,52.89,54.53
24-08-2025 14:00,14,8,236,15.18,767.46,651,27.5,54.16,60.63
24-08-2025 15:00,15,8,236,0,707.11,707.11,29.91,59.39,54.33
24-08-2025 16:00,16,8,236,42.09,342.15,198.13,29.06,51.57,25.33
24-08-2025 17:00,17,8,236,47.85,165.93,86.53,28.22,57.97,13.05
24-08-2025 18:00,18,8,236,22.52,0,0,25.08,57.14,0
24-08-2025 19:00,19,8,236,36.6,0,0,25.82,49.61,0
24-08-2025 20:00,20,8,236,34.57,0,0,22.73,57.63,0
24-08-2025 21:00,21,8,236,55.97,0,0,18.35,62.5,0
24-08-2025 22:00,22,8,236,77.74,0,0,17.57,55.61,0
24-08-2025 23:00,23,8,236,0,0,0,13.38,61.01,0
25-08-2025 00:00,0,8,237,33.72,0,0,12.81,68.3,0
25-08-2025 01:00,1,8,237,30.55,0,0,11.67,58.42,0
25-08-2025 02:00,2,8,237,15.78,0,0,12.51,63.35,0
25-08-2025 03:00,3,8,237,36.05,0,0,9.4,69.77,0
25-08-2025 04:00,4,8,237,16.41,0,0,11.12,74.95,0
25-08-2025 05:00,5,8,237,41.82,0,0,10.16,62.1,0
25-08-2025 06:00,6,8,237,37.41,0,0,13.93,57.18,0
25-08-2025 07:00,7,8,237,47.13,167.33,88.47,15.64,65.61,15.17
25-08-2025 08:00,8,8,237,19.67,426.23,342.38,17.65,66.43,36.58
25-08-2025 09:00,9,8,237,22.63,587.09,454.22,20.51,63.3,47.37
25-08-2025 10:00,10,8,237,55.91,502.88,221.73,22.68,55.76,39.59
25-08-2025 11:00,11,8,237,50.45,600.48,297.56,26.28,63.01,47.95
25-08-2025 12:00,12,8,237,27.94,790.47,569.63,28.96,53.88,62.58
25-08-2025 13:00,13,8,237,81.3,376.92,70.47,30.12,52.75,31.38
25-08-2025 14:00,14,8,237,0.42,863.27,859.6,26.46,65,67.52
25-08-2025 15:00,15,8,237,38.41,503.43,310.08,30.57,56.92,37.7
25-08-2025 16:00,16,8,237,28.93,391.52,278.27,33.66,45.75,29.72
25-08-2025 17:00,17,8,237,6.86,245.51,228.67,28.16,62.42,20.06
25-08-2025 18:00,18,8,237,45.54,0,0,27.75,56.03,0
25-08-2025 19:00,19,8,237,36.45,0,0,22.08,59.04,0
25-08-2025 20:00,20,8,237,78.97,0,0,24.73,59.16,0
25-08-2025 21:00,21,8,237,45.91,0,0,17.74,59.58,0
25-08-2025 22:00,22,8,237,31.59,0,0,17.17,64.41,0
25-08-2025 23:00,23,8,237,38.44,0,0,16.31,58.47,0
26-08-2025 00:00,0,8,238,38.04,0,0,9.4,70.19,0
26-08-2025 01:00,1,8,238,17.42,0,0,11.41,69.77,0
26-08-2025 02:00,2,8,238,15.27,0,0,8.58,79.34,0
26-08-2025 03:00,3,8,238,37.21,0,0,6.05,62.35,0
26-08-2025 04:00,4,8,238,0,0,0,11.16,67.74,0
26-08-2025 05:00,5,8,238,52.41,0,0,13.21,68.97,0
26-08-2025 06:00,6,8,238,40.98,0,0,13.86,63.97,0
26-08-2025 07:00,7,8,238,74.18,114.82,29.65,19.65,63.8,9.94
26-08-2025 08:00,8,8,238,27.01,398.72,291.03,18.66,64.94,30.96
26-08-2025 09:00,9,8,238,46.16,462.33,248.94,19.16,64.96,35.61
26-08-2025 10:00,10,8,238,38.17,618.09,382.15,21.74,51.78,49.13
26-08-2025 11:00,11,8,238,16.97,842.97,699.9,23.99,53.87,66.74
26-08-2025 12:00,12,8,238,0.27,997.96,995.24,21.33,50.99,78.89
26-08-2025 13:00,13,8,238,50.88,597.3,293.37,32.06,53.71,45.49
26-08-2025 14:00,14,8,238,0,866.03,866.03,30.1,54.77,67.06
26-08-2025 15:00,15,8,238,8.12,664.03,610.1,30.05,67.08,52.54
26-08-2025 16:00,16,8,238,19.19,428.04,345.91,30.95,48.36,33.23
26-08-2025 17:00,17,8,238,61.25,139.92,54.21,34.61,49.79,12.95
26-08-2025 18:00,18,8,238,18.45,0,0,28.3,59.93,0
26-08-2025 19:00,19,8,238,7.07,0,0,26.54,53.22,0
26-08-2025 20:00,20,8,238,0,0,0,24.32,53.47,0
26-08-2025 21:00,21,8,238,19.97,0,0,18.77,65.7,0
26-08-2025 22:00,22,8,238,41.06,0,0,18.6,66.72,0
26-08-2025 23:00,23,8,238,11.43,0,0,14.86,73.82,0
27-08-2025 00:00,0,8,239,33.42,0,0,12.89,64.96,0
27-08-2025 01:00,1,8,239,64.89,0,0,13.82,62.34,0
27-08-2025 02:00,2,8,239,37.74,0,0,8.04,63.36,0
27-08-2025 03:00,3,8,239,1.67,0,0,9.81,63.08,0
27-08-2025 04:00,4,8,239,59.82,0,0,11.91,60.98,0
27-08-2025 05:00,5,8,239,31.06,0,0,10.15,72.12,0
27-08-2025 06:00,6,8,239,37.44,0,0,14.82,57.81,0
27-08-2025 07:00,7,8,239,56.13,149.87,65.75,14.63,64.73,11.18
27-08-2025 08:00,8,8,239,31.35,382.42,262.52,15.6,60.07,30.3
27-08-2025 09:00,9,8,239,13.27,636.72,552.21,17.16,60.13,50.61
27-08-2025 10:00,10,8,239,10.4,798.5,715.49,23.07,72.34,63.16
27-08-2025 11:00,11,8,239,29.11,755.04,535.26,23.04,66.65,59.53
27-08-2025 12:00,12,8,239,2.25,983.15,961.05,25.1,59.23,79.09
27-08-2025 13:00,13,8,239,8.93,901.23,820.75,30.9,52.77,69.22
27-08-2025 14:00,14,8,239,13.29,779.69,676.05,27.4,49.17,61.33
27-08-2025 15:00,15,8,239,29.09,552.86,392.06,30.56,54.28,43.99
27-08-2025 16:00,16,8,239,17.08,435.97,361.53,32.8,57.76,32.72
27-08-2025 17:00,17,8,239,14.24,231.18,198.26,29.48,52.54,16.74
27-08-2025 18:00,18,8,239,54.44,0,0,25.42,62.44,0.03
27-08-2025 19:00,19,8,239,16.66,0,0,25.64,62.11,0
27-08-2025 20:00,20,8,239,35.25,0,0,18.85,70.37,0
27-08-2025 21:00,21,8,239,37.4,0,0,20.75,57.01,0
27-08-2025 22:00,22,8,239,46.87,0,0,13.51,60.52,0
27-08-2025 23:00,23,8,239,72.77,0,0,16.41,58.95,0
28-08-2025 00:00,0,8,240,43.59,0,0,14.56,56.64,0
28-08-2025 01:00,1,8,240,29.1,0,0,9.08,58.35,0
28-08-2025 02:00,2,8,240,0,0,0,7.9,74.26,0
28-08-2025 03:00,3,8,240,32.25,0,0,9.61,76.78,0
28-08-2025 04:00,4,8,240,73.58,0,0,13.78,67.65,0
28-08-2025 05:00,5,8,240,10.2,0,0,10.47,65.6,0
28-08-2025 06:00,6,8,240,68.68,0,0,13.07,59.3,0
28-08-2025 07:00,7,8,240,36.1,188.74,120.61,19.36,66.62,15.07
28-08-2025 08:00,8,8,240,37.9,357.86,222.22,15.24,61.59,29.29
28-08-2025 09:00,9,8,240,12.37,641.49,562.12,20.09,55.06,50.32
28-08-2025 10:00,10,8,240,52.73,523.55,247.5,21.32,56.85,41.91
28-08-2025 11:00,11,8,240,49.72,605.75,304.59,25.44,65.49,46.21
28-08-2025 12:00,12,8,240,11.23,915.78,812.95,31.83,54.22,69.7
28-08-2025 13:00,13,8,240,17.54,838.85,691.7,25.75,56.24,63.88
28-08-2025 14:00,14,8,240,22.16,722.09,562.07,29.93,49.74,56.51
28-08-2025 15:00,15,8,240,10.19,653.09,586.56,28.96,53.17,51.96
28-08-2025 16:00,16,8,240,4.7,482.37,459.7,29.61,55.45,39.26
28-08-2025 17:00,17,8,240,33.91,192.99,127.55,31.53,55.78,13.51
28-08-2025 18:00,18,8,240,59.8,0,0,28.24,53.86,0.81
28-08-2025 19:00,19,8,240,0.33,0,0,27.41,49.69,0
28-08-2025 20:00,20,8,240,1.19,0,0,20.27,59.91,0
28-08-2025 21:00,21,8,240,58.28,0,0,18.45,57.4,0
28-08-2025 22:00,22,8,240,33.13,0,0,16.76,70.07,0
28-08-2025 23:00,23,8,240,24.13,0,0,17.37,60.74,0
29-08-2025 00:00,0,8,241,4.06,0,0,13.61,72.53,0
29-08-2025 01:00,1,8,241,19.96,0,0,12.63,61.53,0
29-08-2025 02:00,2,8,241,6.16,0,0,12.61,69.6,0
29-08-2025 03:00,3,8,241,19.96,0,0,11.53,65.18,0
29-08-2025 04:00,4,8,241,46.36,0,0,6.22,67.75,0
29-08-2025 05:00,5,8,241,2.77,0,0,10.81,69.68,0
29-08-2025 06:00,6,8,241,22.56,0,0,9.2,58.41,0
29-08-2025 07:00,7,8,241,0,258.82,258.82,16.28,66.05,19.15
29-08-2025 08:00,8,8,241,49.22,315.42,160.17,16.62,63.62,25.94
29-08-2025 09:00,9,8,241,49.5,444.59,224.52,18.4,67.22,34.31
29-08-2025 10:00,10,8,241,35.15,637.7,413.53,21.68,57.66,51.51
29-08-2025 11:00,11,8,241,40.11,675.38,404.52,21.66,53.3,54.56
29-08-2025 12:00,12,8,241,38.66,710.02,435.5,24.99,51,58.82
29-08-2025 13:00,13,8,241,20.49,817.45,649.92,30.56,52.86,63.81
29-08-2025 14:00,14,8,241,26.85,691.64,505.95,24.81,63.95,56.22
29-08-2025 15:00,15,8,241,29.04,553.07,392.43,30.44,52.68,44.25
29-08-2025 16:00,16,8,241,21.57,419.11,328.7,28.96,57.99,30.03
29-08-2025 17:00,17,8,241,25.86,208.62,154.68,30.61,44.82,16.18
29-08-2025 18:00,18,8,241,23.47,0,0,28.78,50.44,0
29-08-2025 19:00,19,8,241,10.75,0,0,25.26,58.03,0
29-08-2025 20:00,20,8,241,33.18,0,0,23.22,63.83,0
29-08-2025 21:00,21,8,241,0,0,0,17.71,69.48,0
29-08-2025 22:00,22,8,241,39.34,0,0,18.75,54.14,0
29-08-2025 23:00,23,8,241,38.33,0,0,16.35,69.32,0
30-08-2025 00:00,0,8,242,49.06,0,0,12.22,64.28,0
30-08-2025 01:00,1,8,242,44.22,0,0,9.6,60.36,0
30-08-2025 02:00,2,8,242,6.83,0,0,10.41,68.72,0
30-08-2025 03:00,3,8,242,33.19,0,0,11.15,68.24,0
30-08-2025 04:00,4,8,242,21.58,0,0,8.27,64.18,0
30-08-2025 05:00,5,8,242,14.84,0,0,10.09,57.61,0
30-08-2025 06:00,6,8,242,43.59,0,0,9.35,69.88,0
30-08-2025 07:00,7,8,242,22.53,215.08,166.62,14.29,64.91,17.54
30-08-2025 08:00,8,8,242,26.97,398.85,291.26,20.11,61.62,32.28
30-08-2025 09:00,9,8,242,10.6,650.9,581.91,18.95,61.76,52.42
30-08-2025 10:00,10,8,242,58.21,487.92,203.88,20.29,56.21,40
30-08-2025 11:00,11,8,242,39.05,683.06,416.36,21.92,62.94,53.94
30-08-2025 12:00,12,8,242,43.29,675.29,382.93,28.42,57.39,51.36
30-08-2025 13:00,13,8,242,1.98,951.61,932.81,32.18,53.99,71.22
30-08-2025 14:00,14,8,242,39.77,607.7,366.01,27.28,59.15,46.4
30-08-2025 15:00,15,8,242,37.57,507.84,317.02,30.48,51.35,40.34
30-08-2025 16:00,16,8,242,49.18,315.58,160.38,29.92,60.75,24.95
30-08-2025 17:00,17,8,242,24.59,211.09,159.18,29.94,46.6,15.56
30-08-2025 18:00,18,8,242,0.03,0,0,25.86,54.37,0
30-08-2025 19:00,19,8,242,47.46,0,0,28.9,56.31,0
30-08-2025 20:00,20,8,242,0,0,0,22.38,62.15,0
30-08-2025 21:00,21,8,242,41.1,0,0,19.55,60.29,0
30-08-2025 22:00,22,8,242,43.19,0,0,19.84,59.42,0
30-08-2025 23:00,23,8,242,47.4,0,0,14.21,64.11,0
31-08-2025 00:00,0,8,243,41.85,0,0,14.39,63.08,0
31-08-2025 01:00,1,8,243,24.43,0,0,16.21,54.11,0
31-08-2025 02:00,2,8,243,6.43,0,0,12.97,66.32,0
31-08-2025 03:00,3,8,243,84.26,0,0,6.99,65.29,0
31-08-2025 04:00,4,8,243,0.73,0,0,12.54,53.44,0
31-08-2025 05:00,5,8,243,40.35,0,0,12.15,60.87,0
31-08-2025 06:00,6,8,243,72.83,0,0,12.11,72.85,0
31-08-2025 07:00,7,8,243,39.23,182.67,111.02,13.4,69.96,12.38
31-08-2025 08:00,8,8,243,34.26,371.53,244.26,17.91,64.22,30.12
31-08-2025 09:00,9,8,243,22.71,586.69,453.48,20.01,61.52,46.06
31-08-2025 10:00,10,8,243,34.49,641.98,420.54,19.63,59.67,52.51
31-08-2025 11:00,11,8,243,51.48,593,287.74,25.97,51.37,47.05
31-08-2025 12:00,12,8,243,25.05,812.13,608.69,25.49,64.7,64.33
31-08-2025 13:00,13,8,243,20.68,816.08,647.29,25.26,63.66,65.25
31-08-2025 14:00,14,8,243,0,866.03,866.03,26.75,68.9,68.86
31-08-2025 15:00,15,8,243,10.81,649.78,579.54,30.57,51.95,51.89
31-08-2025 16:00,16,8,243,32.16,379.41,257.4,27.95,51.29,30.32
31-08-2025 17:00,17,8,243,33.04,194.68,130.35,28.8,55.18,15.55
31-08-2025 18:00,18,8,243,17.37,0,0,31.29,46.77,0.67
31-08-2025 19:00,19,8,243,31.97,0,0,24.2,58.98,0
31-08-2025 20:00,20,8,243,5.35,0,0,21.2,55.33,0
31-08-2025 21:00,21,8,243,48.66,0,0,18.42,64.79,0
31-08-2025 22:00,22,8,243,61.74,0,0,17.78,59.22,0
31-08-2025 23:00,23,8,243,28.85,0,0,11.45,69.85,0
01-09-2025 00:00,0,9,244,19.12,0,0,13.6,60.47,0
01-09-2025 01:00,1,9,244,33.17,0,0,12.21,63.46,0
01-09-2025 02:00,2,9,244,34.02,0,0,12.87,63.62,0
01-09-2025 03:00,3,9,244,54.02,0,0,9.57,69.23,0
01-09-2025 04:00,4,9,244,24.4,0,0,13.02,74.58,0
01-09-2025 05:00,5,9,244,6.96,0,0,11.36,62.99,0
01-09-2025 06:00,6,9,244,39.82,0,0,16.74,56.04,0
01-09-2025 07:00,7,9,244,80.73,102.11,19.68,11.76,65.22,8.46
01-09-2025 08:00,8,9,244,16.51,438.11,365.79,18.62,64.16,35.72
01-09-2025 09:00,9,9,244,33.61,528.84,351.07,14.89,68.7,41.15
01-09-2025 10:00,10,9,244,0,866.03,866.03,23.29,60.54,69.36
01-09-2025 11:00,11,9,244,39.77,677.79,408.2,25.74,58.85,54.06
01-09-2025 12:00,12,9,244,31.7,762.22,520.56,25.66,65.05,63.41
01-09-2025 13:00,13,9,244,43.18,653.07,371.04,28.31,59.2,51.21
01-09-2025 14:00,14,9,244,18.86,743.51,603.27,27.35,54.99,57.16
01-09-2025 15:00,15,9,244,16.15,621.46,521.1,30.49,50.86,47.65
01-09-2025 16:00,16,9,244,63.72,261.07,94.73,26.8,50.87,22.78
01-09-2025 17:00,17,9,244,31.07,198.5,136.82,31.79,58.63,13.1
01-09-2025 18:00,18,9,244,21.31,0,0,26.55,56.45,0.35
01-09-2025 19:00,19,9,244,42.74,0,0,22.35,66.72,0
01-09-2025 20:00,20,9,244,55.27,0,0,18.38,62.91,0
01-09-2025 21:00,21,9,244,0,0,0,21.52,66.31,0
01-09-2025 22:00,22,9,244,22.8,0,0,17.86,58.25,0
01-09-2025 23:00,23,9,244,7.08,0,0,13.48,69.01,0
02-09-2025 00:00,0,9,245,18.92,0,0,10.04,55.21,0
02-09-2025 01:00,1,9,245,61.21,0,0,12.06,75.77,0
02-09-2025 02:00,2,9,245,42.37,0,0,8.74,58.8,0
02-09-2025 03:00,3,9,245,28.41,0,0,8.58,59.29,0
02-09-2025 04:00,4,9,245,6.95,0,0,10.77,62.1,0
02-09-2025 05:00,5,9,245,41.31,0,0,10.17,68.46,0
02-09-2025 06:00,6,9,245,40.56,0,0,15.19,58.21,0
02-09-2025 07:00,7,9,245,29.95,200.67,140.57,15.46,64.57,16.43
02-09-2025 08:00,8,9,245,16.57,437.86,365.31,14.57,64.83,34.65
02-09-2025 09:00,9,9,245,21.53,592.95,465.32,18.63,60.22,47.36
02-09-2025 10:00,10,9,245,44.47,577.17,320.49,22.17,63.29,45.07
02-09-2025 11:00,11,9,245,6.77,916.91,854.87,23.59,59.45,71.99
02-09-2025 12:00,12,9,245,61.14,541.48,210.44,26.66,53.61,44.31
02-09-2025 13:00,13,9,245,47.24,623.71,329.08,29.9,45.11,47.45
02-09-2025 14:00,14,9,245,54.47,512.21,233.19,24.88,60.56,40.55
02-09-2025 15:00,15,9,245,23.14,584.41,449.2,30.62,51.54,45.69
02-09-2025 16:00,16,9,245,14.46,445.77,381.31,31.24,50.98,35.1
02-09-2025 17:00,17,9,245,8.42,242.48,222.07,29,50.83,19.34
02-09-2025 18:00,18,9,245,25.38,0,0,26.51,61.81,0.95
02-09-2025 19:00,19,9,245,42.24,0,0,26.23,59.96,0
02-09-2025 20:00,20,9,245,1.95,0,0,21.03,60.86,0
02-09-2025 21:00,21,9,245,34.78,0,0,20.77,63.7,0
02-09-2025 22:00,22,9,245,15.61,0,0,15.24,74.94,0
02-09-2025 23:00,23,9,245,30.7,0,0,14.37,66.23,0
03-09-2025 00:00,0,9,246,7.41,0,0,10.39,59.56,0
03-09-2025 01:00,1,9,246,28.56,0,0,12.87,65.43,0
03-09-2025 02:00,2,9,246,24.56,0,0,9.02,62.57,0
03-09-2025 03:00,3,9,246,52.44,0,0,11.53,66.06,0
03-09-2025 04:00,4,9,246,4.45,0,0,11.09,71.21,0
03-09-2025 05:00,5,9,246,29.11,0,0,13.87,60.79,0
03-09-2025 06:00,6,9,246,0,0,0,10.74,64.28,0
03-09-2025 07:00,7,9,246,28.48,203.54,145.59,12.63,59.07,16.3
03-09-2025 08:00,8,9,246,43.51,336.82,190.25,16.9,61.61,26.54
03-09-2025 09:00,9,9,246,12.53,640.64,560.34,18.33,56.76,48.76
03-09-2025 10:00,10,9,246,50.59,537.41,265.52,23.96,52.65,43
03-09-2025 11:00,11,9,246,18.77,829.98,674.24,25.3,55.83,65.65
03-09-2025 12:00,12,9,246,0,1000,1000,25.54,64.24,78.95
03-09-2025 13:00,13,9,246,18.84,829.42,673.13,31.68,48.63,64.37
03-09-2025 14:00,14,9,246,32.79,653.06,438.94,28.33,58.9,51.58
03-09-2025 15:00,15,9,246,0,707.11,707.11,33.35,55.49,54.41
03-09-2025 16:00,16,9,246,0,500,500,28.43,60.11,38.84
03-09-2025 17:00,17,9,246,36.25,188.46,120.15,30.39,49.52,13.68
03-09-2025 18:00,18,9,246,56.58,0,0,29.12,55.24,0
03-09-2025 19:00,19,9,246,34.77,0,0,23.92,63.18,0
03-09-2025 20:00,20,9,246,9.01,0,0,21.01,59.25,0
03-09-2025 21:00,21,9,246,42.45,0,0,14.62,62.89,0
03-09-2025 22:00,22,9,246,32.58,0,0,17.02,65.55,0
03-09-2025 23:00,23,9,246,58.61,0,0,15.57,65.11,0
04-09-2025 00:00,0,9,247,13.92,0,0,12.77,57.3,0
04-09-2025 01:00,1,9,247,32.94,0,0,9.95,64.48,0
04-09-2025 02:00,2,9,247,69.87,0,0,8.88,65.25,0
04-09-2025 03:00,3,9,247,0,0,0,9.62,68.16,0
04-09-2025 04:00,4,9,247,20.6,0,0,13.92,69.7,0
04-09-2025 05:00,5,9,247,35.97,0,0,14.7,63.05,0
04-09-2025 06:00,6,9,247,24.48,0,0,12.46,72.36,0
04-09-2025 07:00,7,9,247,11.86,235.81,207.85,13.62,61.42,17.84
04-09-2025 08:00,8,9,247,14.71,444.84,379.4,19.99,53.79,35.64
04-09-2025 09:00,9,9,247,8.57,661.67,604.98,24.41,60.75,52.01
04-09-2025 10:00,10,9,247,61.73,465.05,177.95,20.83,54.4,38.69
04-09-2025 11:00,11,9,247,12.86,872.75,760.51,25.44,54.78,71.38
04-09-2025 12:00,12,9,247,27.74,791.96,572.28,27.8,56.39,62.71
04-09-2025 13:00,13,9,247,31.36,738.75,507.09,29.4,55.54,57.21
04-09-2025 14:00,14,9,247,26.34,694.94,511.9,33.01,48.86,53.44
04-09-2025 15:00,15,9,247,13.45,635.75,550.21,28.13,47.51,50.94
04-09-2025 16:00,16,9,247,2.26,491.54,480.45,29.35,53.94,38.65
04-09-2025 17:00,17,9,247,20.17,219.66,175.36,31.44,52.89,16.45
04-09-2025 18:00,18,9,247,7.46,0,0,29.57,53.03,0.31
04-09-2025 19:00,19,9,247,24.03,0,0,18.06,63.73,0
04-09-2025 20:00,20,9,247,55.88,0,0,20.65,71.59,0
04-09-2025 21:00,21,9,247,30.38,0,0,18.84,55.3,0
04-09-2025 22:00,22,9,247,3.74,0,0,16.13,66.88,0
04-09-2025 23:00,23,9,247,29.59,0,0,10.55,65.92,0
05-09-2025 00:00,0,9,248,10.21,0,0,10.72,60.24,0
05-09-2025 01:00,1,9,248,31.78,0,0,14.31,68.56,0
05-09-2025 02:00,2,9,248,14.74,0,0,11.95,67.06,0
05-09-2025 03:00,3,9,248,25.46,0,0,10.46,69.94,0
05-09-2025 04:00,4,9,248,34.13,0,0,10.63,62.8,0
05-09-2025 05:00,5,9,248,22.72,0,0,11.96,73.07,0
05-09-2025 06:00,6,9,248,45.5,0,0,12.76,55.26,0
05-09-2025 07:00,7,9,248,23.32,213.56,163.76,15.43,62.93,16.47
05-09-2025 08:00,8,9,248,30.44,385.83,268.37,19.6,52.66,32.16
05-09-2025 09:00,9,9,248,83.22,265.77,44.6,20.13,56.81,20.92
05-09-2025 10:00,10,9,248,69.19,416.65,128.39,21.58,57.03,34.46
05-09-2025 11:00,11,9,248,38.29,688.57,424.94,26.02,61.73,55.19
05-09-2025 12:00,12,9,248,26.98,797.63,582.41,26.43,60.15,64.56
05-09-2025 13:00,13,9,248,28.94,756.25,537.37,27.08,64.45,58.84
05-09-2025 14:00,14,9,248,50.69,536.79,264.69,29.8,53.53,40.6
05-09-2025 15:00,15,9,248,7.88,665.31,612.88,29.29,54.24,51.79
05-09-2025 16:00,16,9,248,40.64,347.61,206.35,31.56,58.6,26.4
05-09-2025 17:00,17,9,248,23.31,213.58,163.8,29.29,52.68,16.69
05-09-2025 18:00,18,9,248,66.97,0,0,27.93,57.77,0
05-09-2025 19:00,19,9,248,8.35,0,0,26.79,58.56,0
05-09-2025 20:00,20,9,248,36.84,0,0,22.51,62.25,0
05-09-2025 21:00,21,9,248,64.92,0,0,23.83,62.64,0
05-09-2025 22:00,22,9,248,7.78,0,0,15.66,58.99,0
05-09-2025 23:00,23,9,248,59.37,0,0,13.23,67.82,0
06-09-2025 00:00,0,9,249,10.45,0,0,11.69,70.98,0
06-09-2025 01:00,1,9,249,0,0,0,14.99,61.96,0
06-09-2025 02:00,2,9,249,32.62,0,0,11.14,74.47,0
06-09-2025 03:00,3,9,249,69.18,0,0,10.82,70.82,0
06-09-2025 04:00,4,9,249,53.55,0,0,13.06,67.61,0
06-09-2025 05:00,5,9,249,24.42,0,0,10.5,70.32,0
06-09-2025 06:00,6,9,249,30.71,0,0,11.71,67.16,0
06-09-2025 07:00,7,9,249,21.1,217.86,171.89,16.02,72.27,16.52
06-09-2025 08:00,8,9,249,55.48,291.94,129.96,20.52,62.48,23.72
06-09-2025 09:00,9,9,249,40.64,491.56,291.77,19.32,59.07,39.5
06-09-2025 10:00,10,9,249,43.13,585.91,333.23,20.02,58.48,47.93
06-09-2025 11:00,11,9,249,47.48,621.97,326.66,22.84,56.68,49.09
06-09-2025 12:00,12,9,249,25.5,808.74,602.51,28.39,61.91,64.34
06-09-2025 13:00,13,9,249,23.59,795.06,607.54,29.02,59.79,61.65
06-09-2025 14:00,14,9,249,48.43,551.45,284.37,25.9,52.36,45.01
06-09-2025 15:00,15,9,249,65.93,357.44,121.77,29.04,60.4,27.7
06-09-2025 16:00,16,9,249,33.49,374.4,248.99,29,57.13,29.24
06-09-2025 17:00,17,9,249,52.95,156.03,73.41,27.36,56.52,13.6
06-09-2025 18:00,18,9,249,42.88,0,0,30.16,48.18,0
06-09-2025 19:00,19,9,249,36.96,0,0,23.82,66.58,0
06-09-2025 20:00,20,9,249,20.46,0,0,22.21,61.26,0
06-09-2025 21:00,21,9,249,19.46,0,0,20.21,62.48,0
06-09-2025 22:00,22,9,249,62.5,0,0,17.19,57.92,0
06-09-2025 23:00,23,9,249,6.08,0,0,15.84,60.91,0
07-09-2025 00:00,0,9,250,53.79,0,0,15.22,61.43,0
07-09-2025 01:00,1,9,250,34.2,0,0,12.91,56.89,0
07-09-2025 02:00,2,9,250,31.45,0,0,9.56,67.9,0
07-09-2025 03:00,3,9,250,26.41,0,0,7.52,60.64,0
07-09-2025 04:00,4,9,250,40.56,0,0,9.54,70.39,0
07-09-2025 05:00,5,9,250,32.23,0,0,13.21,60.63,0
07-09-2025 06:00,6,9,250,14.22,0,0,11.68,67.23,0
07-09-2025 07:00,7,9,250,0,258.82,258.82,11.88,61.98,20.54
07-09-2025 08:00,8,9,250,33.81,373.2,247.01,17.37,59.5,30.56
07-09-2025 09:00,9,9,250,51.29,435.12,211.96,23.43,51.49,36.12
07-09-2025 10:00,10,9,250,8.57,810.36,740.9,21.98,53.27,64.06
07-09-2025 11:00,11,9,250,24.63,787.51,593.56,22.61,61.3,63.14
07-09-2025 12:00,12,9,250,27.73,792.05,572.45,24.31,61.5,63.31
07-09-2025 13:00,13,9,250,27.75,764.87,552.6,28.74,64.4,59.68
07-09-2025 14:00,14,9,250,35.42,635.99,410.75,28.22,54.9,51.39
07-09-2025 15:00,15,9,250,47.55,454.93,238.61,30.11,55.87,36.71
07-09-2025 16:00,16,9,250,6.05,477.32,448.46,27.39,54.94,40.22
07-09-2025 17:00,17,9,250,35.55,189.8,122.32,27.32,55.56,15.37
07-09-2025 18:00,18,9,250,7.1,0,0,30.27,65.85,0
07-09-2025 19:00,19,9,250,0,0,0,28.58,59.86,0
07-09-2025 20:00,20,9,250,51.19,0,0,23.55,56.46,0
07-09-2025 21:00,21,9,250,54.71,0,0,18.47,60.76,0
07-09-2025 22:00,22,9,250,20.45,0,0,18.42,66.83,0
07-09-2025 23:00,23,9,250,24.24,0,0,15.31,58.23,0
08-09-2025 00:00,0,9,251,21.53,0,0,10.2,58,0
08-09-2025 01:00,1,9,251,31.51,0,0,12.32,64.43,0
08-09-2025 02:00,2,9,251,60.4,0,0,8.45,65.42,0
08-09-2025 03:00,3,9,251,30.28,0,0,8.92,63.63,0
08-09-2025 04:00,4,9,251,33.18,0,0,11,50.4,0
08-09-2025 05:00,5,9,251,26.21,0,0,9.29,67.51,0
08-09-2025 06:00,6,9,251,54.95,0,0,14.35,61.44,0
08-09-2025 07:00,7,9,251,38.14,184.78,114.31,16.48,66.03,14.24
08-09-2025 08:00,8,9,251,8.33,468.75,429.68,15.66,61.02,36.12
08-09-2025 09:00,9,9,251,54.3,419.15,191.57,18.32,65.6,32.48
08-09-2025 10:00,10,9,251,52.69,523.82,247.84,25.26,63.06,41.46
08-09-2025 11:00,11,9,251,67.91,473.94,152.08,29.44,56.33,37.39
08-09-2025 12:00,12,9,251,39.26,705.58,428.59,24.89,60.6,54.86
08-09-2025 13:00,13,9,251,44.89,640.75,353.15,29.88,58.46,48.99
08-09-2025 14:00,14,9,251,45.39,571.22,311.95,29.15,56.2,44.42
08-09-2025 15:00,15,9,251,0.97,701.96,695.15,29.61,55.51,56.81
08-09-2025 16:00,16,9,251,4.02,484.91,465.4,29.72,62.27,37.78
08-09-2025 17:00,17,9,251,38.07,184.93,114.54,32.56,56.24,14.18
08-09-2025 18:00,18,9,251,28.93,0,0,26.54,55.25,1.92
08-09-2025 19:00,19,9,251,45.44,0,0,22.65,56.44,0
08-09-2025 20:00,20,9,251,71.88,0,0,25.8,52.24,0
08-09-2025 21:00,21,9,251,10.67,0,0,19.66,55.04,0
08-09-2025 22:00,22,9,251,42.04,0,0,19.66,59.11,0
08-09-2025 23:00,23,9,251,37.22,0,0,14.35,68.56,0
09-09-2025 00:00,0,9,252,33.39,0,0,13,60.77,0
09-09-2025 01:00,1,9,252,44.84,0,0,9.93,69.78,0
09-09-2025 02:00,2,9,252,30.53,0,0,11.9,74.75,0
09-09-2025 03:00,3,9,252,28.91,0,0,9.39,64.85,0
09-09-2025 04:00,4,9,252,12.21,0,0,11.09,67.8,0
09-09-2025 05:00,5,9,252,62.62,0,0,7.73,68.38,0
09-09-2025 06:00,6,9,252,43.13,0,0,11.2,68.47,0
09-09-2025 07:00,7,9,252,49.3,163.12,82.71,15.98,58.27,13.4
09-09-2025 08:00,8,9,252,32.21,379.21,257.06,18.81,53.84,29.48
09-09-2025 09:00,9,9,252,71.61,327.34,92.93,21.54,59.27,25.22
09-09-2025 10:00,10,9,252,52.72,523.59,247.54,24.15,51.03,42.66
09-09-2025 11:00,11,9,252,50.41,600.71,297.87,22.14,54.14,48.87
09-09-2025 12:00,12,9,252,16.47,876.45,732.08,30.6,55.32,68.66
09-09-2025 13:00,13,9,252,2.54,947.5,923.41,29.01,64.84,72.64
09-09-2025 14:00,14,9,252,16.85,756.56,629.06,29.81,61.58,56.97
09-09-2025 15:00,15,9,252,21.17,594.84,468.92,32.46,57.96,46.31
09-09-2025 16:00,16,9,252,19.59,426.54,342.98,29.35,54.81,33.01
09-09-2025 17:00,17,9,252,63.44,135.67,49.6,29.21,56.19,10.26
09-09-2025 18:00,18,9,252,37.12,0,0,25.1,51.8,0
09-09-2025 19:00,19,9,252,45.52,0,0,26,61.16,0
09-09-2025 20:00,20,9,252,0,0,0,23.94,58.99,0
09-09-2025 21:00,21,9,252,53.85,0,0,17.32,64.37,0
09-09-2025 22:00,22,9,252,47.75,0,0,16.36,57.92,0
09-09-2025 23:00,23,9,252,71.67,0,0,19.18,62.73,0
10-09-2025 00:00,0,9,253,19.46,0,0,12.5,58.78,0
10-09-2025 01:00,1,9,253,34.14,0,0,9.28,64.46,0
10-09-2025 02:00,2,9,253,2.91,0,0,9.61,72.9,0
10-09-2025 03:00,3,9,253,59.31,0,0,10.42,70.05,0
10-09-2025 04:00,4,9,253,49.3,0,0,7.86,69.45,0
10-09-2025 05:00,5,9,253,27.71,0,0,15.2,55.7,0
10-09-2025 06:00,6,9,253,44.95,0,0,10.21,53.93,0
10-09-2025 07:00,7,9,253,50.99,159.84,78.34,15.13,58.22,13.96
10-09-2025 08:00,8,9,253,47.49,321.93,169.06,16.68,67.87,24.58
10-09-2025 09:00,9,9,253,22.8,586.17,452.51,17.06,58.88,46.57
10-09-2025 10:00,10,9,253,10.33,798.94,716.43,19.16,63.98,63.28
10-09-2025 11:00,11,9,253,42.9,655.11,374.04,25.57,58.23,51.88
10-09-2025 12:00,12,9,253,4.86,963.59,916.81,26.95,48.86,76.55
10-09-2025 13:00,13,9,253,40.19,674.75,403.55,26.34,56.99,52.69
10-09-2025 14:00,14,9,253,0,866.03,866.03,30.87,52.97,68.87
10-09-2025 15:00,15,9,253,31.82,538.36,367.05,31.9,47.71,43.3
10-09-2025 16:00,16,9,253,55.09,293.43,131.79,28.41,56.38,24.79
10-09-2025 17:00,17,9,253,64,134.58,48.44,30.57,56.91,8.92
10-09-2025 18:00,18,9,253,32.51,0,0,30.19,57.86,1.83
10-09-2025 19:00,19,9,253,41.9,0,0,23.42,63.13,0
10-09-2025 20:00,20,9,253,47.05,0,0,23.67,63.58,0
10-09-2025 21:00,21,9,253,42.81,0,0,21.2,58.65,0
10-09-2025 22:00,22,9,253,2.77,0,0,14.54,52.27,0
10-09-2025 23:00,23,9,253,76.34,0,0,16.01,58.07,0
11-09-2025 00:00,0,9,254,23.31,0,0,10.34,74.18,0
11-09-2025 01:00,1,9,254,39.55,0,0,10.65,78.61,0
11-09-2025 02:00,2,9,254,27.9,0,0,8.53,60.1,0
11-09-2025 03:00,3,9,254,54.04,0,0,6.87,70.58,0
11-09-2025 04:00,4,9,254,44.24,0,0,11.06,59.01,0
11-09-2025 05:00,5,9,254,36.22,0,0,10.84,61.91,0
11-09-2025 06:00,6,9,254,14.28,0,0,11.83,69.96,0
11-09-2025 07:00,7,9,254,10.81,237.84,212.14,17.04,55.71,17.69
11-09-2025 08:00,8,9,254,39.32,352.54,213.91,20.02,62.33,28.79
11-09-2025 09:00,9,9,254,36.62,512.88,325.04,18.53,56.46,41.2
11-09-2025 10:00,10,9,254,6.91,821.12,764.35,19.49,56.88,65.33
11-09-2025 11:00,11,9,254,11.1,885.52,787.24,24.48,47.67,71.46
11-09-2025 12:00,12,9,254,46.79,649.04,345.32,25.55,58.83,52.28
11-09-2025 13:00,13,9,254,47.15,624.37,329.99,28.36,54.26,49.71
11-09-2025 14:00,14,9,254,32.92,652.2,437.49,29.58,54.81,50.87
11-09-2025 15:00,15,9,254,17.06,616.62,511.42,29.77,58,46.99
11-09-2025 16:00,16,9,254,33.97,372.62,246.05,29.85,67.8,30.26
11-09-2025 17:00,17,9,254,45.95,169.63,91.69,26.03,52.65,12.83
11-09-2025 18:00,18,9,254,38.18,0,0,24.17,53.25,0
11-09-2025 19:00,19,9,254,28.12,0,0,23.61,55.34,0
11-09-2025 20:00,20,9,254,44.96,0,0,23.09,62.31,0
11-09-2025 21:00,21,9,254,50.14,0,0,26.19,60.43,0
11-09-2025 22:00,22,9,254,0,0,0,16.68,66.5,0
11-09-2025 23:00,23,9,254,58.88,0,0,15.04,65.57,0
12-09-2025 00:00,0,9,255,27.21,0,0,13.11,62.21,0
12-09-2025 01:00,1,9,255,86.96,0,0,11.88,56.4,0
12-09-2025 02:00,2,9,255,35.28,0,0,11.16,81.51,0
12-09-2025 03:00,3,9,255,43.55,0,0,10.27,67.16,0
12-09-2025 04:00,4,9,255,0,0,0,11.06,63.9,0
12-09-2025 05:00,5,9,255,23.53,0,0,6.67,65.48,0
12-09-2025 06:00,6,9,255,56.78,0,0,13.56,63.82,0
12-09-2025 07:00,7,9,255,20.11,219.78,175.57,19.29,64.8,16.21
12-09-2025 08:00,8,9,255,38.03,357.38,221.46,17.54,56.72,30.35
12-09-2025 09:00,9,9,255,13.83,633.77,546.14,17.82,56.78,50.09
12-09-2025 10:00,10,9,255,41.28,597.87,351.04,24.24,59.27,47.42
12-09-2025 11:00,11,9,255,27.57,766.22,555.01,21.77,66.34,60.35
12-09-2025 12:00,12,9,255,37.06,722.04,454.44,27.17,46.94,56.41
12-09-2025 13:00,13,9,255,30.15,747.52,522.15,25.16,56.94,60.59
12-09-2025 14:00,14,9,255,31.22,663.24,456.18,28.72,51.84,51.18
12-09-2025 15:00,15,9,255,22.11,589.84,459.41,31.64,70.13,43.24
12-09-2025 16:00,16,9,255,74.98,218.84,54.76,34,49,18.15
12-09-2025 17:00,17,9,255,22.28,215.57,167.54,28.53,55.71,16.89
12-09-2025 18:00,18,9,255,33.98,0,0,27.43,54.13,0.65
12-09-2025 19:00,19,9,255,33.93,0,0,20.05,56.83,0
12-09-2025 20:00,20,9,255,37.96,0,0,19.13,63.52,0
12-09-2025 21:00,21,9,255,13.82,0,0,19.3,56.86,0
12-09-2025 22:00,22,9,255,58.04,0,0,15.24,51.26,0
12-09-2025 23:00,23,9,255,71.48,0,0,16.28,72.78,0
13-09-2025 00:00,0,9,256,8.21,0,0,16.85,49.12,0
13-09-2025 01:00,1,9,256,30.87,0,0,10.46,67.26,0
13-09-2025 02:00,2,9,256,54.72,0,0,9.57,60.35,0
13-09-2025 03:00,3,9,256,21.34,0,0,7.82,65.3,0
13-09-2025 04:00,4,9,256,38.92,0,0,10.25,65.74,0
13-09-2025 05:00,5,9,256,34.75,0,0,8.39,59.76,0
13-09-2025 06:00,6,9,256,6.16,0,0,13.93,57.79,0
13-09-2025 07:00,7,9,256,0,258.82,258.82,14.25,53.36,21.56
13-09-2025 08:00,8,9,256,0,500,500,17.74,65.02,40.89
13-09-2025 09:00,9,9,256,35.61,518.24,333.68,21.57,59,41.66
13-09-2025 10:00,10,9,256,37.34,623.47,390.64,25.18,57.09,49.07
13-09-2025 11:00,11,9,256,32.39,731.25,494.37,24.98,59.3,58.45
13-09-2025 12:00,12,9,256,15.41,884.45,748.18,25.6,48.46,71.6
13-09-2025 13:00,13,9,256,0,965.93,965.93,29.99,56.85,75.06
13-09-2025 14:00,14,9,256,1.33,857.4,846.01,28.83,61.1,67.19
13-09-2025 15:00,15,9,256,0,707.11,707.11,30.57,66.22,54.94
13-09-2025 16:00,16,9,256,11.71,456.08,402.67,30.95,48.38,33.34
13-09-2025 17:00,17,9,256,5.38,248.38,235.03,29.2,54.88,21.64
13-09-2025 18:00,18,9,256,70.49,0,0,27.66,54.18,0.27
13-09-2025 19:00,19,9,256,24.83,0,0,24.54,48.45,0
13-09-2025 20:00,20,9,256,42.55,0,0,23.6,57.67,0
13-09-2025 21:00,21,9,256,31.11,0,0,19.25,63.74,0
13-09-2025 22:00,22,9,256,54.23,0,0,21.92,51.99,0
13-09-2025 23:00,23,9,256,3.41,0,0,16.48,57.24,0
14-09-2025 00:00,0,9,257,37.49,0,0,13.95,52.29,0
14-09-2025 01:00,1,9,257,42.18,0,0,9.69,63.47,0
14-09-2025 02:00,2,9,257,22.64,0,0,10.99,58.85,0
14-09-2025 03:00,3,9,257,20.88,0,0,9.88,63.93,0
14-09-2025 04:00,4,9,257,34.92,0,0,9.99,62.02,0
14-09-2025 05:00,5,9,257,9.28,0,0,12.11,65.05,0
14-09-2025 06:00,6,9,257,44.51,0,0,11.02,68.84,0
14-09-2025 07:00,7,9,257,100,64.7,0,16.47,64.95,6.21
14-09-2025 08:00,8,9,257,49.79,313.31,157.33,16.02,68,23.88
14-09-2025 09:00,9,9,257,0,707.11,707.11,19.32,56.58,56.25
14-09-2025 10:00,10,9,257,19.81,737.36,591.3,22.41,55.55,59.29
14-09-2025 11:00,11,9,257,44.94,640.33,352.54,27.35,50.75,50.47
14-09-2025 12:00,12,9,257,0,1000,1000,26.71,50.18,79.34
14-09-2025 13:00,13,9,257,9.65,896.01,809.54,28.88,58.03,69.6
14-09-2025 14:00,14,9,257,40.27,604.44,361.01,32.78,49.96,47.47
14-09-2025 15:00,15,9,257,39.76,496.24,298.93,33.06,48.53,38.67
14-09-2025 16:00,16,9,257,52.74,302.22,142.83,29.97,58.06,22.95
14-09-2025 17:00,17,9,257,30.96,198.71,137.18,28.45,60.1,15.68
14-09-2025 18:00,18,9,257,37.88,0,0,25.63,60.32,0.42
14-09-2025 19:00,19,9,257,45.95,0,0,27.16,54.01,0
14-09-2025 20:00,20,9,257,47.84,0,0,20.99,63.86,0
14-09-2025 21:00,21,9,257,21.21,0,0,19.41,56.26,0
14-09-2025 22:00,22,9,257,32.4,0,0,18.34,66.57,0
14-09-2025 23:00,23,9,257,29.68,0,0,13.14,70.05,0
15-09-2025 00:00,0,9,258,3.63,0,0,12.66,58.91,0
15-09-2025 01:00,1,9,258,24.86,0,0,10.3,74.6,0
15-09-2025 02:00,2,9,258,38.24,0,0,10.39,63.5,0
15-09-2025 03:00,3,9,258,29.69,0,0,13.79,62.53,0
15-09-2025 04:00,4,9,258,59.43,0,0,6.31,72.18,0
15-09-2025 05:00,5,9,258,19.89,0,0,10.99,61.75,0
15-09-2025 06:00,6,9,258,22.14,0,0,13.51,64.3,0
15-09-2025 07:00,7,9,258,59.45,143.41,58.15,14.76,59.95,11.67
15-09-2025 08:00,8,9,258,49.08,315.94,160.87,13.59,72.28,25.2
15-09-2025 09:00,9,9,258,35.3,519.89,336.36,20.46,53.11,41
15-09-2025 10:00,10,9,258,21.06,729.23,575.64,22.12,58.95,59.89
15-09-2025 11:00,11,9,258,36.48,701.62,445.64,24.78,54.39,54.48
15-09-2025 12:00,12,9,258,20.51,846.17,672.62,27.67,53.52,67.75
15-09-2025 13:00,13,9,258,74.68,424.92,107.59,27.8,44.88,32.29
15-09-2025 14:00,14,9,258,57.45,492.9,209.75,31.93,54.37,38.11
15-09-2025 15:00,15,9,258,74.43,312.37,79.87,30.29,54.64,25.97
15-09-2025 16:00,16,9,258,27.5,396.86,287.7,31.5,52.47,30.84
15-09-2025 17:00,17,9,258,48.63,164.41,84.45,26.28,58.74,13.55
15-09-2025 18:00,18,9,258,30.96,0,0,27.17,56.28,0
15-09-2025 19:00,19,9,258,40.18,0,0,27.14,56.86,0
15-09-2025 20:00,20,9,258,91.73,0,0,23.96,58.16,0
15-09-2025 21:00,21,9,258,14.37,0,0,15.86,68.42,0
15-09-2025 22:00,22,9,258,32.23,0,0,16.37,65.45,0
15-09-2025 23:00,23,9,258,0,0,0,13.87,62.03,0
16-09-2025 00:00,0,9,259,18.67,0,0,12.61,66.54,0
16-09-2025 01:00,1,9,259,40.11,0,0,8.93,62.2,0
16-09-2025 02:00,2,9,259,18.16,0,0,9.86,63.94,0
16-09-2025 03:00,3,9,259,29.41,0,0,8.77,60.74,0
16-09-2025 04:00,4,9,259,26.76,0,0,10.88,64.76,0
16-09-2025 05:00,5,9,259,61.49,0,0,10.21,63.22,0
16-09-2025 06:00,6,9,259,23.08,0,0,14.14,61.15,0
16-09-2025 07:00,7,9,259,12.53,234.5,205.13,14.68,60.21,17.63
16-09-2025 08:00,8,9,259,27.11,398.33,290.33,21.64,54.87,32.16
16-09-2025 09:00,9,9,259,52.18,430.36,205.78,21.46,57.05,36.14
16-09-2025 10:00,10,9,259,38.36,616.84,380.19,25.63,60.74,49.97
16-09-2025 11:00,11,9,259,7.19,913.81,848.07,25.48,57.66,74.88
16-09-2025 12:00,12,9,259,6.79,949.06,884.59,28.54,55.59,72.63
16-09-2025 13:00,13,9,259,45.65,635.23,345.26,29.6,55.76,49.48
16-09-2025 14:00,14,9,259,33.96,645.43,426.22,28.87,47.37,50.86
16-09-2025 15:00,15,9,259,21.92,590.86,461.35,29.75,50.77,46.92
16-09-2025 16:00,16,9,259,6.36,476.15,445.87,29.05,57.53,38.59
16-09-2025 17:00,17,9,259,54.02,153.97,70.8,25.07,55.42,11.22
16-09-2025 18:00,18,9,259,40.88,0,0,28.8,57.74,1.27
16-09-2025 19:00,19,9,259,36.67,0,0,25.64,56.33,0
16-09-2025 20:00,20,9,259,16.73,0,0,22.73,58.84,0
16-09-2025 21:00,21,9,259,5.95,0,0,20.19,55.35,0
16-09-2025 22:00,22,9,259,79.84,0,0,17.53,59.68,0
16-09-2025 23:00,23,9,259,15.18,0,0,16.44,58.63,0
17-09-2025 00:00,0,9,260,52.27,0,0,13.02,65.24,0
17-09-2025 01:00,1,9,260,47.31,0,0,12.83,59.12,0
17-09-2025 02:00,2,9,260,38.66,0,0,12.53,63.17,0
17-09-2025 03:00,3,9,260,10.21,0,0,7.04,73.1,0
17-09-2025 04:00,4,9,260,57.64,0,0,11.75,57.63,0
17-09-2025 05:00,5,9,260,35.56,0,0,8.76,65.89,0
17-09-2025 06:00,6,9,260,48.9,0,0,13.15,61.21,0
17-09-2025 07:00,7,9,260,35.75,189.42,121.7,11.6,65.23,14.39
17-09-2025 08:00,8,9,260,34.53,370.51,242.58,17.6,65.49,29.38
17-09-2025 09:00,9,9,260,67.04,351.55,115.86,17.53,64.45,26.11
17-09-2025 10:00,10,9,260,27.31,688.62,500.53,22.57,61.91,53.53
17-09-2025 11:00,11,9,260,44.76,641.67,354.46,26.34,54.81,49.03
17-09-2025 12:00,12,9,260,59.4,554.53,225.16,26.24,59.56,40.96
17-09-2025 13:00,13,9,260,13.72,866.55,747.68,28.91,50.94,69.37
17-09-2025 14:00,14,9,260,0,866.03,866.03,30.66,55.54,68.65
17-09-2025 15:00,15,9,260,31.77,538.6,367.46,28.13,56.65,42.88
17-09-2025 16:00,16,9,260,6.76,474.66,442.58,31.45,54.28,35.37
17-09-2025 17:00,17,9,260,22.58,214.99,166.45,29.95,53.95,16.15
17-09-2025 18:00,18,9,260,47.26,0,0,26.1,55.87,0.89
17-09-2025 19:00,19,9,260,30.43,0,0,26.09,52.59,0
17-09-2025 20:00,20,9,260,39.58,0,0,19.43,53.37,0
17-09-2025 21:00,21,9,260,6.47,0,0,19.16,66.18,0
17-09-2025 22:00,22,9,260,32.46,0,0,17.69,52.71,0
17-09-2025 23:00,23,9,260,14.43,0,0,17.79,55.55,0
18-09-2025 00:00,0,9,261,38.1,0,0,11.18,67.14,0
18-09-2025 01:00,1,9,261,47.13,0,0,13.3,64.28,0
18-09-2025 02:00,2,9,261,46,0,0,10.65,67.35,0
18-09-2025 03:00,3,9,261,75.22,0,0,6.48,60.79,0
18-09-2025 04:00,4,9,261,49.41,0,0,12.1,63.53,0
18-09-2025 05:00,5,9,261,14.55,0,0,10.5,74.95,0
18-09-2025 06:00,6,9,261,33.51,0,0,14.16,66.69,0
18-09-2025 07:00,7,9,261,27.73,205,148.15,16.05,54.7,13.99
18-09-2025 08:00,8,9,261,40.26,349.02,208.5,21.63,59,27.21
18-09-2025 09:00,9,9,261,10.51,651.36,582.89,22.5,53.65,52.8
18-09-2025 10:00,10,9,261,18.3,747.2,610.5,21.47,59.56,58.99
18-09-2025 11:00,11,9,261,30.81,742.71,513.86,26.4,59.79,60.1
18-09-2025 12:00,12,9,261,35.89,730.81,468.5,24.16,61.69,57.48
18-09-2025 13:00,13,9,261,12.5,875.4,766.01,29.48,57.34,67.06
18-09-2025 14:00,14,9,261,0,866.03,866.03,31.37,65.2,65.54
18-09-2025 15:00,15,9,261,13.13,637.49,553.8,27.05,57.73,50.13
18-09-2025 16:00,16,9,261,29.68,388.72,273.36,33.05,42.67,28.69
18-09-2025 17:00,17,9,261,28.17,204.13,146.62,26.23,54.25,17.06
18-09-2025 18:00,18,9,261,6.17,0,0,27.7,68,0
18-09-2025 19:00,19,9,261,37.46,0,0,23.14,59.53,0
18-09-2025 20:00,20,9,261,41.59,0,0,21.39,52.71,0
18-09-2025 21:00,21,9,261,19.56,0,0,16.21,66.18,0
18-09-2025 22:00,22,9,261,55.91,0,0,13.56,65.98,0
18-09-2025 23:00,23,9,261,50.74,0,0,13.7,72.91,0
19-09-2025 00:00,0,9,262,20.67,0,0,11.05,68.74,0
19-09-2025 01:00,1,9,262,4.02,0,0,13.18,59.08,0
19-09-2025 02:00,2,9,262,43.42,0,0,8.49,59.02,0
19-09-2025 03:00,3,9,262,51.32,0,0,10.61,62.09,0
19-09-2025 04:00,4,9,262,49.3,0,0,10.64,64.32,0
19-09-2025 05:00,5,9,262,48.64,0,0,11.79,56.84,0
19-09-2025 06:00,6,9,262,0,0,0,11.25,65.2,0
19-09-2025 07:00,7,9,262,0,258.82,258.82,17.87,69.46,20.72
19-09-2025 08:00,8,9,262,28.12,394.55,283.61,16.58,67.99,32.43
19-09-2025 09:00,9,9,262,27.36,562.01,408.25,19.59,68.16,44.54
19-09-2025 10:00,10,9,262,13.25,779.97,676.62,22.72,55.68,60.84
19-09-2025 11:00,11,9,262,10.56,889.45,795.56,24.67,51.96,70.46
19-09-2025 12:00,12,9,262,49.83,626.29,314.23,30.07,46.35,49.66
19-09-2025 13:00,13,9,262,0,965.93,965.93,26.26,54.99,74.94
19-09-2025 14:00,14,9,262,21.38,727.14,571.65,30.58,51.17,56.25
19-09-2025 15:00,15,9,262,29.37,551.36,389.44,30.66,60.29,42.95
19-09-2025 16:00,16,9,262,18.57,430.37,350.46,30.64,62.02,33.4
19-09-2025 17:00,17,9,262,5.94,247.29,232.61,26.12,53.38,18.27
19-09-2025 18:00,18,9,262,20.95,0,0,26.75,60.97,1.39
19-09-2025 19:00,19,9,262,32.36,0,0,25.15,68.16,0
19-09-2025 20:00,20,9,262,9.26,0,0,21.92,57.84,0
19-09-2025 21:00,21,9,262,49.19,0,0,19.27,65.74,0
19-09-2025 22:00,22,9,262,0.43,0,0,20.04,60.75,0
19-09-2025 23:00,23,9,262,20.96,0,0,14.65,65.09,0
20-09-2025 00:00,0,9,263,70.57,0,0,17.79,65.38,0
20-09-2025 01:00,1,9,263,17.83,0,0,11.71,57.61,0
20-09-2025 02:00,2,9,263,22.85,0,0,9.71,61.94,0
20-09-2025 03:00,3,9,263,21.63,0,0,12.23,52.95,0
20-09-2025 04:00,4,9,263,22.73,0,0,11.97,70.7,0
20-09-2025 05:00,5,9,263,27.43,0,0,13.21,63.48,0
20-09-2025 06:00,6,9,263,56.69,0,0,14.49,62.68,0
20-09-2025 07:00,7,9,263,8.47,242.38,221.86,13.05,63.04,19.84
20-09-2025 08:00,8,9,263,26.12,402.04,297.01,15.25,63.72,33.41
20-09-2025 09:00,9,9,263,56.21,409.01,179.1,17.99,55.97,32.85
20-09-2025 10:00,10,9,263,22.86,717.58,553.57,24.93,59.35,57.56
20-09-2025 11:00,11,9,263,31.4,738.46,506.59,22.47,56.33,58.78
20-09-2025 12:00,12,9,263,46.06,654.56,353.07,27.43,59.93,53.83
20-09-2025 13:00,13,9,263,3.53,940.34,907.14,25.59,60.3,75.07
20-09-2025 14:00,14,9,263,17.82,750.29,616.6,28.45,58.72,59.77
20-09-2025 15:00,15,9,263,66.99,351.85,116.15,30.97,60.8,28.24
20-09-2025 16:00,16,9,263,4.43,483.39,461.97,28.4,57.08,39.62
20-09-2025 17:00,17,9,263,10.26,238.9,214.39,29.61,61.16,18.44
20-09-2025 18:00,18,9,263,14.02,0,0,25.72,53.23,0.92
20-09-2025 19:00,19,9,263,45.33,0,0,25.12,63.9,0
20-09-2025 20:00,20,9,263,62.75,0,0,25.29,60.77,0
20-09-2025 21:00,21,9,263,67.07,0,0,18.44,56.06,0
20-09-2025 22:00,22,9,263,42.78,0,0,15.5,63.95,0
20-09-2025 23:00,23,9,263,48.1,0,0,12.94,69.27,0
21-09-2025 00:00,0,9,264,19.02,0,0,14.31,73.29,0
21-09-2025 01:00,1,9,264,74.55,0,0,11.22,57.61,0
21-09-2025 02:00,2,9,264,31.4,0,0,13.51,56.68,0
21-09-2025 03:00,3,9,264,41.06,0,0,5.02,68.34,0
21-09-2025 04:00,4,9,264,29.83,0,0,9.1,75.87,0
21-09-2025 05:00,5,9,264,58.83,0,0,14.46,78,0
21-09-2025 06:00,6,9,264,32.16,0,0,7.73,76.43,0
21-09-2025 07:00,7,9,264,60.65,141.09,55.52,13.93,61.96,10.88
21-09-2025 08:00,8,9,264,31.95,380.2,258.73,18.18,60.89,30.57
21-09-2025 09:00,9,9,264,72.82,320.9,87.21,20.47,53.14,25.91
21-09-2025 10:00,10,9,264,53.84,516.34,238.36,24.36,59.41,41.73
21-09-2025 11:00,11,9,264,41.48,665.46,389.46,23.8,60.94,52.93
21-09-2025 12:00,12,9,264,37.95,715.36,443.87,27.37,60.4,56.17
21-09-2025 13:00,13,9,264,41.32,666.56,391.12,28.72,52.06,53.23
21-09-2025 14:00,14,9,264,33.06,651.27,435.94,29.29,63.92,51.28
21-09-2025 15:00,15,9,264,35.11,520.9,338.01,31.98,59.39,42.31
21-09-2025 16:00,16,9,264,14.58,445.32,380.38,33.79,45.3,34.98
21-09-2025 17:00,17,9,264,35.09,190.71,123.79,26.26,53.13,16.06
21-09-2025 18:00,18,9,264,9.13,0,0,28.76,51.11,2.57
21-09-2025 19:00,19,9,264,49.48,0,0,23.73,67.68,0
21-09-2025 20:00,20,9,264,40.11,0,0,22.44,52.62,0
21-09-2025 21:00,21,9,264,14.93,0,0,21.47,61.77,0
21-09-2025 22:00,22,9,264,11.67,0,0,19.03,68.33,0
21-09-2025 23:00,23,9,264,0,0,0,16.64,60.3,0
22-09-2025 00:00,0,9,265,34.28,0,0,12.49,62.97,0
22-09-2025 01:00,1,9,265,45.41,0,0,11.95,65.48,0
22-09-2025 02:00,2,9,265,37.52,0,0,9.38,57.21,0
22-09-2025 03:00,3,9,265,0,0,0,12.15,60.79,0
22-09-2025 04:00,4,9,265,42.81,0,0,11.07,67.37,0
22-09-2025 05:00,5,9,265,0,0,0,12.97,60.17,0
22-09-2025 06:00,6,9,265,7.06,0,0,18.47,55.95,0
22-09-2025 07:00,7,9,265,51.18,159.48,77.87,15.77,63.64,12.74
22-09-2025 08:00,8,9,265,42.2,341.74,197.51,15.97,57.85,27.09
22-09-2025 09:00,9,9,265,25.46,572.07,426.41,19.57,60.73,45.27
22-09-2025 10:00,10,9,265,26.18,695.99,513.79,20.45,58.62,57.91
22-09-2025 11:00,11,9,265,23.01,799.23,615.33,24.99,59.04,63.89
22-09-2025 12:00,12,9,265,13.82,896.38,772.53,28.95,61.19,72.63
22-09-2025 13:00,13,9,265,24.95,785.2,589.32,27.3,62.74,61.63
22-09-2025 14:00,14,9,265,5.43,830.77,785.68,33.06,54.2,63.57
22-09-2025 15:00,15,9,265,28.8,554.36,394.69,29.69,57.12,42.42
22-09-2025 16:00,16,9,265,33.22,375.41,250.69,33.12,48.06,27.56
22-09-2025 17:00,17,9,265,17.54,224.78,185.35,30.77,50.67,16.47
22-09-2025 18:00,18,9,265,28.94,0,0,27.86,55.5,0.25
22-09-2025 19:00,19,9,265,28.53,0,0,25.71,68.48,0
22-09-2025 20:00,20,9,265,0,0,0,21.26,64.66,0
22-09-2025 21:00,21,9,265,4.38,0,0,23.78,52.54,0
22-09-2025 22:00,22,9,265,24.57,0,0,18.84,54.84,0
22-09-2025 23:00,23,9,265,38.48,0,0,14.01,65.06,0
23-09-2025 00:00,0,9,266,40.36,0,0,15.07,56.09,0
23-09-2025 01:00,1,9,266,13.27,0,0,12.55,69.94,0
23-09-2025 02:00,2,9,266,16.74,0,0,9.33,64.52,0
23-09-2025 03:00,3,9,266,4.16,0,0,10.92,67.56,0
23-09-2025 04:00,4,9,266,50.09,0,0,8.12,63.22,0
23-09-2025 05:00,5,9,266,29.67,0,0,11.17,64.98,0
23-09-2025 06:00,6,9,266,7.83,0,0,12.69,67.09,0
23-09-2025 07:00,7,9,266,3.67,251.7,242.47,15.66,65.62,18.94
23-09-2025 08:00,8,9,266,48.33,318.76,164.7,15.2,63.59,25.75
23-09-2025 09:00,9,9,266,35.04,521.3,338.65,20.93,61.76,43.92
23-09-2025 10:00,10,9,266,13.45,778.65,673.91,21.19,56.02,62.09
23-09-2025 11:00,11,9,266,77.97,401.1,88.38,26.59,57.88,32.13
23-09-2025 12:00,12,9,266,15.58,883.18,745.61,26.65,58.31,69.95
23-09-2025 13:00,13,9,266,7.65,910.47,840.77,28.59,51.77,72.33
23-09-2025 14:00,14,9,266,29.14,676.76,479.55,32.39,52.7,50.61
23-09-2025 15:00,15,9,266,14.21,631.74,541.97,29.55,56.31,48.56
23-09-2025 16:00,16,9,266,25.63,403.88,300.35,27.95,59.89,32.22
23-09-2025 17:00,17,9,266,52.51,156.89,74.5,31.91,64.79,15.13
23-09-2025 18:00,18,9,266,26.41,0,0,27.64,56.57,0
23-09-2025 19:00,19,9,266,0,0,0,24.49,53.97,0
23-09-2025 20:00,20,9,266,51.15,0,0,22.87,63.52,0
23-09-2025 21:00,21,9,266,40.34,0,0,17.69,66.8,0
23-09-2025 22:00,22,9,266,36.11,0,0,13.99,73.39,0
23-09-2025 23:00,23,9,266,52.28,0,0,15.65,69.6,0
24-09-2025 00:00,0,9,267,29.51,0,0,11.7,63.37,0
24-09-2025 01:00,1,9,267,7.64,0,0,11.99,71.06,0
24-09-2025 02:00,2,9,267,63.33,0,0,9.52,69.8,0
24-09-2025 03:00,3,9,267,33.58,0,0,5.74,65.87,0
24-09-2025 04:00,4,9,267,15.36,0,0,11.42,68.72,0
24-09-2025 05:00,5,9,267,5.01,0,0,10.75,63.4,0
24-09-2025 06:00,6,9,267,0,0,0,13.21,65.22,0
24-09-2025 07:00,7,9,267,28.48,203.53,145.56,16,69.32,15.72
24-09-2025 08:00,8,9,267,33.86,373.02,246.7,20.54,58.92,30.81
24-09-2025 09:00,9,9,267,6.22,674.11,632.17,19.45,54.83,54.1
24-09-2025 10:00,10,9,267,12.84,782.65,682.18,20.27,69.48,61.16
24-09-2025 11:00,11,9,267,29.8,750.05,526.54,27.88,54.89,58.47
24-09-2025 12:00,12,9,267,24.84,813.71,611.59,24.79,63.97,64.83
24-09-2025 13:00,13,9,267,28.23,761.38,546.4,24.34,52.79,59.63
24-09-2025 14:00,14,9,267,34.69,640.71,418.45,27.49,53.74,51.69
24-09-2025 15:00,15,9,267,40.71,491.2,291.23,30.15,47.79,37.47
24-09-2025 16:00,16,9,267,0,500,500,29.59,51.57,38.38
24-09-2025 17:00,17,9,267,31.54,197.59,135.26,25.9,61.4,17.2
24-09-2025 18:00,18,9,267,30.9,0,0,29.44,53.48,0
24-09-2025 19:00,19,9,267,62.79,0,0,22.89,55.56,0
24-09-2025 20:00,20,9,267,28.22,0,0,20.71,48.59,0
24-09-2025 21:00,21,9,267,44.3,0,0,22.3,50.35,0
24-09-2025 22:00,22,9,267,55.37,0,0,19.71,62.43,0
24-09-2025 23:00,23,9,267,39.54,0,0,14.94,61.5,0
25-09-2025 00:00,0,9,268,32.79,0,0,14.5,69.12,0
25-09-2025 01:00,1,9,268,16.63,0,0,12.34,60.84,0
25-09-2025 02:00,2,9,268,18.65,0,0,6.01,61.91,0
25-09-2025 03:00,3,9,268,31.38,0,0,7.99,70.8,0
25-09-2025 04:00,4,9,268,0.74,0,0,11.6,56.03,0
25-09-2025 05:00,5,9,268,69.43,0,0,11.96,54.16,0
25-09-2025 06:00,6,9,268,38.28,0,0,13.8,64.13,0
25-09-2025 07:00,7,9,268,12.97,233.65,203.36,15.22,56.53,18.21
25-09-2025 08:00,8,9,268,49.73,313.51,157.6,17.42,62.36,24.77
25-09-2025 09:00,9,9,268,55.91,410.61,181.05,22.91,62.92,32.2
25-09-2025 10:00,10,9,268,32.1,657.54,446.48,21.22,58.53,53.25
25-09-2025 11:00,11,9,268,29.53,751.96,529.87,27.7,56.63,58.95
25-09-2025 12:00,12,9,268,21.62,837.83,656.67,27.8,54.89,67.01
25-09-2025 13:00,13,9,268,13.11,870.95,756.78,27.9,51.74,66.69
25-09-2025 14:00,14,9,268,50.79,536.15,263.85,29.22,54.21,41.12
25-09-2025 15:00,15,9,268,14.01,632.83,544.19,31.1,51.89,49.34
25-09-2025 16:00,16,9,268,16.67,437.49,364.56,33.17,48.5,33.74
25-09-2025 17:00,17,9,268,8.12,243.06,223.32,30.96,53.69,20.44
25-09-2025 18:00,18,9,268,34.02,0,0,26.95,50.16,0.2
25-09-2025 19:00,19,9,268,32.33,0,0,26.71,60.21,0
25-09-2025 20:00,20,9,268,22.19,0,0,22.45,67.21,0
25-09-2025 21:00,21,9,268,21.27,0,0,16.73,54.44,0
25-09-2025 22:00,22,9,268,39.64,0,0,20.39,59.2,0
25-09-2025 23:00,23,9,268,4.04,0,0,16.2,65.17,0
26-09-2025 00:00,0,9,269,14.41,0,0,12.15,69.6,0
26-09-2025 01:00,1,9,269,54.98,0,0,10.29,75.19,0
26-09-2025 02:00,2,9,269,45.29,0,0,10.75,66.61,0
26-09-2025 03:00,3,9,269,28.35,0,0,13.04,58.23,0
26-09-2025 04:00,4,9,269,42,0,0,8.21,64.38,0
26-09-2025 05:00,5,9,269,21.32,0,0,11.85,67.5,0
26-09-2025 06:00,6,9,269,11.85,0,0,12.66,53.83,0
26-09-2025 07:00,7,9,269,18.35,223.19,182.23,13.72,64.34,18.98
26-09-2025 08:00,8,9,269,6.43,475.88,445.27,17.48,60.27,38.15
26-09-2025 09:00,9,9,269,45.09,467.98,256.96,23.09,62.62,35.5
26-09-2025 10:00,10,9,269,0,866.03,866.03,20.59,63.26,67.74
26-09-2025 11:00,11,9,269,23.52,795.52,608.39,25.34,57.33,62.44
26-09-2025 12:00,12,9,269,23.31,825.14,632.76,26,55.2,65.18
26-09-2025 13:00,13,9,269,0,965.93,965.93,29.82,50.65,74.54
26-09-2025 14:00,14,9,269,49.84,542.31,272.03,29.97,61.88,43.08
26-09-2025 15:00,15,9,269,22.54,587.58,455.14,33.03,48.42,45.42
26-09-2025 16:00,16,9,269,52.5,303.14,144.01,30.46,62.16,23.09
26-09-2025 17:00,17,9,269,61.84,138.78,52.96,28.6,54.07,10.63
26-09-2025 18:00,18,9,269,7.67,0,0,28.22,55.22,0
26-09-2025 19:00,19,9,269,49.19,0,0,25.14,59.78,0
26-09-2025 20:00,20,9,269,56.9,0,0,18.64,63.87,0
26-09-2025 21:00,21,9,269,40.55,0,0,21.4,56.58,0
26-09-2025 22:00,22,9,269,7.93,0,0,18.98,60.78,0
26-09-2025 23:00,23,9,269,63.81,0,0,16.35,57.72,0
27-09-2025 00:00,0,9,270,0,0,0,14.69,71.04,0
27-09-2025 01:00,1,9,270,32.43,0,0,14.03,64.34,0
27-09-2025 02:00,2,9,270,31.57,0,0,12.06,71.87,0
27-09-2025 03:00,3,9,270,13.93,0,0,8.35,65.89,0
27-09-2025 04:00,4,9,270,46.62,0,0,11.17,66.1,0
27-09-2025 05:00,5,9,270,39.05,0,0,11.88,66.24,0
27-09-2025 06:00,6,9,270,29.74,0,0,9.92,65.55,0
27-09-2025 07:00,7,9,270,35.98,188.97,120.98,12.53,61.2,13.74
27-09-2025 08:00,8,9,270,19.55,426.7,343.29,20.78,56.27,34.65
27-09-2025 09:00,9,9,270,29.34,551.52,389.71,20.29,59.29,43.53
27-09-2025 10:00,10,9,270,3.77,841.54,809.81,22.3,53.25,66.91
27-09-2025 11:00,11,9,270,0,965.93,965.93,24.94,61.91,76.81
27-09-2025 12:00,12,9,270,24.22,818.32,620.09,28.19,57.82,62.95
27-09-2025 13:00,13,9,270,0,965.93,965.93,26.86,55.54,77.16
27-09-2025 14:00,14,9,270,54.43,512.49,233.53,28.72,57.17,39.4
27-09-2025 15:00,15,9,270,18.07,611.27,500.81,28.56,59.05,47.61
27-09-2025 16:00,16,9,270,10.72,459.81,410.54,32.15,51.73,35.1
27-09-2025 17:00,17,9,270,15.48,228.78,193.37,27.7,62.88,16.54
27-09-2025 18:00,18,9,270,15.18,0,0,27.56,60.13,0
27-09-2025 19:00,19,9,270,42.62,0,0,27.3,48.62,0
27-09-2025 20:00,20,9,270,0.06,0,0,24.1,53.82,0
27-09-2025 21:00,21,9,270,20.48,0,0,21.06,55.28,0
27-09-2025 22:00,22,9,270,56.96,0,0,20.66,63.09,0
27-09-2025 23:00,23,9,270,26.65,0,0,14.15,61.49,0
28-09-2025 00:00,0,9,271,10.49,0,0,14.34,64.35,0
28-09-2025 01:00,1,9,271,39.43,0,0,13.62,56.39,0
28-09-2025 02:00,2,9,271,73.46,0,0,13.94,69.4,0
28-09-2025 03:00,3,9,271,5,0,0,5.37,69.46,0
28-09-2025 04:00,4,9,271,0,0,0,11.79,68.25,0
28-09-2025 05:00,5,9,271,6.79,0,0,12,62.11,0
28-09-2025 06:00,6,9,271,43.57,0,0,11.63,60.33,0
28-09-2025 07:00,7,9,271,17.17,225.5,186.79,13.14,62,15.95
28-09-2025 08:00,8,9,271,48.76,317.13,162.48,13.8,63.54,25.77
28-09-2025 09:00,9,9,271,6.23,674.05,632.03,17.82,61.95,54.33
28-09-2025 10:00,10,9,271,17.1,754.98,625.91,23.17,59.07,60.22
28-09-2025 11:00,11,9,271,15.53,853.4,720.83,23.86,57.2,69.96
28-09-2025 12:00,12,9,271,37.24,720.72,452.35,25.18,61.28,59.45
28-09-2025 13:00,13,9,271,4.13,936.02,897.39,25.02,57.6,74.06
28-09-2025 14:00,14,9,271,58.72,484.61,200.03,28.82,53.98,36.38
28-09-2025 15:00,15,9,271,41.23,488.45,287.06,28.86,54.7,37.31
28-09-2025 16:00,16,9,271,17.48,434.45,358.5,30.8,47.81,31.62
28-09-2025 17:00,17,9,271,34.32,192.2,126.24,28.55,63.08,14.68
28-09-2025 18:00,18,9,271,47.59,0,0,32.04,58.74,0
28-09-2025 19:00,19,9,271,39.15,0,0,25.96,64.88,0
28-09-2025 20:00,20,9,271,24.73,0,0,18.39,52.67,0
28-09-2025 21:00,21,9,271,47.9,0,0,20.8,60.48,0
28-09-2025 22:00,22,9,271,2.2,0,0,23.09,54.39,0
28-09-2025 23:00,23,9,271,12.75,0,0,15.26,50.99,0
29-09-2025 00:00,0,9,272,27.83,0,0,13.81,54.18,0
29-09-2025 01:00,1,9,272,52.73,0,0,10.35,56.75,0
29-09-2025 02:00,2,9,272,47.38,0,0,9.4,64.97,0
29-09-2025 03:00,3,9,272,15.13,0,0,11.13,68,0
29-09-2025 04:00,4,9,272,39.16,0,0,10.26,71,0
29-09-2025 05:00,5,9,272,34.86,0,0,10.91,66.68,0
29-09-2025 06:00,6,9,272,42.71,0,0,16.78,63.88,0
29-09-2025 07:00,7,9,272,21.59,216.91,170.09,13.7,62.97,19.29
29-09-2025 08:00,8,9,272,0,500,500,15.96,49.92,38.1
29-09-2025 09:00,9,9,272,12.8,639.2,557.35,21.13,55.34,51.02
29-09-2025 10:00,10,9,272,6.17,825.93,774.96,24.32,60.65,67.21
29-09-2025 11:00,11,9,272,38.41,687.68,423.56,28.62,55.73,53.04
29-09-2025 12:00,12,9,272,0,1000,1000,25.27,59.6,79.11
29-09-2025 13:00,13,9,272,6.1,921.7,865.44,28.32,52.26,72.78
29-09-2025 14:00,14,9,272,76.53,368.97,86.61,29.56,62.56,29.03
29-09-2025 15:00,15,9,272,19.74,602.4,483.46,31.2,53.79,45.51
29-09-2025 16:00,16,9,272,37.94,357.73,222.02,30.64,53.79,26.95
29-09-2025 17:00,17,9,272,10.7,238.05,212.58,31.73,61.91,19.06
29-09-2025 18:00,18,9,272,0,0,0,24.36,54.63,0.13
29-09-2025 19:00,19,9,272,60.25,0,0,23.57,50.92,0
29-09-2025 20:00,20,9,272,25.16,0,0,24.41,54.02,0
29-09-2025 21:00,21,9,272,33.47,0,0,17.25,72.74,0
29-09-2025 22:00,22,9,272,37.46,0,0,17.24,59.55,0
29-09-2025 23:00,23,9,272,47.06,0,0,11.94,51.47,0
30-09-2025 00:00,0,9,273,0,0,0,11.15,70.61,0
30-09-2025 01:00,1,9,273,13.7,0,0,11.66,65.5,0
30-09-2025 02:00,2,9,273,43.27,0,0,8.68,69.83,0
30-09-2025 03:00,3,9,273,49.29,0,0,10.48,57.73,0
30-09-2025 04:00,4,9,273,79.11,0,0,7.87,66.74,0
30-09-2025 05:00,5,9,273,13.85,0,0,10.38,70.05,0
30-09-2025 06:00,6,9,273,42.01,0,0,12.41,72.08,0
30-09-2025 07:00,7,9,273,37.01,186.98,117.78,14.31,62.01,15.57
30-09-2025 08:00,8,9,273,19.83,425.64,341.25,18.67,61.6,33.68
30-09-2025 09:00,9,9,273,32.16,536.56,364.01,21.01,64.62,42.54
30-09-2025 10:00,10,9,273,71.67,400.51,113.47,22.29,53.46,31.26
30-09-2025 11:00,11,9,273,44.35,644.62,358.72,21.77,67.22,50.16
30-09-2025 12:00,12,9,273,0,1000,1000,29.24,64.65,79.5
30-09-2025 13:00,13,9,273,27.82,764.36,551.69,31.44,62.15,59.27
30-09-2025 14:00,14,9,273,18.07,748.66,613.38,33.38,48.77,57.64
30-09-2025 15:00,15,9,273,13.8,633.93,546.45,29.15,51.71,48.81
30-09-2025 16:00,16,9,273,29.3,390.14,275.84,27.97,59.72,31.82
30-09-2025 17:00,17,9,273,39.23,182.67,111.02,27.52,53.09,13.82
30-09-2025 18:00,18,9,273,0,0,0,26.12,47.36,1.64
30-09-2025 19:00,19,9,273,16.95,0,0,25.36,68.05,0
30-09-2025 20:00,20,9,273,43.17,0,0,23.35,54.73,0
30-09-2025 21:00,21,9,273,17.44,0,0,21.75,58.66,0
30-09-2025 22:00,22,9,273,54.56,0,0,23.91,56.74,0
30-09-2025 23:00,23,9,273,40.84,0,0,14.86,67.43,0
01-10-2025 00:00,0,10,274,19.33,0,0,15.5,57.03,0
01-10-2025 01:00,1,10,274,75.13,0,0,11.04,58.05,0
01-10-2025 02:00,2,10,274,21.45,0,0,10.64,60.2,0
01-10-2025 03:00,3,10,274,26.21,0,0,10,68.52,0
01-10-2025 04:00,4,10,274,50.32,0,0,9.4,61.6,0
01-10-2025 05:00,5,10,274,26.3,0,0,9.95,68.56,0
01-10-2025 06:00,6,10,274,27.28,0,0,11.14,60.81,0
01-10-2025 07:00,7,10,274,52.27,157.36,75.11,14.17,66.86,10.03
01-10-2025 08:00,8,10,274,9.61,463.96,419.38,16.68,57.56,36.24
01-10-2025 09:00,9,10,274,31.89,537.98,366.41,23.33,52.76,42.95
01-10-2025 10:00,10,10,274,13.67,777.24,670.99,20.9,60.46,62.71
01-10-2025 11:00,11,10,274,37.53,694.02,433.53,24.45,62.79,54.97
01-10-2025 12:00,12,10,274,54.24,593.18,271.42,24.11,66.66,48.24
01-10-2025 13:00,13,10,274,37.86,691.65,429.78,28.08,53.79,54.44
01-10-2025 14:00,14,10,274,17.97,749.32,614.67,30.02,56.47,57.31
01-10-2025 15:00,15,10,274,24.01,579.8,440.61,30.69,61.58,45.32
01-10-2025 16:00,16,10,274,27.7,396.12,286.39,31.07,56.23,31.36
01-10-2025 17:00,17,10,274,10.3,238.83,214.24,27.68,51.8,18.38
01-10-2025 18:00,18,10,274,33.3,0,0,28.21,53.4,0
01-10-2025 19:00,19,10,274,37.49,0,0,22.6,65.21,0
01-10-2025 20:00,20,10,274,34.58,0,0,23.35,64,0
01-10-2025 21:00,21,10,274,53.52,0,0,21.17,50.15,0
01-10-2025 22:00,22,10,274,39.38,0,0,18.43,51.31,0
01-10-2025 23:00,23,10,274,18.02,0,0,15.25,59.51,0
02-10-2025 00:00,0,10,275,15.1,0,0,14.77,67.15,0
02-10-2025 01:00,1,10,275,21.25,0,0,12.23,63.83,0
02-10-2025 02:00,2,10,275,0.98,0,0,9.66,62.04,0
02-10-2025 03:00,3,10,275,23.64,0,0,13.12,58.68,0
02-10-2025 04:00,4,10,275,0,0,0,11.87,63.62,0
02-10-2025 05:00,5,10,275,24.57,0,0,8.51,66.3,0
02-10-2025 06:00,6,10,275,16.13,0,0,11.9,68.15,0
02-10-2025 07:00,7,10,275,56.37,149.4,65.19,15.86,62.8,10.26
02-10-2025 08:00,8,10,275,18.1,432.13,353.92,18.35,58.13,35.73
02-10-2025 09:00,9,10,275,40.21,493.86,295.28,18.48,61.41,38.58
02-10-2025 10:00,10,10,275,5.86,827.97,779.47,23.01,62.31,65.58
02-10-2025 11:00,11,10,275,16.47,846.62,707.19,24.03,47.85,68.08
02-10-2025 12:00,12,10,275,48.07,639.45,332.05,27.01,55.72,51.27
02-10-2025 13:00,13,10,275,38.04,690.33,427.71,30.8,46.51,53.85
02-10-2025 14:00,14,10,275,36.6,628.33,398.38,32.92,54.25,49.16
02-10-2025 15:00,15,10,275,35.96,516.39,330.69,34.07,45.77,39.57
02-10-2025 16:00,16,10,275,31.7,381.14,260.33,29.51,50.97,29.52
02-10-2025 17:00,17,10,275,11.39,236.72,209.77,29.26,54.62,19.05
02-10-2025 18:00,18,10,275,63.18,0,0,27.93,50.2,0.13
02-10-2025 19:00,19,10,275,27.8,0,0,26.63,54.71,0
02-10-2025 20:00,20,10,275,46.63,0,0,23.49,54.42,0
02-10-2025 21:00,21,10,275,51.21,0,0,19.95,55.72,0
02-10-2025 22:00,22,10,275,0,0,0,22.55,64.36,0
02-10-2025 23:00,23,10,275,58.15,0,0,13.66,67.67,0
03-10-2025 00:00,0,10,276,47.03,0,0,13.45,60.62,0
03-10-2025 01:00,1,10,276,22.77,0,0,9.95,58.21,0
03-10-2025 02:00,2,10,276,0,0,0,8.56,69.98,0
03-10-2025 03:00,3,10,276,2.83,0,0,9.93,62.74,0
03-10-2025 04:00,4,10,276,75.68,0,0,10.04,64.63,0
03-10-2025 05:00,5,10,276,38.12,0,0,11,66.18,0
03-10-2025 06:00,6,10,276,37.68,0,0,12.55,54.29,0
03-10-2025 07:00,7,10,276,36.6,187.78,119.06,16.81,66.03,14.54
03-10-2025 08:00,8,10,276,34.56,370.38,242.36,14.91,62.81,30.76
03-10-2025 09:00,9,10,276,31.71,538.95,368.06,19.93,56.13,43.2
03-10-2025 10:00,10,10,276,12.38,785.63,688.38,20.91,59.87,61.45
03-10-2025 11:00,11,10,276,48.78,612.56,313.77,26.25,58.54,49.24
03-10-2025 12:00,12,10,276,47.36,644.77,339.39,28.14,53.95,51.98
03-10-2025 13:00,13,10,276,39.51,679.67,411.11,25.53,56.78,55.36
03-10-2025 14:00,14,10,276,36.58,628.46,398.59,29.59,52.9,49.16
03-10-2025 15:00,15,10,276,23.71,581.36,443.51,30.86,54.2,43.49
03-10-2025 16:00,16,10,276,24.16,409.4,310.48,28.42,58.89,31.54
03-10-2025 17:00,17,10,276,33.53,193.74,128.79,28.93,57.71,15.24
03-10-2025 18:00,18,10,276,15.91,0,0,28.15,55.35,0
03-10-2025 19:00,19,10,276,0,0,0,26.77,46.53,0
03-10-2025 20:00,20,10,276,46.6,0,0,24.01,50.82,0
03-10-2025 21:00,21,10,276,24.83,0,0,22.52,68.81,0
03-10-2025 22:00,22,10,276,57.47,0,0,18.31,59.96,0
03-10-2025 23:00,23,10,276,46.2,0,0,15.01,67.31,0
04-10-2025 00:00,0,10,277,15.94,0,0,9.51,70.88,0
04-10-2025 01:00,1,10,277,34.54,0,0,15.01,62.49,0
04-10-2025 02:00,2,10,277,68.29,0,0,6.64,50.97,0
04-10-2025 03:00,3,10,277,38.67,0,0,9.88,67.89,0
04-10-2025 04:00,4,10,277,18.18,0,0,13.3,62.66,0
04-10-2025 05:00,5,10,277,11.63,0,0,14.03,61.41,0
04-10-2025 06:00,6,10,277,34.12,0,0,11.6,60.58,0
04-10-2025 07:00,7,10,277,69.64,123.65,37.55,14.91,66.06,10.8
04-10-2025 08:00,8,10,277,48.7,317.39,162.84,18.05,65.08,25.95
04-10-2025 09:00,9,10,277,9.8,655.12,590.91,20.84,60.25,50.89
04-10-2025 10:00,10,10,277,37.6,621.81,388.02,21.36,58.17,50.33
04-10-2025 11:00,11,10,277,27.08,769.77,561.34,28.22,49.1,60.33
04-10-2025 12:00,12,10,277,38.38,712.15,438.83,28.73,52.57,56.38
04-10-2025 13:00,13,10,277,31.25,739.54,508.43,27.78,56.56,58.22
04-10-2025 14:00,14,10,277,17.51,752.31,620.59,30.96,58.74,58.32
04-10-2025 15:00,15,10,277,49.15,446.45,227.02,28.63,51.29,35.89
04-10-2025 16:00,16,10,277,2.58,490.33,477.68,30.16,54.46,37.1
04-10-2025 17:00,17,10,277,24.66,210.95,158.92,29.03,50.12,16.75
04-10-2025 18:00,18,10,277,43.48,0,0,27.77,63.21,0.34
04-10-2025 19:00,19,10,277,16.07,0,0,24.36,53.75,0
04-10-2025 20:00,20,10,277,11.9,0,0,21.16,53.96,0
04-10-2025 21:00,21,10,277,14.42,0,0,18.69,65.08,0
04-10-2025 22:00,22,10,277,46.59,0,0,18.87,61.49,0
04-10-2025 23:00,23,10,277,24.76,0,0,17.56,60.08,0
05-10-2025 00:00,0,10,278,30.8,0,0,14.09,69.55,0
05-10-2025 01:00,1,10,278,44.9,0,0,9.86,65.41,0
05-10-2025 02:00,2,10,278,55.79,0,0,10.62,74.55,0
05-10-2025 03:00,3,10,278,63.08,0,0,11.87,61.87,0
05-10-2025 04:00,4,10,278,41.71,0,0,9.56,66.43,0
05-10-2025 05:00,5,10,278,55.32,0,0,9.55,64.22,0
05-10-2025 06:00,6,10,278,57.18,0,0,15.6,65.02,0
05-10-2025 07:00,7,10,278,64.68,133.26,47.06,17.95,60.44,10.17
05-10-2025 08:00,8,10,278,63.38,262.33,96.06,13.59,69.91,19.96
05-10-2025 09:00,9,10,278,69.77,337.1,101.91,18.55,59.95,25.24
05-10-2025 10:00,10,10,278,25.02,703.49,527.46,23.2,47.86,55.2
05-10-2025 11:00,11,10,278,23.29,797.24,611.6,23.24,51.81,62.86
05-10-2025 12:00,12,10,278,57,572.47,246.14,26.45,62.08,46.09
05-10-2025 13:00,13,10,278,26.37,774.92,570.61,30.39,55.5,59.23
05-10-2025 14:00,14,10,278,16.01,762.01,639.99,29.54,58.07,58.14
05-10-2025 15:00,15,10,278,20.73,597.19,473.42,28.38,49.84,45.35
05-10-2025 16:00,16,10,278,31.43,382.15,262.05,27.93,54.46,28.43
05-10-2025 17:00,17,10,278,5.57,248.01,234.2,28.32,54.73,19.9
05-10-2025 18:00,18,10,278,39.48,0,0,26.24,61.79,0
05-10-2025 19:00,19,10,278,22.59,0,0,25.04,60.41,0
05-10-2025 20:00,20,10,278,20.05,0,0,24.46,60.11,0
05-10-2025 21:00,21,10,278,31.75,0,0,21.21,53.25,0
05-10-2025 22:00,22,10,278,7.44,0,0,19.78,56.77,0
05-10-2025 23:00,23,10,278,47.67,0,0,17.68,59.99,0
06-10-2025 00:00,0,10,279,54.17,0,0,14.96,54.41,0
06-10-2025 01:00,1,10,279,7.45,0,0,8.1,61.35,0
06-10-2025 02:00,2,10,279,28,0,0,9.18,68.88,0
06-10-2025 03:00,3,10,279,49.94,0,0,11.07,67.91,0
06-10-2025 04:00,4,10,279,27.61,0,0,14.25,58.82,0
06-10-2025 05:00,5,10,279,51.1,0,0,12.16,65.01,0
06-10-2025 06:00,6,10,279,32.19,0,0,13.51,65.26,0
06-10-2025 07:00,7,10,279,23.63,212.94,162.61,11.64,62.77,14.78
06-10-2025 08:00,8,10,279,13.22,450.42,390.88,20.17,55.75,33.86
06-10-2025 09:00,9,10,279,6.23,674.09,632.13,20.71,60.22,53.67
06-10-2025 10:00,10,10,279,0,866.03,866.03,20.21,66.96,69.76
06-10-2025 11:00,11,10,279,3.8,938.4,902.74,23.03,67.12,75.56
06-10-2025 12:00,12,10,279,37.81,716.41,445.53,28.1,49.23,56.99
06-10-2025 13:00,13,10,279,40.08,675.58,404.81,27.19,54.56,53.56
06-10-2025 14:00,14,10,279,0,866.03,866.03,28.93,49.88,66.5
06-10-2025 15:00,15,10,279,0,707.11,707.11,30.54,48.46,53.51
06-10-2025 16:00,16,10,279,14.62,445.16,380.06,30.63,56.98,33.86
06-10-2025 17:00,17,10,279,0,258.82,258.82,27.93,56.72,21.69
06-10-2025 18:00,18,10,279,15.17,0,0,26.05,63.58,0
06-10-2025 19:00,19,10,279,46.02,0,0,27.12,51.46,0
06-10-2025 20:00,20,10,279,16.87,0,0,24.27,50.16,0
06-10-2025 21:00,21,10,279,22.89,0,0,18.58,66.64,0
06-10-2025 22:00,22,10,279,47.36,0,0,16.96,61.81,0
06-10-2025 23:00,23,10,279,50.63,0,0,13.04,65.81,0
07-10-2025 00:00,0,10,280,64.99,0,0,11.51,62.54,0
07-10-2025 01:00,1,10,280,22.71,0,0,10.8,65.88,0
07-10-2025 02:00,2,10,280,64.12,0,0,10.33,59.21,0
07-10-2025 03:00,3,10,280,18.61,0,0,7.8,57.31,0
07-10-2025 04:00,4,10,280,0,0,0,12.65,62.25,0
07-10-2025 05:00,5,10,280,0,0,0,13.55,59.74,0
07-10-2025 06:00,6,10,280,49.33,0,0,13.16,64.14,0
07-10-2025 07:00,7,10,280,5.93,247.3,232.63,17.7,69.34,19.75
07-10-2025 08:00,8,10,280,0,500,500,19.83,56.37,40.81
07-10-2025 09:00,9,10,280,9.89,654.64,589.86,24.72,53.4,52.9
07-10-2025 10:00,10,10,280,37.81,620.44,385.86,16.88,66.04,48.17
07-10-2025 11:00,11,10,280,45.01,639.86,351.86,26.33,57.39,51.41
07-10-2025 12:00,12,10,280,5.98,955.18,898.1,27.24,49.74,76.23
07-10-2025 13:00,13,10,280,38.14,689.65,426.64,28.29,56.91,56.03
07-10-2025 14:00,14,10,280,27.29,688.79,500.85,27.4,51.44,54.64
07-10-2025 15:00,15,10,280,46.49,460.54,246.43,30.94,60.39,36.29
07-10-2025 16:00,16,10,280,26.43,400.88,294.92,31.04,50.91,29.46
07-10-2025 17:00,17,10,280,43.98,173.44,97.16,28.55,46.28,12.31
07-10-2025 18:00,18,10,280,21.16,0,0,29.14,54.91,0.04
07-10-2025 19:00,19,10,280,20.72,0,0,21.64,66.31,0
07-10-2025 20:00,20,10,280,22.1,0,0,25.97,58.17,0
07-10-2025 21:00,21,10,280,69.76,0,0,19.13,51.05,0
07-10-2025 22:00,22,10,280,10.13,0,0,17.39,62.08,0
07-10-2025 23:00,23,10,280,28.36,0,0,16.57,60.84,0
08-10-2025 00:00,0,10,281,33.8,0,0,11.83,62.34,0
08-10-2025 01:00,1,10,281,31.46,0,0,9.78,71.04,0
08-10-2025 02:00,2,10,281,49,0,0,13.41,61.36,0
08-10-2025 03:00,3,10,281,42.49,0,0,16.75,57.69,0
08-10-2025 04:00,4,10,281,0,0,0,8.84,64.77,0
08-10-2025 05:00,5,10,281,0,0,0,10.23,59.39,0
08-10-2025 06:00,6,10,281,53.09,0,0,10.98,70.63,0
08-10-2025 07:00,7,10,281,74.74,113.73,28.73,13.06,68.56,8.59
08-10-2025 08:00,8,10,281,41.25,345.32,202.88,15.55,66.68,26.39
08-10-2025 09:00,9,10,281,28.27,557.18,399.65,17.87,67.32,43.5
08-10-2025 10:00,10,10,281,10.38,798.63,715.76,25.78,57.55,63.19
08-10-2025 11:00,11,10,281,30.91,742.01,512.66,25.22,54.74,58.66
08-10-2025 12:00,12,10,281,31.37,764.71,524.8,28.41,62.42,57.99
08-10-2025 13:00,13,10,281,36.85,698.97,441.39,30.27,55.36,53.93
08-10-2025 14:00,14,10,281,26.09,696.58,514.86,29.24,54.19,55.39
08-10-2025 15:00,15,10,281,51.87,432.05,207.97,30,57.53,32.7
08-10-2025 16:00,16,10,281,47.71,321.1,167.91,29.85,58.94,24.96
08-10-2025 17:00,17,10,281,55.89,150.34,66.32,28.11,57.29,12.44
08-10-2025 18:00,18,10,281,40.9,0,0,31.39,53.29,0.48
08-10-2025 19:00,19,10,281,33.71,0,0,25.73,53.81,0
08-10-2025 20:00,20,10,281,49.45,0,0,22.07,57.72,0
08-10-2025 21:00,21,10,281,74.33,0,0,21.36,63.47,0
08-10-2025 22:00,22,10,281,51.17,0,0,16.92,58.81,0
08-10-2025 23:00,23,10,281,59.57,0,0,13.02,64.54,0
09-10-2025 00:00,0,10,282,44.77,0,0,12.18,67.63,0
09-10-2025 01:00,1,10,282,49.97,0,0,10.56,63.99,0
09-10-2025 02:00,2,10,282,8.58,0,0,9.82,61.41,0
09-10-2025 03:00,3,10,282,13.95,0,0,8.63,66.34,0
09-10-2025 04:00,4,10,282,7.91,0,0,7.74,70.27,0
09-10-2025 05:00,5,10,282,17.94,0,0,10.34,57.48,0
09-10-2025 06:00,6,10,282,41.58,0,0,16.23,60.07,0
09-10-2025 07:00,7,10,282,37.95,185.16,114.9,13,65.25,15.74
09-10-2025 08:00,8,10,282,22.86,414.27,319.57,16.52,59.25,33.54
09-10-2025 09:00,9,10,282,20.36,599.15,477.17,20.99,65.82,47.23
09-10-2025 10:00,10,10,282,21.84,724.18,566.03,20.52,69.75,56.75
09-10-2025 11:00,11,10,282,52.44,586.04,278.73,25.43,59.4,46.67
09-10-2025 12:00,12,10,282,69.31,480.18,147.37,30.47,48.61,38.23
09-10-2025 13:00,13,10,282,26.2,776.11,572.76,27.21,64.39,61.54
09-10-2025 14:00,14,10,282,36.48,629.09,399.61,31.01,60,49.61
09-10-2025 15:00,15,10,282,39.64,496.91,299.96,30.15,61.02,37.54
09-10-2025 16:00,16,10,282,11.67,456.24,402.99,28.44,54.82,34.67
09-10-2025 17:00,17,10,282,49.22,163.28,82.91,30.51,58.55,12.73
09-10-2025 18:00,18,10,282,37.43,0,0,24.27,65.92,0.35
09-10-2025 19:00,19,10,282,0,0,0,27.55,63.04,0
09-10-2025 20:00,20,10,282,15.63,0,0,20.24,69.75,0
09-10-2025 21:00,21,10,282,34.03,0,0,22.65,62.05,0
09-10-2025 22:00,22,10,282,48.91,0,0,15.92,52.43,0
09-10-2025 23:00,23,10,282,65.13,0,0,15.14,64.09,0
10-10-2025 00:00,0,10,283,0,0,0,17.28,64.02,0
10-10-2025 01:00,1,10,283,54.95,0,0,10.58,64.52,0
10-10-2025 02:00,2,10,283,49.91,0,0,10.67,65.12,0
10-10-2025 03:00,3,10,283,0,0,0,10.75,63.36,0
10-10-2025 04:00,4,10,283,49.73,0,0,10.05,72.43,0
10-10-2025 05:00,5,10,283,39.1,0,0,6.78,71.8,0
10-10-2025 06:00,6,10,283,34.3,0,0,10.67,63.48,0
10-10-2025 07:00,7,10,283,20.34,219.34,174.74,16.2,72.63,17.06
10-10-2025 08:00,8,10,283,36.65,362.55,229.66,13.52,61.29,29.53
10-10-2025 09:00,9,10,283,25.91,569.72,422.14,17.75,56.38,45.55
10-10-2025 10:00,10,10,283,22.5,719.88,557.89,24.62,55.7,57.2
10-10-2025 11:00,11,10,283,12.12,878.13,771.72,25.36,58.26,72.42
10-10-2025 12:00,12,10,283,0,1000,1000,26.17,60.85,78.87
10-10-2025 13:00,13,10,283,24.37,789.39,597.03,27.83,64.02,62.43
10-10-2025 14:00,14,10,283,12.35,785.84,688.82,30.62,64.93,60.59
10-10-2025 15:00,15,10,283,5.61,677.36,639.37,29.28,47,51.66
10-10-2025 16:00,16,10,283,17.04,436.11,361.81,30.75,53.46,33.07
10-10-2025 17:00,17,10,283,19.42,221.12,178.18,31.35,53.98,15.53
10-10-2025 18:00,18,10,283,24.47,0,0,27.04,67.98,0
10-10-2025 19:00,19,10,283,8.03,0,0,24.77,60.25,0
10-10-2025 20:00,20,10,283,45.78,0,0,22.36,63.23,0
10-10-2025 21:00,21,10,283,48.33,0,0,19.76,47.84,0
10-10-2025 22:00,22,10,283,37.45,0,0,21.49,59.43,0
10-10-2025 23:00,23,10,283,33.87,0,0,18.17,63.62,0
11-10-2025 00:00,0,10,284,57.03,0,0,13.14,59,0
11-10-2025 01:00,1,10,284,15.05,0,0,11.57,58.81,0
11-10-2025 02:00,2,10,284,30.48,0,0,8.48,68.47,0
11-10-2025 03:00,3,10,284,9.77,0,0,9.3,70.19,0
11-10-2025 04:00,4,10,284,37.38,0,0,8.99,63.91,0
11-10-2025 05:00,5,10,284,33.29,0,0,12.7,64.66,0
11-10-2025 06:00,6,10,284,62.35,0,0,14.98,69.42,0
11-10-2025 07:00,7,10,284,31.37,197.93,135.84,14.99,66.28,15.92
11-10-2025 08:00,8,10,284,20.27,424,338.07,18.07,54.52,33.04
11-10-2025 09:00,9,10,284,52.27,429.91,205.21,18.68,57.19,34.92
11-10-2025 10:00,10,10,284,37.74,620.9,386.57,22.76,65.65,48.86
11-10-2025 11:00,11,10,284,0,965.93,965.93,30.57,54.67,74.97
11-10-2025 12:00,12,10,284,40.59,695.54,413.19,30.45,60.32,54.9
11-10-2025 13:00,13,10,284,8.37,905.28,829.5,31.04,46.73,69.91
11-10-2025 14:00,14,10,284,24.78,705.1,530.4,29.84,57.63,54.44
11-10-2025 15:00,15,10,284,0,707.11,707.11,29.2,55.78,55.25
11-10-2025 16:00,16,10,284,9.99,462.54,416.34,28.31,62.6,36.77
11-10-2025 17:00,17,10,284,0,258.82,258.82,28.75,50.28,20.78
11-10-2025 18:00,18,10,284,14.71,0,0,25.55,55.13,0.98
11-10-2025 19:00,19,10,284,39.65,0,0,24.97,53.04,0
11-10-2025 20:00,20,10,284,49.15,0,0,23.49,53.64,0
11-10-2025 21:00,21,10,284,19.19,0,0,19.82,52.78,0
11-10-2025 22:00,22,10,284,51.94,0,0,18.94,62.26,0
11-10-2025 23:00,23,10,284,29.03,0,0,15.22,59.45,0
12-10-2025 00:00,0,10,285,54.01,0,0,16.23,67.47,0
12-10-2025 01:00,1,10,285,23.77,0,0,10.44,65.62,0
12-10-2025 02:00,2,10,285,66.24,0,0,10.09,68.85,0
12-10-2025 03:00,3,10,285,65.2,0,0,11.2,55.95,0
12-10-2025 04:00,4,10,285,31.68,0,0,5.48,58.82,0
12-10-2025 05:00,5,10,285,23.05,0,0,8.23,67.83,0
12-10-2025 06:00,6,10,285,39.59,0,0,11.81,61.56,0
12-10-2025 07:00,7,10,285,11.57,236.35,209,16.72,57.43,18.38
12-10-2025 08:00,8,10,285,19.99,425.03,340.06,14.6,58.96,34.66
12-10-2025 09:00,9,10,285,42.9,479.59,273.83,18.99,58.29,37.43
12-10-2025 10:00,10,10,285,25.84,698.17,517.75,20.54,65.22,54.33
12-10-2025 11:00,11,10,285,35.28,710.37,459.79,22.39,62.73,55.96
12-10-2025 12:00,12,10,285,4.56,965.79,921.73,25.48,57.28,78.62
12-10-2025 13:00,13,10,285,33.41,723.91,482.07,26.7,57.35,58.94
12-10-2025 14:00,14,10,285,55.62,504.79,224.04,28.99,54.98,40.4
12-10-2025 15:00,15,10,285,50.08,441.53,220.42,29.99,58.42,32.77
12-10-2025 16:00,16,10,285,18.26,431.52,352.71,27.39,71.25,32.85
12-10-2025 17:00,17,10,285,57.25,147.68,63.13,30.26,47.96,11.11
12-10-2025 18:00,18,10,285,30.55,0,0,26.04,51.89,0
12-10-2025 19:00,19,10,285,31.13,0,0,26.18,62.56,0
12-10-2025 20:00,20,10,285,31.62,0,0,22.43,59.11,0
12-10-2025 21:00,21,10,285,38.95,0,0,19.23,56,0
12-10-2025 22:00,22,10,285,0,0,0,19.15,55.8,0
12-10-2025 23:00,23,10,285,32.46,0,0,15.8,66.79,0
13-10-2025 00:00,0,10,286,69.22,0,0,14.67,64.95,0
13-10-2025 01:00,1,10,286,47.49,0,0,13.5,53.32,0
13-10-2025 02:00,2,10,286,66.35,0,0,12.32,64.62,0
13-10-2025 03:00,3,10,286,39.64,0,0,9.01,58.32,0
13-10-2025 04:00,4,10,286,2.41,0,0,9.78,65.24,0
13-10-2025 05:00,5,10,286,16.55,0,0,9.63,71.69,0
13-10-2025 06:00,6,10,286,64.94,0,0,15.51,58.15,0
13-10-2025 07:00,7,10,286,4.17,250.72,240.25,13.43,72.99,18.97
13-10-2025 08:00,8,10,286,0,500,500,16.05,61.86,40.4
13-10-2025 09:00,9,10,286,37.83,506.5,314.91,19.74,58.16,40.45
13-10-2025 10:00,10,10,286,42.72,588.55,337.12,26.39,52.18,45.4
13-10-2025 11:00,11,10,286,33.94,720.05,475.67,22.99,56.5,56.77
13-10-2025 12:00,12,10,286,2.95,977.88,949.04,27.73,47.28,76.08
13-10-2025 13:00,13,10,286,23.36,796.71,610.61,32.98,53.79,59.55
13-10-2025 14:00,14,10,286,0.57,862.33,857.43,29.55,62.16,67.91
13-10-2025 15:00,15,10,286,13.68,634.57,547.78,30.95,60.14,46.56
13-10-2025 16:00,16,10,286,42.8,339.51,194.2,30.62,47.28,24.97
13-10-2025 17:00,17,10,286,11.99,235.55,207.31,28.09,55.76,19.67
13-10-2025 18:00,18,10,286,40.26,0,0,27.74,56.7,0.47
13-10-2025 19:00,19,10,286,25.23,0,0,23.79,53.73,0
13-10-2025 20:00,20,10,286,44.27,0,0,23.59,69.73,0
13-10-2025 21:00,21,10,286,24.21,0,0,21.09,58.89,0
13-10-2025 22:00,22,10,286,0,0,0,16.43,60.38,0
13-10-2025 23:00,23,10,286,55.23,0,0,13.96,65.61,0
14-10-2025 00:00,0,10,287,29.48,0,0,10.85,63.47,0
14-10-2025 01:00,1,10,287,43.38,0,0,12.77,60.94,0
14-10-2025 02:00,2,10,287,65.9,0,0,10.17,69.05,0
14-10-2025 03:00,3,10,287,22.01,0,0,10.06,64.88,0
14-10-2025 04:00,4,10,287,1.65,0,0,8.44,59.64,0
14-10-2025 05:00,5,10,287,28.82,0,0,8.95,71.23,0
14-10-2025 06:00,6,10,287,22.81,0,0,16.82,65.31,0
14-10-2025 07:00,7,10,287,22.56,215.02,166.51,18.2,52.89,16.43
14-10-2025 08:00,8,10,287,43.93,335.28,188,20.76,60.54,25.68
14-10-2025 09:00,9,10,287,11.93,643.85,567.06,19.29,65.98,50.24
14-10-2025 10:00,10,10,287,0,866.03,866.03,24.13,55.3,70.64
14-10-2025 11:00,11,10,287,34.23,717.95,472.19,26.19,63.15,56.91
14-10-2025 12:00,12,10,287,22.34,832.48,646.53,27.01,56.38,65.53
14-10-2025 13:00,13,10,287,18.15,834.45,683.01,27.78,62.07,66.61
14-10-2025 14:00,14,10,287,17.32,753.54,623.04,30.62,42.61,57.75
14-10-2025 15:00,15,10,287,37.47,508.41,317.93,26.69,65.87,39.52
14-10-2025 16:00,16,10,287,6.29,476.41,446.45,32.1,50,36.65
14-10-2025 17:00,17,10,287,27.37,205.7,149.41,28.59,61.88,17.45
14-10-2025 18:00,18,10,287,29.09,0,0,23.7,64.24,1.77
14-10-2025 19:00,19,10,287,6.26,0,0,26.25,53.84,0
14-10-2025 20:00,20,10,287,23.84,0,0,23.8,58.17,0
14-10-2025 21:00,21,10,287,44.65,0,0,22.52,53.71,0
14-10-2025 22:00,22,10,287,37.87,0,0,22.78,61.6,0
14-10-2025 23:00,23,10,287,38.85,0,0,15.83,65.07,0
15-10-2025 00:00,0,10,288,47.32,0,0,11.75,63.2,0
15-10-2025 01:00,1,10,288,39.31,0,0,12.13,65.76,0
15-10-2025 02:00,2,10,288,51.76,0,0,9.38,67,0
15-10-2025 03:00,3,10,288,27.09,0,0,5.94,64.83,0
15-10-2025 04:00,4,10,288,36.61,0,0,12.2,61.46,0
15-10-2025 05:00,5,10,288,15.56,0,0,8.45,73.82,0
15-10-2025 06:00,6,10,288,16.73,0,0,13.19,66.2,0
15-10-2025 07:00,7,10,288,49.23,163.25,82.88,15.11,66.89,13.35
15-10-2025 08:00,8,10,288,27.64,396.36,286.81,15.62,63.08,32.26
15-10-2025 09:00,9,10,288,38.19,504.56,311.86,17.17,63.99,41.21
15-10-2025 10:00,10,10,288,30.98,664.82,458.87,26.16,58.66,51.24
15-10-2025 11:00,11,10,288,32.03,733.92,498.87,24.85,56.06,58.38
15-10-2025 12:00,12,10,288,22.53,831,643.76,27.44,56.3,68.29
15-10-2025 13:00,13,10,288,1.05,958.31,948.24,26.38,63.84,76.62
15-10-2025 14:00,14,10,288,9.89,801.81,722.54,27.59,55.02,62.59
15-10-2025 15:00,15,10,288,35.92,516.59,331,32.31,55.14,38.46
15-10-2025 16:00,16,10,288,32.45,378.32,255.57,32.09,54.71,28.54
15-10-2025 17:00,17,10,288,0,258.82,258.82,28.26,54.37,20.54
15-10-2025 18:00,18,10,288,57.65,0,0,26.79,54.72,0
15-10-2025 19:00,19,10,288,4.21,0,0,27.22,54.57,0
15-10-2025 20:00,20,10,288,13.64,0,0,26.68,50.9,0
15-10-2025 21:00,21,10,288,38.48,0,0,21.22,56.39,0
15-10-2025 22:00,22,10,288,27.53,0,0,18.04,66.47,0
15-10-2025 23:00,23,10,288,37.2,0,0,16.49,64.75,0
16-10-2025 00:00,0,10,289,29.78,0,0,10.15,66.9,0
16-10-2025 01:00,1,10,289,30.39,0,0,11.97,58.25,0
16-10-2025 02:00,2,10,289,24.56,0,0,13.06,72.66,0
16-10-2025 03:00,3,10,289,28.03,0,0,8,79.62,0
16-10-2025 04:00,4,10,289,32.97,0,0,9.12,62.56,0
16-10-2025 05:00,5,10,289,27.19,0,0,13.22,64.91,0
16-10-2025 06:00,6,10,289,56.39,0,0,12.65,63.48,0
16-10-2025 07:00,7,10,289,46.99,167.6,88.84,18.67,56.82,14.11
16-10-2025 08:00,8,10,289,14.9,444.14,377.99,17,63.41,35.98
16-10-2025 09:00,9,10,289,49.77,443.18,222.62,16.01,74.22,34.98
16-10-2025 10:00,10,10,289,41.01,599.63,353.7,23.9,54.58,46.37
16-10-2025 11:00,11,10,289,39.89,676.94,406.9,23.38,67.62,53.1
16-10-2025 12:00,12,10,289,0,1000,1000,29.55,48.66,78.21
16-10-2025 13:00,13,10,289,11.98,879.12,773.79,24.81,58,70.25
16-10-2025 14:00,14,10,289,26.05,696.81,515.28,28.86,57.98,52.98
16-10-2025 15:00,15,10,289,15.74,623.61,525.43,30.19,55.3,49.98
16-10-2025 16:00,16,10,289,29.72,388.54,273.05,26.92,56.09,29.04
16-10-2025 17:00,17,10,289,0,258.82,258.82,27.37,54.76,20.97
16-10-2025 18:00,18,10,289,45.03,0,0,30.97,44.35,0
16-10-2025 19:00,19,10,289,37.19,0,0,25.59,52,0
16-10-2025 20:00,20,10,289,1.5,0,0,22.49,56.04,0
16-10-2025 21:00,21,10,289,10.16,0,0,20.08,61.39,0
16-10-2025 22:00,22,10,289,76.18,0,0,14.09,65.12,0
16-10-2025 23:00,23,10,289,35.74,0,0,16.46,66.25,0
17-10-2025 00:00,0,10,290,48.3,0,0,12.06,61.5,0
17-10-2025 01:00,1,10,290,53.04,0,0,7.54,64.86,0
17-10-2025 02:00,2,10,290,20.64,0,0,9.16,58.47,0
17-10-2025 03:00,3,10,290,0,0,0,8.63,59.53,0
17-10-2025 04:00,4,10,290,14.12,0,0,11.66,57.08,0
17-10-2025 05:00,5,10,290,50.62,0,0,11.99,71.63,0
17-10-2025 06:00,6,10,290,42.08,0,0,11.58,57.73,0
17-10-2025 07:00,7,10,290,41.47,178.33,104.38,13.56,55.87,14.89
17-10-2025 08:00,8,10,290,20.31,423.82,337.72,18.59,63,34.04
17-10-2025 09:00,9,10,290,17.64,613.56,505.33,17.61,56.95,49.87
17-10-2025 10:00,10,10,290,18.7,744.54,605.28,22.29,55.99,59.35
17-10-2025 11:00,11,10,290,0,965.93,965.93,24.58,52.13,77.85
17-10-2025 12:00,12,10,290,62.67,530.01,197.88,28.59,64.63,40.96
17-10-2025 13:00,13,10,290,30.39,745.76,519.11,26.37,55.96,58.83
17-10-2025 14:00,14,10,290,57.53,492.35,209.09,30.14,42.25,39.41
17-10-2025 15:00,15,10,290,7.54,667.14,616.86,30.37,58.92,53.05
17-10-2025 16:00,16,10,290,36.98,361.31,227.68,26.44,51.14,28.43
17-10-2025 17:00,17,10,290,21.35,217.37,170.96,26.96,50.32,16.3
17-10-2025 18:00,18,10,290,70.24,0,0,29.34,59.11,0.24
17-10-2025 19:00,19,10,290,10.68,0,0,23.71,58.48,0
17-10-2025 20:00,20,10,290,33.47,0,0,21.53,61.35,0
17-10-2025 21:00,21,10,290,15.87,0,0,15.4,67.19,0
17-10-2025 22:00,22,10,290,56.69,0,0,16.36,72.04,0
17-10-2025 23:00,23,10,290,26.21,0,0,15.25,67.24,0
18-10-2025 00:00,0,10,291,22.55,0,0,12.21,73.09,0
18-10-2025 01:00,1,10,291,76.96,0,0,13.39,57.77,0
18-10-2025 02:00,2,10,291,29.99,0,0,10.02,70.01,0
18-10-2025 03:00,3,10,291,35.25,0,0,5.72,64.33,0
18-10-2025 04:00,4,10,291,40.28,0,0,7.37,68.02,0
18-10-2025 05:00,5,10,291,63.57,0,0,8.57,64.28,0
18-10-2025 06:00,6,10,291,32.79,0,0,13.89,56.24,0
18-10-2025 07:00,7,10,291,53.85,154.3,71.21,16.12,62.32,11.91
18-10-2025 08:00,8,10,291,62.39,266.03,100.05,19.22,64.77,21.6
18-10-2025 09:00,9,10,291,0,707.11,707.11,22.8,60.01,55.76
18-10-2025 10:00,10,10,291,11.92,788.62,694.63,20.46,57.56,63.02
18-10-2025 11:00,11,10,291,43.22,652.81,370.66,27.18,60.37,52.33
18-10-2025 12:00,12,10,291,23.11,826.64,635.57,26.81,55.68,66
18-10-2025 13:00,13,10,291,19.81,822.38,659.43,29.67,58.2,62.59
18-10-2025 14:00,14,10,291,42.31,591.24,341.11,28.46,59.18,46.76
18-10-2025 15:00,15,10,291,51.34,434.85,211.61,29.27,50.87,35.32
18-10-2025 16:00,16,10,291,58.76,279.63,115.31,27.92,64.86,21.96
18-10-2025 17:00,17,10,291,20.01,219.97,175.96,27.4,62.31,16.91
18-10-2025 18:00,18,10,291,20.96,0,0,24.49,60.2,0.25
18-10-2025 19:00,19,10,291,44.15,0,0,27.08,49.21,0
18-10-2025 20:00,20,10,291,48.08,0,0,20.42,60.06,0
18-10-2025 21:00,21,10,291,54.84,0,0,21.81,59.99,0
18-10-2025 22:00,22,10,291,67.82,0,0,17.83,67.24,0
18-10-2025 23:00,23,10,291,48.41,0,0,14.73,59.61,0
19-10-2025 00:00,0,10,292,52.52,0,0,10.19,72.91,0
19-10-2025 01:00,1,10,292,37.59,0,0,12.8,68.17,0
19-10-2025 02:00,2,10,292,6.73,0,0,10.35,57.58,0
19-10-2025 03:00,3,10,292,21.27,0,0,7.15,67.62,0
19-10-2025 04:00,4,10,292,24.21,0,0,11.77,59.98,0
19-10-2025 05:00,5,10,292,4.12,0,0,11.84,64.27,0
19-10-2025 06:00,6,10,292,30.04,0,0,12.1,72.94,0
19-10-2025 07:00,7,10,292,7.61,244.06,225.5,13.88,65.41,19.79
19-10-2025 08:00,8,10,292,45.71,328.6,178.41,15.13,59.49,26.59
19-10-2025 09:00,9,10,292,41.14,488.94,287.8,23.3,54.6,41.41
19-10-2025 10:00,10,10,292,11.55,791,699.63,25.36,60.12,63.39
19-10-2025 11:00,11,10,292,25.39,782.01,583.49,20.96,51.98,62.48
19-10-2025 12:00,12,10,292,4,970.03,931.27,30.25,62.38,73.31
19-10-2025 13:00,13,10,292,8.61,903.56,825.77,30.86,56.77,68.49
19-10-2025 14:00,14,10,292,41.43,596.92,349.61,27.75,50.34,48.14
19-10-2025 15:00,15,10,292,8.92,659.82,600.99,28.74,56.16,51.68
19-10-2025 16:00,16,10,292,36.02,364.93,233.49,27.7,52.56,28.56
19-10-2025 17:00,17,10,292,56.37,149.39,65.17,30.79,61.8,10.81
19-10-2025 18:00,18,10,292,29.25,0,0,26.27,57.01,0
19-10-2025 19:00,19,10,292,8.1,0,0,23.46,56.18,0
19-10-2025 20:00,20,10,292,20.62,0,0,20.27,50.76,0
19-10-2025 21:00,21,10,292,22.12,0,0,21.49,58.36,0
19-10-2025 22:00,22,10,292,76.93,0,0,18.71,66.2,0
19-10-2025 23:00,23,10,292,17.59,0,0,13.62,63.05,0
20-10-2025 00:00,0,10,293,36.41,0,0,14.92,63.67,0
20-10-2025 01:00,1,10,293,24.44,0,0,11.42,61.85,0
20-10-2025 02:00,2,10,293,39.87,0,0,12.12,61.67,0
20-10-2025 03:00,3,10,293,29.38,0,0,11.15,68.7,0
20-10-2025 04:00,4,10,293,0,0,0,11.09,63.61,0
20-10-2025 05:00,5,10,293,2.78,0,0,9.39,67.57,0
20-10-2025 06:00,6,10,293,36.76,0,0,15.13,53.46,0
20-10-2025 07:00,7,10,293,37.43,186.15,116.47,13.11,60.39,13.74
20-10-2025 08:00,8,10,293,49.51,314.35,158.72,15.22,58.29,25.17
20-10-2025 09:00,9,10,293,14.35,631.02,540.5,18.55,56.93,50.35
20-10-2025 10:00,10,10,293,5.94,827.46,778.32,22.36,65.86,66.69
20-10-2025 11:00,11,10,293,24.53,788.21,594.85,20.68,63.41,62.66
20-10-2025 12:00,12,10,293,38.26,713.03,440.21,30.03,54.18,56.59
20-10-2025 13:00,13,10,293,27.69,765.34,553.43,27.12,58.8,60.9
20-10-2025 14:00,14,10,293,29.99,671.21,469.89,29,56.1,52.67
20-10-2025 15:00,15,10,293,40.84,490.54,290.22,30.08,55.49,38.69
20-10-2025 16:00,16,10,293,33.62,373.91,248.19,31.45,47.88,28.31
20-10-2025 17:00,17,10,293,24.29,211.66,160.24,25.78,58.23,17.04
20-10-2025 18:00,18,10,293,36.87,0,0,25.13,61.03,0
20-10-2025 19:00,19,10,293,14.62,0,0,24.92,58.02,0
20-10-2025 20:00,20,10,293,42.77,0,0,23.38,59.99,0
20-10-2025 21:00,21,10,293,49.6,0,0,17.97,59.49,0
20-10-2025 22:00,22,10,293,36.31,0,0,16.23,67.1,0
20-10-2025 23:00,23,10,293,19.2,0,0,15.84,71.6,0
21-10-2025 00:00,0,10,294,48.68,0,0,11.3,67.12,0
21-10-2025 01:00,1,10,294,9.88,0,0,9.45,63.73,0
21-10-2025 02:00,2,10,294,61.51,0,0,8.46,64.34,0
21-10-2025 03:00,3,10,294,13.89,0,0,11.58,68.82,0
21-10-2025 04:00,4,10,294,30.82,0,0,9.68,66.64,0
21-10-2025 05:00,5,10,294,70.77,0,0,10.55,65.17,0
21-10-2025 06:00,6,10,294,0,0,0,15.4,61.54,0
21-10-2025 07:00,7,10,294,35.81,189.31,121.51,15.96,65.87,14.44
21-10-2025 08:00,8,10,294,42.76,339.65,194.41,16.61,62.14,27.69
21-10-2025 09:00,9,10,294,17.84,612.52,503.27,16.95,66.52,47.91
21-10-2025 10:00,10,10,294,41.73,594.95,346.65,23.75,53.54,48.58
21-10-2025 11:00,11,10,294,23.4,796.41,610.06,23.11,61.79,63.71
21-10-2025 12:00,12,10,294,23.89,820.85,624.77,24.8,60.05,65.34
21-10-2025 13:00,13,10,294,21.4,810.93,637.42,28.52,59.12,63.67
21-10-2025 14:00,14,10,294,0,866.03,866.03,33.07,60.21,67.33
21-10-2025 15:00,15,10,294,14.09,632.36,543.24,30.44,50.53,49.78
21-10-2025 16:00,16,10,294,23.17,413.12,317.4,28.59,59.69,33.88
21-10-2025 17:00,17,10,294,27.12,206.18,150.28,26.62,58.99,16.08
21-10-2025 18:00,18,10,294,30.01,0,0,25.19,56.65,0.96
21-10-2025 19:00,19,10,294,1.44,0,0,27.3,55.6,0
21-10-2025 20:00,20,10,294,79.04,0,0,20.63,63.36,0
21-10-2025 21:00,21,10,294,17.27,0,0,19.92,61.09,0
21-10-2025 22:00,22,10,294,46,0,0,18.21,67.32,0
21-10-2025 23:00,23,10,294,41.05,0,0,13.99,65.56,0
22-10-2025 00:00,0,10,295,0,0,0,10.07,59.03,0
22-10-2025 01:00,1,10,295,60.23,0,0,8.18,65.9,0
22-10-2025 02:00,2,10,295,19.13,0,0,6.91,64.94,0
22-10-2025 03:00,3,10,295,49.19,0,0,9.43,59.29,0
22-10-2025 04:00,4,10,295,30.29,0,0,13.98,66.37,0
22-10-2025 05:00,5,10,295,2.88,0,0,13.14,65.98,0
22-10-2025 06:00,6,10,295,62.99,0,0,12.39,61.5,0
22-10-2025 07:00,7,10,295,52.22,157.46,75.24,15.82,60.07,14.51
22-10-2025 08:00,8,10,295,32.6,377.75,254.6,19.71,56.74,31.42
22-10-2025 09:00,9,10,295,27.86,559.33,403.48,20.48,64.49,43.1
22-10-2025 10:00,10,10,295,11.52,791.21,700.07,23.5,57.68,62.81
22-10-2025 11:00,11,10,295,24.86,785.84,590.48,23.81,60.09,64.03
22-10-2025 12:00,12,10,295,23.38,824.65,631.85,25.95,59.06,64.12
22-10-2025 13:00,13,10,295,57.12,552.13,236.75,28.05,55.89,43.91
22-10-2025 14:00,14,10,295,54.48,512.18,233.16,28.98,49.9,40.27
22-10-2025 15:00,15,10,295,40.88,490.32,289.88,31.72,55.79,37.17
22-10-2025 16:00,16,10,295,0.75,497.17,493.42,31.21,54.99,37.24
22-10-2025 17:00,17,10,295,1.18,256.53,253.5,26.96,55.57,21.28
22-10-2025 18:00,18,10,295,0,0,0,29.67,55.19,0.08
22-10-2025 19:00,19,10,295,28.46,0,0,25.53,71.57,0
22-10-2025 20:00,20,10,295,59.14,0,0,19.01,57.05,0
22-10-2025 21:00,21,10,295,45.71,0,0,22.62,59.91,0
22-10-2025 22:00,22,10,295,52.68,0,0,16.09,62.56,0
22-10-2025 23:00,23,10,295,63.72,0,0,16.29,53.95,0
23-10-2025 00:00,0,10,296,31.25,0,0,12.4,65.47,0
23-10-2025 01:00,1,10,296,33.46,0,0,13.61,63.69,0
23-10-2025 02:00,2,10,296,50.54,0,0,11.22,71.03,0
23-10-2025 03:00,3,10,296,20.26,0,0,13.53,58.78,0
23-10-2025 04:00,4,10,296,41.48,0,0,13.03,58.93,0
23-10-2025 05:00,5,10,296,65.47,0,0,14.33,66.37,0
23-10-2025 06:00,6,10,296,18.17,0,0,13.04,75.89,0
23-10-2025 07:00,7,10,296,45.82,169.88,92.04,13.61,67.19,14.16
23-10-2025 08:00,8,10,296,45.62,328.93,178.88,13.91,67.14,28.03
23-10-2025 09:00,9,10,296,10.55,651.15,582.44,19.08,66.06,53.1
23-10-2025 10:00,10,10,296,2.21,851.68,832.87,21.56,54.8,66.57
23-10-2025 11:00,11,10,296,60.48,527.81,208.61,25.39,56.13,39.15
23-10-2025 12:00,12,10,296,43.02,677.32,385.91,28.64,53.21,50.99
23-10-2025 13:00,13,10,296,33.63,722.29,479.38,29.53,56.22,56.41
23-10-2025 14:00,14,10,296,19.02,742.48,601.26,30.55,60.66,58.57
23-10-2025 15:00,15,10,296,13.28,636.69,552.16,29.37,54.34,49.61
23-10-2025 16:00,16,10,296,23.91,410.33,312.22,27.33,65.22,30.95
23-10-2025 17:00,17,10,296,30.08,200.42,140.13,30.79,52.33,15.91
23-10-2025 18:00,18,10,296,29.3,0,0,28.89,59.96,0.48
23-10-2025 19:00,19,10,296,59.41,0,0,20.79,60.43,0
23-10-2025 20:00,20,10,296,5.91,0,0,21.78,53.55,0
23-10-2025 21:00,21,10,296,51.82,0,0,23.16,59.12,0
23-10-2025 22:00,22,10,296,23.55,0,0,16.59,65.39,0
23-10-2025 23:00,23,10,296,21.39,0,0,14.72,66.31,0
24-10-2025 00:00,0,10,297,14.04,0,0,11.04,64.23,0
24-10-2025 01:00,1,10,297,50.12,0,0,12.94,57.5,0
24-10-2025 02:00,2,10,297,23.2,0,0,10.92,66.45,0
24-10-2025 03:00,3,10,297,1.18,0,0,10.62,67.91,0
24-10-2025 04:00,4,10,297,53.78,0,0,11.39,59.32,0
24-10-2025 05:00,5,10,297,76.81,0,0,13,63.97,0
24-10-2025 06:00,6,10,297,42.7,0,0,9.81,62.87,0
24-10-2025 07:00,7,10,297,32.71,195.31,131.42,13.37,69.97,15.89
24-10-2025 08:00,8,10,297,23.01,413.71,318.51,22.02,62.62,33.27
24-10-2025 09:00,9,10,297,32.94,532.44,357.08,23.81,57.27,41.61
24-10-2025 10:00,10,10,297,10.56,797.47,713.29,22.99,52.22,64.88
24-10-2025 11:00,11,10,297,34.54,715.7,468.49,25.23,67.35,54.97
24-10-2025 12:00,12,10,297,33.13,751.49,502.49,28.94,58.75,58.61
24-10-2025 13:00,13,10,297,37.86,691.68,429.83,29.51,63.52,53.74
24-10-2025 14:00,14,10,297,35.33,636.56,411.68,30.83,59.88,48.79
24-10-2025 15:00,15,10,297,27.59,560.77,406.03,36.63,45.05,43.73
24-10-2025 16:00,16,10,297,12.49,453.18,396.59,24.92,56.48,36.67
24-10-2025 17:00,17,10,297,15.71,228.32,192.44,26.85,63.26,18.09
24-10-2025 18:00,18,10,297,32.27,0,0,27.95,49.79,1.28
24-10-2025 19:00,19,10,297,40.67,0,0,22.14,63.28,0
24-10-2025 20:00,20,10,297,53.54,0,0,25.98,57.25,0
24-10-2025 21:00,21,10,297,63.53,0,0,18.25,54.43,0
24-10-2025 22:00,22,10,297,14.38,0,0,15.33,64.04,0
24-10-2025 23:00,23,10,297,16.71,0,0,12.96,59.39,0
25-10-2025 00:00,0,10,298,47.82,0,0,11.03,59.11,0
25-10-2025 01:00,1,10,298,0.27,0,0,11.5,66.13,0
25-10-2025 02:00,2,10,298,0,0,0,12.29,68.86,0
25-10-2025 03:00,3,10,298,40.14,0,0,6.88,69.13,0
25-10-2025 04:00,4,10,298,56.75,0,0,12.93,72.27,0
25-10-2025 05:00,5,10,298,0,0,0,13.76,56.81,0
25-10-2025 06:00,6,10,298,30.44,0,0,11.81,57.18,0
25-10-2025 07:00,7,10,298,77.32,108.74,24.66,12.42,55.89,9.04
25-10-2025 08:00,8,10,298,19.61,426.46,342.82,18.37,65.88,33.97
25-10-2025 09:00,9,10,298,28.62,555.33,396.39,19.38,54.92,44.1
25-10-2025 10:00,10,10,298,19.9,736.74,590.1,21.54,61.32,58.58
25-10-2025 11:00,11,10,298,49.73,605.68,304.5,25.71,65.3,47.57
25-10-2025 12:00,12,10,298,28.27,787.97,565.2,22.72,60.6,62.55
25-10-2025 13:00,13,10,298,2.81,945.57,918.99,25.7,52.1,75.39
25-10-2025 14:00,14,10,298,0,866.03,866.03,30.5,64.41,68.79
25-10-2025 15:00,15,10,298,21.36,593.81,466.95,27.29,57.24,46.32
25-10-2025 16:00,16,10,298,66.55,250.43,83.77,27.04,53.58,20.18
25-10-2025 17:00,17,10,298,9.25,240.87,218.6,28.72,50.46,17.58
25-10-2025 18:00,18,10,298,32.29,0,0,28.82,65.77,0
25-10-2025 19:00,19,10,298,2.58,0,0,27.02,48.45,0
25-10-2025 20:00,20,10,298,52.15,0,0,22.78,61.4,0
25-10-2025 21:00,21,10,298,20.84,0,0,19.28,55.32,0
25-10-2025 22:00,22,10,298,43.71,0,0,16.13,62.01,0
25-10-2025 23:00,23,10,298,0,0,0,16.39,62.75,0
26-10-2025 00:00,0,10,299,14.09,0,0,15.89,58.82,0
26-10-2025 01:00,1,10,299,37.85,0,0,9.93,58.96,0
26-10-2025 02:00,2,10,299,27.6,0,0,12.23,61.38,0
26-10-2025 03:00,3,10,299,25.57,0,0,11.01,63.37,0
26-10-2025 04:00,4,10,299,36.45,0,0,8.49,56.19,0
26-10-2025 05:00,5,10,299,34.92,0,0,11.63,60.13,0
26-10-2025 06:00,6,10,299,20.92,0,0,15.41,65.1,0
26-10-2025 07:00,7,10,299,89.97,84.18,8.45,17.53,65.53,8.52
26-10-2025 08:00,8,10,299,7.52,471.78,436.28,19.92,65.44,37.19
26-10-2025 09:00,9,10,299,29.9,548.56,384.55,20.09,58.77,42.48
26-10-2025 10:00,10,10,299,22.53,719.69,557.55,23.31,66.35,56.49
26-10-2025 11:00,11,10,299,13.19,870.37,755.57,27.11,57.27,67.58
26-10-2025 12:00,12,10,299,29.93,775.51,543.39,27.05,59.81,61.96
26-10-2025 13:00,13,10,299,43.89,647.97,363.58,29.77,62.9,50.46
26-10-2025 14:00,14,10,299,45,573.74,315.55,28.25,55.52,45.81
26-10-2025 15:00,15,10,299,23.1,584.6,449.56,30.12,62.41,46.65
26-10-2025 16:00,16,10,299,0,500,500,30.98,59.46,38.35
26-10-2025 17:00,17,10,299,5.09,248.95,236.29,24.14,62.91,21.21
26-10-2025 18:00,18,10,299,38.72,0,0,28.45,58.59,0
26-10-2025 19:00,19,10,299,28.55,0,0,28.48,51.53,0
26-10-2025 20:00,20,10,299,21.12,0,0,25.55,56.5,0
26-10-2025 21:00,21,10,299,50.99,0,0,20.03,71.93,0
26-10-2025 22:00,22,10,299,40.62,0,0,18.61,60.31,0
26-10-2025 23:00,23,10,299,47.21,0,0,15.17,66.61,0
27-10-2025 00:00,0,10,300,23.75,0,0,15.12,68.34,0
27-10-2025 01:00,1,10,300,3.93,0,0,7.1,70.67,0
27-10-2025 02:00,2,10,300,6.83,0,0,9.63,61.6,0
27-10-2025 03:00,3,10,300,0,0,0,10.46,62.59,0
27-10-2025 04:00,4,10,300,22.21,0,0,7.28,66.56,0
27-10-2025 05:00,5,10,300,50.34,0,0,12.03,64.78,0
27-10-2025 06:00,6,10,300,49.41,0,0,10.61,59.92,0
27-10-2025 07:00,7,10,300,55.02,152.01,68.37,16.22,68.25,13
27-10-2025 08:00,8,10,300,11.44,457.1,404.81,15.49,65.11,37.71
27-10-2025 09:00,9,10,300,0,707.11,707.11,19.77,60.62,57.08
27-10-2025 10:00,10,10,300,38.39,616.68,379.94,22.85,57.16,48.86
27-10-2025 11:00,11,10,300,31.88,734.97,500.66,27.78,53.67,57.86
27-10-2025 12:00,12,10,300,27.09,796.82,580.96,25.11,66.24,62.8
27-10-2025 13:00,13,10,300,30.63,744.02,516.11,31.12,50.56,58.43
27-10-2025 14:00,14,10,300,44.35,577.94,321.6,33.53,55.93,43.18
27-10-2025 15:00,15,10,300,7.43,667.69,618.07,31.61,59.45,50.61
27-10-2025 16:00,16,10,300,35.26,367.76,238.07,30.85,45.48,29.79
27-10-2025 17:00,17,10,300,59.67,142.99,57.66,30.14,56.05,13.05
27-10-2025 18:00,18,10,300,78.16,0,0,27.9,55.83,0.38
27-10-2025 19:00,19,10,300,16.86,0,0,26.05,62.21,0
27-10-2025 20:00,20,10,300,5.42,0,0,18.68,62.74,0
27-10-2025 21:00,21,10,300,45.92,0,0,20.26,66.05,0
27-10-2025 22:00,22,10,300,46.41,0,0,16.24,52.83,0
27-10-2025 23:00,23,10,300,8.19,0,0,14.85,66.68,0
28-10-2025 00:00,0,10,301,20.01,0,0,14.85,59.39,0
28-10-2025 01:00,1,10,301,42.84,0,0,12.07,64.48,0
28-10-2025 02:00,2,10,301,33.61,0,0,11.18,59.72,0
28-10-2025 03:00,3,10,301,54.09,0,0,8.94,63.95,0
28-10-2025 04:00,4,10,301,46.99,0,0,8.58,58.53,0
28-10-2025 05:00,5,10,301,47.71,0,0,10.28,55.65,0
28-10-2025 06:00,6,10,301,57.03,0,0,13.42,61.73,0
28-10-2025 07:00,7,10,301,79.25,104.99,21.79,14.55,69.45,8.42
28-10-2025 08:00,8,10,301,4.11,484.57,464.64,16.86,63.9,38.18
28-10-2025 09:00,9,10,301,73.25,318.62,85.22,22.25,61.79,26.4
28-10-2025 10:00,10,10,301,21.24,728.04,573.37,21.52,60.71,58.65
28-10-2025 11:00,11,10,301,31.44,738.14,506.04,25.42,58.75,56.86
28-10-2025 12:00,12,10,301,0,1000,1000,26.95,61.12,78.67
28-10-2025 13:00,13,10,301,38.86,684.39,418.41,29.53,52.65,53.02
28-10-2025 14:00,14,10,301,24.47,707.1,534.08,29.4,50.56,54.06
28-10-2025 15:00,15,10,301,1.36,699.9,690.39,28.67,54.67,55.52
28-10-2025 16:00,16,10,301,13.28,450.19,390.39,31.64,61.25,36.63
28-10-2025 17:00,17,10,301,20.51,219,174.08,30.73,62.01,18.76
28-10-2025 18:00,18,10,301,7.5,0,0,27.54,55.03,2.38
28-10-2025 19:00,19,10,301,34.2,0,0,23.73,54.78,0
28-10-2025 20:00,20,10,301,29.64,0,0,23.52,50.47,0
28-10-2025 21:00,21,10,301,41.13,0,0,18.43,68.49,0
28-10-2025 22:00,22,10,301,17.7,0,0,12.96,61.88,0
28-10-2025 23:00,23,10,301,27.96,0,0,13.26,61.57,0
29-10-2025 00:00,0,10,302,19.59,0,0,11.63,58.56,0
29-10-2025 01:00,1,10,302,52.39,0,0,7.44,67.52,0
29-10-2025 02:00,2,10,302,23.81,0,0,10.62,63.4,0
29-10-2025 03:00,3,10,302,20.17,0,0,9.29,64.52,0
29-10-2025 04:00,4,10,302,31.92,0,0,11.75,65.39,0
29-10-2025 05:00,5,10,302,40.24,0,0,13.5,63.59,0
29-10-2025 06:00,6,10,302,21.3,0,0,16.11,67.29,0
29-10-2025 07:00,7,10,302,23.3,213.59,163.82,16.2,50.04,17.38
29-10-2025 08:00,8,10,302,35.5,366.88,236.64,15.72,60.9,30.27
29-10-2025 09:00,9,10,302,0,707.11,707.11,20.62,54.89,55.17
29-10-2025 10:00,10,10,302,42.46,590.23,339.61,25.71,51.45,46.08
29-10-2025 11:00,11,10,302,15.1,856.53,727.2,23.43,53.17,68.81
29-10-2025 12:00,12,10,302,39.3,705.28,428.13,27.72,44.61,56.22
29-10-2025 13:00,13,10,302,0,965.93,965.93,27.9,63.82,75.11
29-10-2025 14:00,14,10,302,58.99,482.89,198.05,31.98,51.38,38.15
29-10-2025 15:00,15,10,302,52.79,427.15,201.66,29.74,55.81,34.07
29-10-2025 16:00,16,10,302,0,500,500,26.01,50.71,40.5
29-10-2025 17:00,17,10,302,14.53,230.62,197.12,29.81,52.85,17.66
29-10-2025 18:00,18,10,302,0,0,0,29.15,54.57,0.63
29-10-2025 19:00,19,10,302,40.21,0,0,24.81,64.26,0
29-10-2025 20:00,20,10,302,25.1,0,0,21.73,62.97,0
29-10-2025 21:00,21,10,302,11.82,0,0,19.98,65.17,0
29-10-2025 22:00,22,10,302,9.99,0,0,19.65,66.07,0
29-10-2025 23:00,23,10,302,25.8,0,0,12.95,67.57,0
30-10-2025 00:00,0,10,303,32.42,0,0,14.7,66.73,0
30-10-2025 01:00,1,10,303,46.42,0,0,9.77,59.81,0
30-10-2025 02:00,2,10,303,19.53,0,0,9.27,65.34,0
30-10-2025 03:00,3,10,303,0,0,0,6.82,65.41,0
30-10-2025 04:00,4,10,303,17.03,0,0,7.89,63.74,0
30-10-2025 05:00,5,10,303,42.36,0,0,11.32,65.17,0
30-10-2025 06:00,6,10,303,31.25,0,0,10.66,57.66,0
30-10-2025 07:00,7,10,303,69.73,123.45,37.36,13.57,61.59,8.96
30-10-2025 08:00,8,10,303,37.33,360.02,225.63,20.63,59.17,28.95
30-10-2025 09:00,9,10,303,0,707.11,707.11,22.07,59.16,57.5
30-10-2025 10:00,10,10,303,3.93,840.49,807.45,23.88,51.74,66.91
30-10-2025 11:00,11,10,303,47.53,621.62,326.18,26.53,52.97,49.79
30-10-2025 12:00,12,10,303,34.05,744.6,491.04,26.95,52.54,58.81
30-10-2025 13:00,13,10,303,0,965.93,965.93,30.83,48.71,74.6
30-10-2025 14:00,14,10,303,3.96,840.28,806.98,28.93,53.52,66.17
30-10-2025 15:00,15,10,303,16.93,617.33,512.83,32.44,51.28,46.39
30-10-2025 16:00,16,10,303,0,500,500,29.05,60.31,40.63
30-10-2025 17:00,17,10,303,31.09,198.46,136.76,27.01,52.18,15.02
30-10-2025 18:00,18,10,303,65.14,0,0,26.57,56.48,2.18
30-10-2025 19:00,19,10,303,49.85,0,0,25.95,60.55,0
30-10-2025 20:00,20,10,303,0,0,0,22.84,53,0
30-10-2025 21:00,21,10,303,16.37,0,0,16.34,48.08,0
30-10-2025 22:00,22,10,303,19.16,0,0,15.22,65.07,0
30-10-2025 23:00,23,10,303,31.79,0,0,14.57,58.1,0
31-10-2025 00:00,0,10,304,14.16,0,0,12.6,57.25,0
31-10-2025 01:00,1,10,304,54.68,0,0,7.61,64.38,0
31-10-2025 02:00,2,10,304,9.79,0,0,10.02,62.1,0
31-10-2025 03:00,3,10,304,0,0,0,9.11,58.78,0
31-10-2025 04:00,4,10,304,27.39,0,0,9.34,63.79,0
31-10-2025 05:00,5,10,304,50.23,0,0,10.91,65.33,0
31-10-2025 06:00,6,10,304,89.96,0,0,15.96,65.82,0
31-10-2025 07:00,7,10,304,63.02,136.49,50.47,11.5,75.24,9.7
31-10-2025 08:00,8,10,304,21.32,420.07,330.53,18.08,66.04,32.48
31-10-2025 09:00,9,10,304,4.17,684.98,656.39,17.89,53.07,56.16
31-10-2025 10:00,10,10,304,32.19,656.92,445.44,20.51,59.86,52.56
31-10-2025 11:00,11,10,304,20.22,819.41,653.69,21.02,51.62,64.97
31-10-2025 12:00,12,10,304,28.5,786.22,562.11,25.84,57.11,61.2
31-10-2025 13:00,13,10,304,21.02,813.61,642.55,30.89,55.37,62.09
31-10-2025 14:00,14,10,304,43.7,582.18,327.76,32.86,57.28,45.58
31-10-2025 15:00,15,10,304,12.95,638.42,555.73,30.11,51.52,50.42
31-10-2025 16:00,16,10,304,13.64,448.85,387.63,30.83,54.08,36.15
31-10-2025 17:00,17,10,304,40.06,181.06,108.53,27.78,48.85,13.39
31-10-2025 18:00,18,10,304,9.16,0,0,26.68,61.78,1.09
31-10-2025 19:00,19,10,304,57.49,0,0,24.65,52.35,0
31-10-2025 20:00,20,10,304,66.2,0,0,22.57,60.65,0
31-10-2025 21:00,21,10,304,30.93,0,0,21.39,51.48,0
31-10-2025 22:00,22,10,304,18.97,0,0,14.33,62.9,0
31-10-2025 23:00,23,10,304,29.01,0,0,14.99,67.81,0
01-11-2025 00:00,0,11,305,48.86,0,0,10.02,66.03,0
01-11-2025 01:00,1,11,305,43.41,0,0,12.89,61.54,0
01-11-2025 02:00,2,11,305,46.04,0,0,9.95,65.58,0
01-11-2025 03:00,3,11,305,11.72,0,0,11.12,71.79,0
01-11-2025 04:00,4,11,305,29.86,0,0,8.98,68.8,0
01-11-2025 05:00,5,11,305,18.94,0,0,8.12,66.8,0
01-11-2025 06:00,6,11,305,30.74,0,0,14.32,61.93,0
01-11-2025 07:00,7,11,305,46.22,169.09,90.93,15.11,59.71,12.42
01-11-2025 08:00,8,11,305,40.35,348.67,207.97,19.91,63.63,28.69
01-11-2025 09:00,9,11,305,22.65,587.01,454.08,19.42,69.2,46.62
01-11-2025 10:00,10,11,305,34.75,640.3,417.78,22.42,50.94,51.62
01-11-2025 11:00,11,11,305,38.69,685.65,420.38,20.87,56.28,54.02
01-11-2025 12:00,12,11,305,47.01,647.39,343.02,22.61,54.9,51.83
01-11-2025 13:00,13,11,305,55.57,563.35,250.3,30.3,48.67,44.06
01-11-2025 14:00,14,11,305,9.85,802.07,723.1,28.06,58.27,64.85
01-11-2025 15:00,15,11,305,31.99,537.46,365.53,32.67,53.36,41.38
01-11-2025 16:00,16,11,305,12.08,454.72,399.81,29.04,56.86,35.26
01-11-2025 17:00,17,11,305,16.02,227.71,191.22,30.75,45.89,17.61
01-11-2025 18:00,18,11,305,0,0,0,26.41,59.73,0.4
01-11-2025 19:00,19,11,305,19.34,0,0,25.14,61.75,0
01-11-2025 20:00,20,11,305,30.15,0,0,22.44,60.69,0
01-11-2025 21:00,21,11,305,23.52,0,0,16.67,68.96,0
01-11-2025 22:00,22,11,305,30.98,0,0,20.54,71.08,0
01-11-2025 23:00,23,11,305,24.22,0,0,17.29,59.79,0
02-11-2025 00:00,0,11,306,24.21,0,0,12.47,65.77,0
02-11-2025 01:00,1,11,306,48.75,0,0,10.28,57.15,0
02-11-2025 02:00,2,11,306,36.28,0,0,12.14,68.11,0
02-11-2025 03:00,3,11,306,44.09,0,0,12.06,70.04,0
02-11-2025 04:00,4,11,306,33.36,0,0,10.04,67.52,0
02-11-2025 05:00,5,11,306,62.3,0,0,9.85,71.21,0
02-11-2025 06:00,6,11,306,37.19,0,0,9.33,68.35,0
02-11-2025 07:00,7,11,306,16.28,227.22,190.24,13.63,66.51,18.91
02-11-2025 08:00,8,11,306,37.31,360.08,225.72,17.82,55.18,30.46
02-11-2025 09:00,9,11,306,43.88,474.42,266.26,18.11,57.16,38.24
02-11-2025 10:00,10,11,306,22.92,717.17,552.82,19.99,58.26,58.06
02-11-2025 11:00,11,11,306,34.58,715.39,467.99,21.75,57.46,57.66
02-11-2025 12:00,12,11,306,0,1000,1000,30,57.39,76.19
02-11-2025 13:00,13,11,306,37.58,693.68,433,30.39,64.05,52.88
02-11-2025 14:00,14,11,306,40.78,601.14,355.99,30.86,59.13,48.78
02-11-2025 15:00,15,11,306,0,707.11,707.11,26.66,48.94,56.66
02-11-2025 16:00,16,11,306,35.58,366.58,236.16,31.98,54.44,28.89
02-11-2025 17:00,17,11,306,42.55,176.22,101.24,31.79,63,14.19
02-11-2025 18:00,18,11,306,0,0,0,27.57,49.73,0
02-11-2025 19:00,19,11,306,4.16,0,0,25.36,56.25,0
02-11-2025 20:00,20,11,306,60.94,0,0,21.65,52.45,0
02-11-2025 21:00,21,11,306,35.96,0,0,17.23,65.99,0
02-11-2025 22:00,22,11,306,28.97,0,0,16.98,62.9,0
02-11-2025 23:00,23,11,306,36.2,0,0,13.48,63.22,0
03-11-2025 00:00,0,11,307,16.47,0,0,13.32,59.87,0
03-11-2025 01:00,1,11,307,28.65,0,0,12.56,63.83,0
03-11-2025 02:00,2,11,307,0,0,0,9.93,74.34,0
03-11-2025 03:00,3,11,307,15.1,0,0,5.91,69.97,0
03-11-2025 04:00,4,11,307,28.6,0,0,8.3,68.95,0
03-11-2025 05:00,5,11,307,0,0,0,12.17,58.42,0
03-11-2025 06:00,6,11,307,52.59,0,0,15.48,67.1,0
03-11-2025 07:00,7,11,307,70.95,121.09,35.17,16.16,60.54,9.85
03-11-2025 08:00,8,11,307,20.04,424.84,339.68,18.38,59.39,32.39
03-11-2025 09:00,9,11,307,47,457.87,242.68,15.44,63.66,34.79
03-11-2025 10:00,10,11,307,37.36,623.36,390.47,24.09,51.08,48.49
03-11-2025 11:00,11,11,307,35.23,710.73,460.37,25.71,57.11,56.09
03-11-2025 12:00,12,11,307,48.86,633.58,324.03,28.63,56.7,49.69
03-11-2025 13:00,13,11,307,37.06,697.47,439,26.91,54.15,54.44
03-11-2025 14:00,14,11,307,52.75,523.41,247.32,29.31,50.82,41.56
03-11-2025 15:00,15,11,307,31.56,539.71,369.36,30.4,56.35,42.97
03-11-2025 16:00,16,11,307,36.41,363.46,231.12,31.02,59.03,28.33
03-11-2025 17:00,17,11,307,31.75,197.18,134.57,29.09,52.19,16.47
03-11-2025 18:00,18,11,307,9.54,0,0,29.87,54.45,0
03-11-2025 19:00,19,11,307,13.26,0,0,23.97,55.38,0
03-11-2025 20:00,20,11,307,22.78,0,0,21.36,46.23,0
03-11-2025 21:00,21,11,307,39.66,0,0,20.73,57.79,0
03-11-2025 22:00,22,11,307,4.45,0,0,15.59,62.38,0
03-11-2025 23:00,23,11,307,0.74,0,0,17.16,63.13,0
04-11-2025 00:00,0,11,308,9.96,0,0,10.39,64.72,0
04-11-2025 01:00,1,11,308,15.65,0,0,10.64,66.28,0
04-11-2025 02:00,2,11,308,15.46,0,0,9.94,67.87,0
04-11-2025 03:00,3,11,308,3.77,0,0,9.57,61.54,0
04-11-2025 04:00,4,11,308,75.54,0,0,13.03,63.68,0
04-11-2025 05:00,5,11,308,35.61,0,0,11.07,56.87,0
04-11-2025 06:00,6,11,308,21.16,0,0,9.49,67.28,0
04-11-2025 07:00,7,11,308,38.7,183.7,112.61,17.01,60.33,16.59
04-11-2025 08:00,8,11,308,8.97,466.37,424.55,12.4,65.33,36.61
04-11-2025 09:00,9,11,308,24.79,575.63,432.92,20.94,52.87,46.57
04-11-2025 10:00,10,11,308,49.82,542.46,272.22,22.45,57.47,45.22
04-11-2025 11:00,11,11,308,47.86,619.24,322.9,24.95,61.21,47.89
04-11-2025 12:00,12,11,308,28.73,784.55,559.18,31.65,54.7,61.33
04-11-2025 13:00,13,11,308,36.07,704.61,450.45,32.07,59.51,55.38
04-11-2025 14:00,14,11,308,26.16,696.12,514.03,28.36,48.97,54.27
04-11-2025 15:00,15,11,308,12.77,639.4,557.77,27.82,54.37,50.76
04-11-2025 16:00,16,11,308,13.35,449.95,389.89,28.09,60.2,33.57
04-11-2025 17:00,17,11,308,18.93,222.07,180.02,28.73,65.16,18.09
04-11-2025 18:00,18,11,308,27.17,0,0,30.28,60.81,0.49
04-11-2025 19:00,19,11,308,18.67,0,0,22.12,64.32,0
04-11-2025 20:00,20,11,308,0,0,0,23.93,58.18,0
04-11-2025 21:00,21,11,308,23.17,0,0,19.75,57.92,0
04-11-2025 22:00,22,11,308,39.67,0,0,17.72,59.23,0
04-11-2025 23:00,23,11,308,34.27,0,0,16.06,60.2,0
05-11-2025 00:00,0,11,309,0,0,0,11.71,75.1,0
05-11-2025 01:00,1,11,309,10.7,0,0,12.74,62.32,0
05-11-2025 02:00,2,11,309,57.11,0,0,10.34,65.86,0
05-11-2025 03:00,3,11,309,37.35,0,0,10.09,65.53,0
05-11-2025 04:00,4,11,309,41.9,0,0,5.4,63.95,0
05-11-2025 05:00,5,11,309,46.3,0,0,10.54,62.84,0
05-11-2025 06:00,6,11,309,28.49,0,0,12.4,61.73,0
05-11-2025 07:00,7,11,309,45.25,170.98,93.61,13.87,59.57,13.71
05-11-2025 08:00,8,11,309,22.65,415.05,321.03,18.22,65.96,33.48
05-11-2025 09:00,9,11,309,40.36,493.07,294.07,19.84,61.26,40.6
05-11-2025 10:00,10,11,309,0,866.03,866.03,21.86,61.68,67.78
05-11-2025 11:00,11,11,309,48.23,616.5,319.13,24.79,52.48,49.6
05-11-2025 12:00,12,11,309,40.4,696.97,415.37,29.08,51.89,54.56
05-11-2025 13:00,13,11,309,36.89,698.69,440.96,24.72,49.62,55.79
05-11-2025 14:00,14,11,309,23.58,712.88,544.79,29.25,48.09,55.49
05-11-2025 15:00,15,11,309,18.49,609.07,496.48,28.48,53.37,48.21
05-11-2025 16:00,16,11,309,15.32,442.55,374.75,29.42,53.29,34.43
05-11-2025 17:00,17,11,309,28.48,203.53,145.57,28.93,48.06,15.29
05-11-2025 18:00,18,11,309,12.25,0,0,26.84,54.44,0
05-11-2025 19:00,19,11,309,63.26,0,0,28.44,56.64,0
05-11-2025 20:00,20,11,309,29.74,0,0,24.23,58.49,0
05-11-2025 21:00,21,11,309,7.15,0,0,16.87,56.18,0
05-11-2025 22:00,22,11,309,22.79,0,0,16.3,60.52,0
05-11-2025 23:00,23,11,309,51.98,0,0,17.23,64.01,0
06-11-2025 00:00,0,11,310,65.82,0,0,9.16,62.67,0
06-11-2025 01:00,1,11,310,54.5,0,0,11.95,62.37,0
06-11-2025 02:00,2,11,310,11.51,0,0,9.91,71.35,0
06-11-2025 03:00,3,11,310,34.94,0,0,7.7,65.86,0
06-11-2025 04:00,4,11,310,14.06,0,0,9.8,70.45,0
06-11-2025 05:00,5,11,310,36.13,0,0,14.38,60.46,0
06-11-2025 06:00,6,11,310,18.8,0,0,14,63.82,0
06-11-2025 07:00,7,11,310,16.32,227.13,190.06,14.95,61.66,17.61
06-11-2025 08:00,8,11,310,52.31,303.82,144.88,15.84,55.09,24.12
06-11-2025 09:00,9,11,310,22.22,589.25,458.29,23.88,59.74,47.38
06-11-2025 10:00,10,11,310,15.85,763.09,642.16,18.66,51.45,60.27
06-11-2025 11:00,11,11,310,40.24,674.39,403,23.95,58.26,54.76
06-11-2025 12:00,12,11,310,14.2,893.49,766.6,29.32,53.25,70.71
06-11-2025 13:00,13,11,310,15.12,856.37,726.87,23.47,62.63,68.51
06-11-2025 14:00,14,11,310,25.13,702.83,526.24,29.4,56.92,54.3
06-11-2025 15:00,15,11,310,46.82,458.8,243.98,32.88,52.76,36.55
06-11-2025 16:00,16,11,310,25.03,406.14,304.49,30.52,51.24,29.49
06-11-2025 17:00,17,11,310,56.25,149.63,65.47,28.13,53.63,11.38
06-11-2025 18:00,18,11,310,18.55,0,0,26.97,61.68,0
06-11-2025 19:00,19,11,310,45.13,0,0,25.19,62.35,0
06-11-2025 20:00,20,11,310,27.83,0,0,17.78,65.73,0
06-11-2025 21:00,21,11,310,12.1,0,0,22.03,60.5,0
06-11-2025 22:00,22,11,310,52.99,0,0,20.18,54.82,0
06-11-2025 23:00,23,11,310,0,0,0,15.54,58.58,0
07-11-2025 00:00,0,11,311,2.48,0,0,13.24,69.27,0
07-11-2025 01:00,1,11,311,29.23,0,0,8.44,65.06,0
07-11-2025 02:00,2,11,311,13.09,0,0,12.46,59.8,0
07-11-2025 03:00,3,11,311,13.61,0,0,8.88,60.68,0
07-11-2025 04:00,4,11,311,52.14,0,0,9.55,65.18,0
07-11-2025 05:00,5,11,311,20,0,0,8.51,63.68,0
07-11-2025 06:00,6,11,311,33.02,0,0,15.46,71.97,0
07-11-2025 07:00,7,11,311,45.03,171.42,94.23,14.23,69.43,14.13
07-11-2025 08:00,8,11,311,0,500,500,17.64,62.91,40.37
07-11-2025 09:00,9,11,311,15.95,622.53,523.25,15.6,65.79,51.22
07-11-2025 10:00,10,11,311,20.03,735.96,588.58,22.75,59.94,59.32
07-11-2025 11:00,11,11,311,11.14,885.21,786.58,23.44,61.73,70.61
07-11-2025 12:00,12,11,311,50.47,621.48,307.82,25.16,57.59,49.68
07-11-2025 13:00,13,11,311,77.5,404.51,91.03,25.55,54.07,32.2
07-11-2025 14:00,14,11,311,30.64,667,462.62,30.77,48.68,51.12
07-11-2025 15:00,15,11,311,33.93,527.17,348.31,30.09,54.19,40.11
07-11-2025 16:00,16,11,311,34.68,369.93,241.62,29.38,51.72,27.66
07-11-2025 17:00,17,11,311,24.68,210.9,158.84,27.29,55.39,17.84
07-11-2025 18:00,18,11,311,37.44,0,0,29.07,52.57,0
07-11-2025 19:00,19,11,311,18.04,0,0,21.75,54.95,0
07-11-2025 20:00,20,11,311,0,0,0,21.05,62.74,0
07-11-2025 21:00,21,11,311,45.18,0,0,18.21,57.16,0
07-11-2025 22:00,22,11,311,37.25,0,0,13.99,57.8,0
07-11-2025 23:00,23,11,311,5.35,0,0,16.6,65.04,0
08-11-2025 00:00,0,11,312,25.58,0,0,15.44,68.66,0
08-11-2025 01:00,1,11,312,38.72,0,0,11.83,62.42,0
08-11-2025 02:00,2,11,312,67.49,0,0,12.4,68.52,0
08-11-2025 03:00,3,11,312,32.92,0,0,11.01,66.92,0
08-11-2025 04:00,4,11,312,46.52,0,0,9.72,63.92,0
08-11-2025 05:00,5,11,312,44.35,0,0,8.41,71.22,0
08-11-2025 06:00,6,11,312,39.89,0,0,11.7,65.39,0
08-11-2025 07:00,7,11,312,26.63,207.13,151.98,13.23,70.61,17.36
08-11-2025 08:00,8,11,312,35.26,367.76,238.07,16.78,54.52,29.16
08-11-2025 09:00,9,11,312,14.05,632.62,543.77,17.75,56.57,51.13
08-11-2025 10:00,10,11,312,13.92,775.64,667.7,22.86,61.43,62.6
08-11-2025 11:00,11,11,312,16.67,845.13,704.21,26.61,62.45,66.51
08-11-2025 12:00,12,11,312,25.02,812.38,609.16,28.02,52.6,63.63
08-11-2025 13:00,13,11,312,49.98,603.83,302.02,25.59,59.57,48.96
08-11-2025 14:00,14,11,312,32.84,652.71,438.35,33.26,52.6,50.32
08-11-2025 15:00,15,11,312,69.71,337.41,102.2,30.48,59.42,24.93
08-11-2025 16:00,16,11,312,50.15,311.95,155.52,30.34,58.41,25.25
08-11-2025 17:00,17,11,312,2,254.94,249.86,28.49,61.57,21.19
08-11-2025 18:00,18,11,312,58.41,0,0,26.52,52.63,0.23
08-11-2025 19:00,19,11,312,26.91,0,0,25.86,68.19,0
08-11-2025 20:00,20,11,312,0,0,0,21.52,53.22,0
08-11-2025 21:00,21,11,312,25.5,0,0,20.75,58.96,0
08-11-2025 22:00,22,11,312,55.49,0,0,15.25,61.27,0
08-11-2025 23:00,23,11,312,0.08,0,0,16,69.04,0
09-11-2025 00:00,0,11,313,13.33,0,0,13.16,68.15,0
09-11-2025 01:00,1,11,313,5.44,0,0,12.36,67.01,0
09-11-2025 02:00,2,11,313,53.74,0,0,9.06,66.01,0
09-11-2025 03:00,3,11,313,3.53,0,0,9.57,64.69,0
09-11-2025 04:00,4,11,313,20.72,0,0,14.13,69.33,0
09-11-2025 05:00,5,11,313,40.02,0,0,8.64,66.99,0
09-11-2025 06:00,6,11,313,37.53,0,0,12.19,60.89,0
09-11-2025 07:00,7,11,313,28.25,203.97,146.34,14.28,63.35,17.18
09-11-2025 08:00,8,11,313,51.61,306.47,148.3,14.19,64.3,24.15
09-11-2025 09:00,9,11,313,18.87,607.04,492.5,22.15,61.71,48.24
09-11-2025 10:00,10,11,313,40.48,603.11,358.99,25.45,61.26,48.08
09-11-2025 11:00,11,11,313,0.2,964.51,962.62,24.68,67.76,76.69
09-11-2025 12:00,12,11,313,7.12,946.61,879.22,30.49,51.56,74.28
09-11-2025 13:00,13,11,313,48.52,614.41,316.29,28.11,61.24,48.16
09-11-2025 14:00,14,11,313,37.97,619.38,384.17,31.64,52.67,47.31
09-11-2025 15:00,15,11,313,41.51,486.97,284.83,28.34,53.16,39.38
09-11-2025 16:00,16,11,313,19.57,426.61,343.13,29.02,59.93,32.47
09-11-2025 17:00,17,11,313,43.44,174.5,98.7,29.69,60.5,15.23
09-11-2025 18:00,18,11,313,51.25,0,0,26.06,53.12,0
09-11-2025 19:00,19,11,313,46.63,0,0,27.92,63.33,0
09-11-2025 20:00,20,11,313,10.99,0,0,23.3,54.67,0
09-11-2025 21:00,21,11,313,24.16,0,0,24.72,47.8,0
09-11-2025 22:00,22,11,313,51.22,0,0,18.41,61.53,0
09-11-2025 23:00,23,11,313,41.1,0,0,13.6,61.91,0
10-11-2025 00:00,0,11,314,52.53,0,0,10.36,62.23,0
10-11-2025 01:00,1,11,314,56.21,0,0,13.51,59.18,0
10-11-2025 02:00,2,11,314,45.39,0,0,12.96,55.13,0
10-11-2025 03:00,3,11,314,0,0,0,10.83,70.23,0
10-11-2025 04:00,4,11,314,12.4,0,0,12.38,67.95,0
10-11-2025 05:00,5,11,314,0,0,0,14.17,56.72,0
10-11-2025 06:00,6,11,314,56.67,0,0,12.68,64.58,0
10-11-2025 07:00,7,11,314,29.99,200.61,140.45,14.21,55.88,15.26
10-11-2025 08:00,8,11,314,32.77,377.11,253.52,16.94,70.03,29.23
10-11-2025 09:00,9,11,314,14.46,630.4,539.23,21.42,57.98,51.08
10-11-2025 10:00,10,11,314,43.07,586.29,333.79,24.68,63.06,45.81
10-11-2025 11:00,11,11,314,10.58,889.27,795.17,24.45,51.9,70.24
10-11-2025 12:00,12,11,314,43.21,675.96,383.91,28.3,66.97,52.24
10-11-2025 13:00,13,11,314,42.74,656.28,375.77,27.91,51.4,50.83
10-11-2025 14:00,14,11,314,0,866.03,866.03,27.38,46.78,68.85
10-11-2025 15:00,15,11,314,44.78,469.62,259.32,32.44,45.97,34.85
10-11-2025 16:00,16,11,314,31.89,380.4,259.07,30.1,48.66,32.43
10-11-2025 17:00,17,11,314,12.2,235.14,206.45,28.7,56.76,18.64
10-11-2025 18:00,18,11,314,57.71,0,0,28.6,45.03,0.64
10-11-2025 19:00,19,11,314,22.28,0,0,26.29,62.27,0
10-11-2025 20:00,20,11,314,16.38,0,0,21.86,57.99,0
10-11-2025 21:00,21,11,314,48.64,0,0,19.81,61.73,0
10-11-2025 22:00,22,11,314,0,0,0,14.64,61.25,0
10-11-2025 23:00,23,11,314,44.11,0,0,13.75,61.17,0
11-11-2025 00:00,0,11,315,21.17,0,0,9.97,62.44,0
11-11-2025 01:00,1,11,315,46.29,0,0,17.41,55.9,0
11-11-2025 02:00,2,11,315,12.49,0,0,7.85,64.73,0
11-11-2025 03:00,3,11,315,71.39,0,0,9.11,65.63,0
11-11-2025 04:00,4,11,315,15.29,0,0,8.57,68.94,0
11-11-2025 05:00,5,11,315,47.04,0,0,10.71,60.26,0
11-11-2025 06:00,6,11,315,39.89,0,0,12.22,63.29,0
11-11-2025 07:00,7,11,315,55.57,150.95,67.06,16.19,61.88,11.65
11-11-2025 08:00,8,11,315,18.76,429.66,349.07,15.67,63.98,33.44
11-11-2025 09:00,9,11,315,38.51,502.88,309.23,21.8,59.83,41.07
11-11-2025 10:00,10,11,315,61.11,469.09,182.42,24.44,58.3,38.02
11-11-2025 11:00,11,11,315,0,965.93,965.93,29.11,54.33,76.45
11-11-2025 12:00,12,11,315,53.44,599.22,279.01,28.74,61.31,47.25
11-11-2025 13:00,13,11,315,25.08,784.25,587.58,29.93,55.36,59.83
11-11-2025 14:00,14,11,315,0,866.03,866.03,30.29,54.5,67.84
11-11-2025 15:00,15,11,315,57.13,404.15,173.27,29.39,60.11,31.92
11-11-2025 16:00,16,11,315,20.6,422.76,335.68,31.58,51.65,32.29
11-11-2025 17:00,17,11,315,0,258.82,258.82,29.67,58.42,20.34
11-11-2025 18:00,18,11,315,51.21,0,0,29.26,54.55,1.39
11-11-2025 19:00,19,11,315,7.89,0,0,24.31,55.42,0
11-11-2025 20:00,20,11,315,29.79,0,0,22.1,62.54,0
11-11-2025 21:00,21,11,315,38.54,0,0,24.98,46.37,0
11-11-2025 22:00,22,11,315,34.38,0,0,19.89,56.3,0
11-11-2025 23:00,23,11,315,42.57,0,0,19.22,60.27,0
12-11-2025 00:00,0,11,316,23.9,0,0,10.59,60.19,0
12-11-2025 01:00,1,11,316,53.72,0,0,12.6,66.83,0
12-11-2025 02:00,2,11,316,30.48,0,0,7.65,63.54,0
12-11-2025 03:00,3,11,316,24.69,0,0,10.86,68.3,0
12-11-2025 04:00,4,11,316,31.74,0,0,12.18,68.05,0
12-11-2025 05:00,5,11,316,15.13,0,0,12.99,58.1,0
12-11-2025 06:00,6,11,316,17.32,0,0,12.43,68.47,0
12-11-2025 07:00,7,11,316,25.8,208.74,154.88,18.81,67.12,14.62
12-11-2025 08:00,8,11,316,53.75,298.45,138.04,19.66,60.84,24.07
12-11-2025 09:00,9,11,316,4.24,684.64,655.63,19.29,67.07,54.36
12-11-2025 10:00,10,11,316,41.63,595.66,347.71,23.47,57.49,48.28
12-11-2025 11:00,11,11,316,67.98,473.46,151.61,24.89,58.31,39.55
12-11-2025 12:00,12,11,316,1.16,991.26,979.72,29.2,55.77,77.64
12-11-2025 13:00,13,11,316,14.39,861.65,737.63,27.59,49.46,68.46
12-11-2025 14:00,14,11,316,36.25,630.56,401.97,34.96,55.58,47.22
12-11-2025 15:00,15,11,316,20.17,600.14,479.09,25.66,58.66,48.19
12-11-2025 16:00,16,11,316,37.83,358.14,222.66,28.58,68.17,26.75
12-11-2025 17:00,17,11,316,55.96,150.19,66.14,26.05,65.68,12.17
12-11-2025 18:00,18,11,316,49.93,0,0,26.4,59.01,1.3
12-11-2025 19:00,19,11,316,19.65,0,0,26,53.83,0
12-11-2025 20:00,20,11,316,2.1,0,0,19.49,63.16,0
12-11-2025 21:00,21,11,316,21.18,0,0,17.88,66.34,0
12-11-2025 22:00,22,11,316,22.89,0,0,19.83,54.38,0
12-11-2025 23:00,23,11,316,33.09,0,0,14.98,61.6,0
13-11-2025 00:00,0,11,317,63.11,0,0,11.32,59.8,0
13-11-2025 01:00,1,11,317,20.5,0,0,11.1,57.72,0
13-11-2025 02:00,2,11,317,26.85,0,0,13.25,62.37,0
13-11-2025 03:00,3,11,317,37.71,0,0,10.98,74.27,0
13-11-2025 04:00,4,11,317,24.82,0,0,8.73,64.92,0
13-11-2025 05:00,5,11,317,32.58,0,0,7.29,60.45,0
13-11-2025 06:00,6,11,317,29.3,0,0,10.04,69.04,0
13-11-2025 07:00,7,11,317,0,258.82,258.82,14.94,61.02,20.45
13-11-2025 08:00,8,11,317,26.38,401.08,295.28,18.96,58.62,32.09
13-11-2025 09:00,9,11,317,43.42,476.86,269.83,19.66,58.39,37.55
13-11-2025 10:00,10,11,317,23.52,713.24,545.47,20.77,60.12,56.43
13-11-2025 11:00,11,11,317,60.56,527.17,207.89,24.35,66.99,41.81
13-11-2025 12:00,12,11,317,18.9,858.27,696.08,26.06,53.8,67.65
13-11-2025 13:00,13,11,317,50.62,599.19,295.86,31.5,55.89,47.7
13-11-2025 14:00,14,11,317,39.9,606.85,364.71,28.23,56.21,49.06
13-11-2025 15:00,15,11,317,49.63,443.91,223.61,29.35,63.23,35.46
13-11-2025 16:00,16,11,317,43.15,338.19,192.26,31.37,56.9,26.1
13-11-2025 17:00,17,11,317,31.9,196.89,134.08,27.47,52.79,15.63
13-11-2025 18:00,18,11,317,11.35,0,0,31.45,61.5,0.33
13-11-2025 19:00,19,11,317,60.66,0,0,24.88,58.44,0
13-11-2025 20:00,20,11,317,29.13,0,0,20.46,53.44,0
13-11-2025 21:00,21,11,317,21.33,0,0,17.54,60.21,0
13-11-2025 22:00,22,11,317,37.46,0,0,17.71,66.79,0
13-11-2025 23:00,23,11,317,15.15,0,0,14.4,67.51,0
14-11-2025 00:00,0,11,318,21.95,0,0,11.36,59.7,0
14-11-2025 01:00,1,11,318,47.38,0,0,11.9,60.38,0
14-11-2025 02:00,2,11,318,39.77,0,0,7.27,66.43,0
14-11-2025 03:00,3,11,318,18.65,0,0,12.98,65.08,0
14-11-2025 04:00,4,11,318,18.41,0,0,9.7,66.7,0
14-11-2025 05:00,5,11,318,46.96,0,0,13.52,67.12,0
14-11-2025 06:00,6,11,318,26.04,0,0,11.75,66.35,0
14-11-2025 07:00,7,11,318,7.93,243.43,224.14,17.61,59.37,19.49
14-11-2025 08:00,8,11,318,41.47,344.5,201.64,14.2,57.42,27.62
14-11-2025 09:00,9,11,318,45.53,465.67,253.67,16.5,53.24,36.68
14-11-2025 10:00,10,11,318,41.59,595.92,348.1,25.16,50.96,49.55
14-11-2025 11:00,11,11,318,53.3,579.82,270.8,24.17,55.4,47.26
14-11-2025 12:00,12,11,318,2.93,978,949.3,28.27,53.03,78.45
14-11-2025 13:00,13,11,318,57.14,552,236.6,29.11,60.73,43.3
14-11-2025 14:00,14,11,318,20.04,735.84,588.35,28.34,56.99,58.37
14-11-2025 15:00,15,11,318,30.91,543.16,375.25,31.44,54.86,41.84
14-11-2025 16:00,16,11,318,64.78,257.08,90.55,29.26,50.15,19.48
14-11-2025 17:00,17,11,318,38.31,184.45,113.79,32.4,51.75,13.17
14-11-2025 18:00,18,11,318,12.07,0,0,27.96,45.64,1.26
14-11-2025 19:00,19,11,318,24.51,0,0,25.9,58.64,0
14-11-2025 20:00,20,11,318,65.14,0,0,24.01,58.64,0
14-11-2025 21:00,21,11,318,15.67,0,0,20.35,52.79,0
14-11-2025 22:00,22,11,318,38.9,0,0,17.45,58.97,0
14-11-2025 23:00,23,11,318,27.31,0,0,16.53,68.53,0
15-11-2025 00:00,0,11,319,0,0,0,15.34,66.59,0
15-11-2025 01:00,1,11,319,39.75,0,0,10.02,66.26,0
15-11-2025 02:00,2,11,319,5.33,0,0,15.46,64.42,0
15-11-2025 03:00,3,11,319,8.7,0,0,11.55,66.01,0
15-11-2025 04:00,4,11,319,3.94,0,0,7.32,69.67,0
15-11-2025 05:00,5,11,319,32.31,0,0,8.95,73.59,0
15-11-2025 06:00,6,11,319,68.2,0,0,13.79,59.11,0
15-11-2025 07:00,7,11,319,49.92,161.92,81.09,15.81,59.65,12.71
15-11-2025 08:00,8,11,319,6.64,475.11,443.58,17,59.15,38.3
15-11-2025 09:00,9,11,319,46.04,462.96,249.83,19.51,66.09,37.37
15-11-2025 10:00,10,11,319,29.33,675.5,477.35,22.76,64.28,53.43
15-11-2025 11:00,11,11,319,31.59,737.07,504.22,27.84,63.78,57.33
15-11-2025 12:00,12,11,319,44.75,664.38,367.07,29.84,52.69,53.26
15-11-2025 13:00,13,11,319,63.02,509.42,188.41,32.24,59.63,41.04
15-11-2025 14:00,14,11,319,36.13,631.34,403.22,28.17,50.61,50.18
15-11-2025 15:00,15,11,319,32.01,537.36,365.36,29.19,54.76,42.92
15-11-2025 16:00,16,11,319,37.82,358.17,222.7,28.63,50.1,26.85
15-11-2025 17:00,17,11,319,7.97,243.36,223.97,27.57,57.01,19.13
15-11-2025 18:00,18,11,319,84.94,0,0,22.57,56.36,0
15-11-2025 19:00,19,11,319,25.18,0,0,23.57,57.87,0
15-11-2025 20:00,20,11,319,11.67,0,0,22.57,52.9,0
15-11-2025 21:00,21,11,319,50.11,0,0,17.58,56.29,0
15-11-2025 22:00,22,11,319,18.6,0,0,17.45,58.35,0
15-11-2025 23:00,23,11,319,28.63,0,0,14.95,60.89,0
16-11-2025 00:00,0,11,320,21.92,0,0,17.28,58.17,0
16-11-2025 01:00,1,11,320,45.45,0,0,10.53,58.67,0
16-11-2025 02:00,2,11,320,50.86,0,0,14.22,56.67,0
16-11-2025 03:00,3,11,320,7.7,0,0,12.78,68.9,0
16-11-2025 04:00,4,11,320,84.01,0,0,12.7,73.61,0
16-11-2025 05:00,5,11,320,12.56,0,0,10.31,70.1,0
16-11-2025 06:00,6,11,320,28.72,0,0,12.04,59.73,0
16-11-2025 07:00,7,11,320,71.32,120.38,34.53,14.53,61.35,10.13
16-11-2025 08:00,8,11,320,30.53,385.5,267.8,18.68,52.82,30.7
16-11-2025 09:00,9,11,320,24.23,578.62,438.43,20.99,56.89,46.9
16-11-2025 10:00,10,11,320,13.51,778.28,673.14,24.21,48.95,61.79
16-11-2025 11:00,11,11,320,4.6,932.57,889.64,25.02,54.89,73.53
16-11-2025 12:00,12,11,320,55.69,582.3,258,29.51,49.64,45.37
16-11-2025 13:00,13,11,320,7.85,909.08,837.74,27.71,55.87,71.5
16-11-2025 14:00,14,11,320,8.78,808.99,737.96,32.31,52.64,63.03
16-11-2025 15:00,15,11,320,62.72,374.51,139.63,29.7,55,31.51
16-11-2025 16:00,16,11,320,21.94,417.71,326.05,31.23,58.85,32.58
16-11-2025 17:00,17,11,320,19.1,221.75,179.41,25.3,58.72,18.36
16-11-2025 18:00,18,11,320,52.48,0,0,25.07,60.15,0
16-11-2025 19:00,19,11,320,10.34,0,0,24.48,58.13,0
16-11-2025 20:00,20,11,320,8.14,0,0,22.37,58.22,0
16-11-2025 21:00,21,11,320,14.64,0,0,21.39,64.9,0
16-11-2025 22:00,22,11,320,58.71,0,0,15.1,69.41,0
16-11-2025 23:00,23,11,320,31.7,0,0,13.48,60.88,0
17-11-2025 00:00,0,11,321,44.56,0,0,13.78,53.11,0
17-11-2025 01:00,1,11,321,51.71,0,0,13.23,65.52,0
17-11-2025 02:00,2,11,321,47.33,0,0,10.61,58.86,0
17-11-2025 03:00,3,11,321,45.71,0,0,9.06,60.77,0
17-11-2025 04:00,4,11,321,28.55,0,0,8.29,65.81,0
17-11-2025 05:00,5,11,321,0,0,0,12.74,71.22,0
17-11-2025 06:00,6,11,321,32.59,0,0,12.78,74.43,0
17-11-2025 07:00,7,11,321,40.13,180.91,108.3,13.11,55.71,14.71
17-11-2025 08:00,8,11,321,0,500,500,20.23,58.84,41.26
17-11-2025 09:00,9,11,321,49.06,446.95,227.7,18.9,61.9,36.83
17-11-2025 10:00,10,11,321,35.8,633.48,406.67,19.22,56.97,50.52
17-11-2025 11:00,11,11,321,39.66,678.58,409.42,24.38,62.28,54.57
17-11-2025 12:00,12,11,321,65.3,510.25,177.06,26,58.08,40.33
17-11-2025 13:00,13,11,321,11.81,880.35,776.36,26.8,58.1,68.8
17-11-2025 14:00,14,11,321,30.81,665.9,460.72,30.22,58.83,53.09
17-11-2025 15:00,15,11,321,30.55,545.09,378.57,28.84,53.49,43.67
17-11-2025 16:00,16,11,321,20.46,423.27,336.67,26.55,59.23,32.34
17-11-2025 17:00,17,11,321,35.06,190.76,123.88,30.33,53.43,13.98
17-11-2025 18:00,18,11,321,37.32,0,0,29.64,48.4,0.61
17-11-2025 19:00,19,11,321,73.78,0,0,25.17,57.59,0
17-11-2025 20:00,20,11,321,46.54,0,0,22.42,64.86,0
17-11-2025 21:00,21,11,321,38.97,0,0,21.79,60.86,0
17-11-2025 22:00,22,11,321,5.38,0,0,18.84,68.46,0
17-11-2025 23:00,23,11,321,50.59,0,0,16.51,65.27,0
18-11-2025 00:00,0,11,322,41.54,0,0,10.76,55.27,0
18-11-2025 01:00,1,11,322,9.6,0,0,13.97,60.86,0
18-11-2025 02:00,2,11,322,39.63,0,0,9.93,65.29,0
18-11-2025 03:00,3,11,322,53.68,0,0,12.31,61.24,0
18-11-2025 04:00,4,11,322,24.4,0,0,11.66,71.64,0
18-11-2025 05:00,5,11,322,20.13,0,0,12.48,62.71,0
18-11-2025 06:00,6,11,322,13.75,0,0,13.01,64.13,0
18-11-2025 07:00,7,11,322,41.62,178.04,103.94,13.24,60.24,14.89
18-11-2025 08:00,8,11,322,25.3,405.13,302.64,15.25,64.93,31.09
18-11-2025 09:00,9,11,322,14.73,629,536.36,20.84,66.44,50.45
18-11-2025 10:00,10,11,322,67.59,427.01,138.39,21.82,61.7,36.22
18-11-2025 11:00,11,11,322,21.6,809.43,634.58,23.98,58.66,65.02
18-11-2025 12:00,12,11,322,28.25,788.12,565.47,26.19,56.48,61.26
18-11-2025 13:00,13,11,322,65.29,492.93,171.09,32.58,43.03,37.54
18-11-2025 14:00,14,11,322,37.41,623.06,389.99,28.37,60.89,47.3
18-11-2025 15:00,15,11,322,31.7,539,368.14,29.09,65.95,42.82
18-11-2025 16:00,16,11,322,12.84,451.83,393.8,29.67,57.27,35.83
18-11-2025 17:00,17,11,322,60.68,141.04,55.46,31.35,51.59,10.41
18-11-2025 18:00,18,11,322,0.34,0,0,30.48,47.17,0.42
18-11-2025 19:00,19,11,322,0,0,0,26.28,51.79,0
18-11-2025 20:00,20,11,322,8.67,0,0,24.67,53.63,0
18-11-2025 21:00,21,11,322,15.48,0,0,18.45,58.89,0
18-11-2025 22:00,22,11,322,38.68,0,0,21.43,59.22,0
18-11-2025 23:00,23,11,322,24.02,0,0,15.71,65.93,0
19-11-2025 00:00,0,11,323,64.12,0,0,14.83,55.84,0
19-11-2025 01:00,1,11,323,77.27,0,0,12.06,49.98,0
19-11-2025 02:00,2,11,323,42.95,0,0,15.23,59.23,0
19-11-2025 03:00,3,11,323,32.82,0,0,11.19,71.22,0
19-11-2025 04:00,4,11,323,22.13,0,0,8.93,61.54,0
19-11-2025 05:00,5,11,323,49.27,0,0,9.84,63.3,0
19-11-2025 06:00,6,11,323,52.25,0,0,14.38,66.75,0
19-11-2025 07:00,7,11,323,65.04,132.57,46.35,17.18,68.4,10.71
19-11-2025 08:00,8,11,323,14.37,446.12,382.03,15.95,68.03,35.78
19-11-2025 09:00,9,11,323,39.14,499.51,303.98,20.11,68.67,40.08
19-11-2025 10:00,10,11,323,33.33,649.57,433.1,23.78,61.11,52.06
19-11-2025 11:00,11,11,323,14.32,862.2,738.76,26.57,49.44,67.44
19-11-2025 12:00,12,11,323,29.33,780.04,551.27,26.35,45.02,61.24
19-11-2025 13:00,13,11,323,26.74,772.23,565.76,27.36,66.11,60.69
19-11-2025 14:00,14,11,323,22.55,719.56,557.3,30.97,57.8,56.14
19-11-2025 15:00,15,11,323,12.63,640.15,559.33,28.47,56.87,50.99
19-11-2025 16:00,16,11,323,35.49,366.91,236.69,29.14,50.86,30.04
19-11-2025 17:00,17,11,323,40.28,180.63,107.87,31.96,51.19,13.49
19-11-2025 18:00,18,11,323,42.92,0,0,26.14,56.42,0.42
19-11-2025 19:00,19,11,323,0,0,0,24.45,66.02,0
19-11-2025 20:00,20,11,323,3.14,0,0,24.33,53.83,0
19-11-2025 21:00,21,11,323,23.02,0,0,22.79,62.25,0
19-11-2025 22:00,22,11,323,0,0,0,13.06,57.26,0
19-11-2025 23:00,23,11,323,72.57,0,0,17.04,52.97,0
20-11-2025 00:00,0,11,324,47.73,0,0,8.5,66.62,0
20-11-2025 01:00,1,11,324,5.46,0,0,7.9,74.11,0
20-11-2025 02:00,2,11,324,63.72,0,0,8.47,61.07,0
20-11-2025 03:00,3,11,324,0,0,0,9.13,70.27,0
20-11-2025 04:00,4,11,324,24.15,0,0,10.87,64.81,0
20-11-2025 05:00,5,11,324,15.39,0,0,11.31,66.74,0
20-11-2025 06:00,6,11,324,25.54,0,0,13.92,73.9,0
20-11-2025 07:00,7,11,324,9.08,241.19,219.28,13.11,58.05,20.39
20-11-2025 08:00,8,11,324,31.07,383.48,264.32,17.15,63.21,28.14
20-11-2025 09:00,9,11,324,55.88,410.76,181.23,18.79,52.51,33.46
20-11-2025 10:00,10,11,324,22.3,721.17,560.34,24.31,58.71,59.02
20-11-2025 11:00,11,11,324,53.43,578.88,269.6,22.37,64.45,46.54
20-11-2025 12:00,12,11,324,41.3,690.26,405.19,31.17,61.7,52.2
20-11-2025 13:00,13,11,324,56.34,557.8,243.56,26.95,65.17,45.79
20-11-2025 14:00,14,11,324,16.78,757.06,630.05,26.48,53.04,59.78
20-11-2025 15:00,15,11,324,24.79,575.64,432.95,33.36,56.56,43.79
20-11-2025 16:00,16,11,324,0,500,500,28.67,44.88,40.75
20-11-2025 17:00,17,11,324,81.08,101.43,19.19,29.79,39.45,8.53
20-11-2025 18:00,18,11,324,59.23,0,0,27.09,53.33,0.25
20-11-2025 19:00,19,11,324,59.27,0,0,27.42,51.71,0
20-11-2025 20:00,20,11,324,42.9,0,0,22.84,55.15,0
20-11-2025 21:00,21,11,324,16.43,0,0,20.65,58.29,0
20-11-2025 22:00,22,11,324,44.97,0,0,13.51,65.07,0
20-11-2025 23:00,23,11,324,28.29,0,0,12.73,66.82,0
21-11-2025 00:00,0,11,325,53.41,0,0,16.16,68.58,0
21-11-2025 01:00,1,11,325,23.74,0,0,10.63,64.2,0
21-11-2025 02:00,2,11,325,30.25,0,0,7.62,65.27,0
21-11-2025 03:00,3,11,325,47.57,0,0,9.28,62.31,0
21-11-2025 04:00,4,11,325,38.2,0,0,8.07,71.49,0
21-11-2025 05:00,5,11,325,25.33,0,0,11.62,63.59,0
21-11-2025 06:00,6,11,325,36.61,0,0,14.18,55.67,0
21-11-2025 07:00,7,11,325,25.63,209.06,155.47,13.29,72.37,16.72
21-11-2025 08:00,8,11,325,0,500,500,19.51,57.91,39.51
21-11-2025 09:00,9,11,325,35.43,519.23,335.28,21.36,73.16,41.12
21-11-2025 10:00,10,11,325,27.38,688.16,499.71,21.82,64.32,55.58
21-11-2025 11:00,11,11,325,38.39,687.83,423.8,26.35,59.39,53.08
21-11-2025 12:00,12,11,325,53.93,595.52,274.35,27.66,63.61,46.59
21-11-2025 13:00,13,11,325,0,965.93,965.93,29.11,53.99,75.4
21-11-2025 14:00,14,11,325,21.06,729.26,575.7,29.61,48.85,59.77
21-11-2025 15:00,15,11,325,17.07,616.6,511.36,30.42,48.33,48.12
21-11-2025 16:00,16,11,325,7.06,473.53,440.11,29.9,60.26,38.55
21-11-2025 17:00,17,11,325,17.74,224.39,184.59,30.11,49.63,16.3
21-11-2025 18:00,18,11,325,13.28,0,0,24.59,50.03,1.62
21-11-2025 19:00,19,11,325,31.89,0,0,28.13,51.64,0
21-11-2025 20:00,20,11,325,27.05,0,0,22.49,57.17,0
21-11-2025 21:00,21,11,325,24.4,0,0,18.14,57.49,0
21-11-2025 22:00,22,11,325,42.73,0,0,18.65,61.94,0
21-11-2025 23:00,23,11,325,48.54,0,0,16.14,69.93,0
22-11-2025 00:00,0,11,326,23.36,0,0,14.09,55.84,0
22-11-2025 01:00,1,11,326,54.43,0,0,11.13,70.59,0
22-11-2025 02:00,2,11,326,50.6,0,0,8.88,69.2,0
22-11-2025 03:00,3,11,326,39,0,0,12.78,63.07,0
22-11-2025 04:00,4,11,326,31.94,0,0,10.68,62.95,0
22-11-2025 05:00,5,11,326,0,0,0,13.36,69.15,0
22-11-2025 06:00,6,11,326,35.7,0,0,14.9,53.49,0
22-11-2025 07:00,7,11,326,19.53,220.91,177.78,18.11,63.31,18.06
22-11-2025 08:00,8,11,326,42.94,338.99,193.44,16.78,55.86,26.49
22-11-2025 09:00,9,11,326,26.51,566.5,416.31,20.95,54.35,45.22
22-11-2025 10:00,10,11,326,56.18,501.14,219.61,24.83,48.74,41.39
22-11-2025 11:00,11,11,326,1.62,954.16,938.67,24.47,57.77,77.05
22-11-2025 12:00,12,11,326,43.49,673.82,380.77,26.34,64.16,51.75
22-11-2025 13:00,13,11,326,39.92,676.72,406.56,27.24,56.32,51.56
22-11-2025 14:00,14,11,326,18.78,744.05,604.33,28.27,48.35,59.46
22-11-2025 15:00,15,11,326,44.83,469.36,258.95,26.27,59.06,37.06
22-11-2025 16:00,16,11,326,34.02,372.41,245.71,28.26,58.82,29.78
22-11-2025 17:00,17,11,326,61.5,139.44,53.68,30.87,44.24,9.52
22-11-2025 18:00,18,11,326,35.92,0,0,25.93,55.74,0.62
22-11-2025 19:00,19,11,326,45.99,0,0,25.35,63.33,0
22-11-2025 20:00,20,11,326,23.35,0,0,23.72,65.04,0
22-11-2025 21:00,21,11,326,39.78,0,0,20.07,67.86,0
22-11-2025 22:00,22,11,326,29.37,0,0,16.51,53.22,0
22-11-2025 23:00,23,11,326,29.04,0,0,8.53,64.2,0
23-11-2025 00:00,0,11,327,7.62,0,0,11.97,65.2,0
23-11-2025 01:00,1,11,327,27.59,0,0,13.79,60.08,0
23-11-2025 02:00,2,11,327,33.71,0,0,12.15,55.14,0
23-11-2025 03:00,3,11,327,85.72,0,0,12.18,57.79,0
23-11-2025 04:00,4,11,327,42.37,0,0,10.47,67.5,0
23-11-2025 05:00,5,11,327,49.09,0,0,9.52,63.74,0
23-11-2025 06:00,6,11,327,21.25,0,0,13.6,69.52,0
23-11-2025 07:00,7,11,327,21.63,216.84,169.94,15.95,68.52,17.68
23-11-2025 08:00,8,11,327,67.57,246.6,79.96,16.29,70.32,18.89
23-11-2025 09:00,9,11,327,33.74,528.17,349.97,19.31,53.5,41.64
23-11-2025 10:00,10,11,327,24.37,707.74,535.27,26.5,64.44,56.83
23-11-2025 11:00,11,11,327,14.48,861.05,736.39,24.54,59.8,68.51
23-11-2025 12:00,12,11,327,47.13,646.54,341.84,27.6,50.85,50.98
23-11-2025 13:00,13,11,327,26.99,770.43,562.52,27.94,49.11,60.09
23-11-2025 14:00,14,11,327,0,866.03,866.03,27.65,57.5,66.64
23-11-2025 15:00,15,11,327,0,707.11,707.11,28.85,47.43,56.32
23-11-2025 16:00,16,11,327,35.27,367.75,238.05,34.97,47.11,27.53
23-11-2025 17:00,17,11,327,0,258.82,258.82,25.89,65.66,18.27
23-11-2025 18:00,18,11,327,53.56,0,0,29.2,66.89,0
23-11-2025 19:00,19,11,327,40.87,0,0,24.39,57.93,0
23-11-2025 20:00,20,11,327,18.19,0,0,22.77,60.79,0
23-11-2025 21:00,21,11,327,21.69,0,0,18.5,62.05,0
23-11-2025 22:00,22,11,327,61.38,0,0,21.28,60.32,0
23-11-2025 23:00,23,11,327,30.29,0,0,16.39,59.69,0
24-11-2025 00:00,0,11,328,37.84,0,0,12.08,64.23,0
24-11-2025 01:00,1,11,328,63.05,0,0,10.55,60.57,0
24-11-2025 02:00,2,11,328,33.15,0,0,13.05,62.88,0
24-11-2025 03:00,3,11,328,46.42,0,0,11.53,65.38,0
24-11-2025 04:00,4,11,328,46.03,0,0,7.46,56.55,0
24-11-2025 05:00,5,11,328,0,0,0,10.16,66.72,0
24-11-2025 06:00,6,11,328,37.95,0,0,9.13,70.82,0
24-11-2025 07:00,7,11,328,52.33,157.25,74.96,13.77,67.11,12.45
24-11-2025 08:00,8,11,328,50.28,311.46,154.86,15.83,56.28,24.42
24-11-2025 09:00,9,11,328,14.63,629.49,537.37,22.14,62.17,51
24-11-2025 10:00,10,11,328,29.82,672.32,471.82,25.21,60.26,53.79
24-11-2025 11:00,11,11,328,68.71,468.15,146.48,22.71,65.39,37.57
24-11-2025 12:00,12,11,328,42,685.01,397.31,24.01,66.65,54.72
24-11-2025 13:00,13,11,328,21.77,808.19,632.22,32.01,53.33,63.04
24-11-2025 14:00,14,11,328,13.8,776.37,669.2,32.18,58.56,58.8
24-11-2025 15:00,15,11,328,16.92,617.38,512.92,30.97,51.8,45.75
24-11-2025 16:00,16,11,328,3.26,487.78,471.88,31.05,56.99,39.56
24-11-2025 17:00,17,11,328,21,218.06,172.27,29.41,45.45,18.5
24-11-2025 18:00,18,11,328,27.59,0,0,23.56,63.3,1.22
24-11-2025 19:00,19,11,328,49.98,0,0,26.84,50.3,0
24-11-2025 20:00,20,11,328,27.18,0,0,19.85,59.28,0
24-11-2025 21:00,21,11,328,49.82,0,0,19.66,66.16,0
24-11-2025 22:00,22,11,328,29.64,0,0,15.28,56.8,0
24-11-2025 23:00,23,11,328,17,0,0,14.48,58.13,0
25-11-2025 00:00,0,11,329,37.85,0,0,10.35,57.68,0
25-11-2025 01:00,1,11,329,43.13,0,0,13.03,68.83,0
25-11-2025 02:00,2,11,329,34.36,0,0,7.84,68.95,0
25-11-2025 03:00,3,11,329,76.18,0,0,11.62,63.3,0
25-11-2025 04:00,4,11,329,0,0,0,11.85,67.59,0
25-11-2025 05:00,5,11,329,14.07,0,0,11.99,65.44,0
25-11-2025 06:00,6,11,329,21.07,0,0,15.25,70.36,0
25-11-2025 07:00,7,11,329,48.89,163.92,83.78,16.21,64.44,13.76
25-11-2025 08:00,8,11,329,52.66,302.52,143.21,17.85,60.22,23.89
25-11-2025 09:00,9,11,329,16.6,619.07,516.29,19.85,60.17,48.13
25-11-2025 10:00,10,11,329,6.2,825.75,774.56,25.56,66.37,65.01
25-11-2025 11:00,11,11,329,0,965.93,965.93,27.11,57.25,75.72
25-11-2025 12:00,12,11,329,73.8,446.47,116.96,24.87,64.73,34.8
25-11-2025 13:00,13,11,329,3.58,939.99,906.34,31.05,54.3,74.4
25-11-2025 14:00,14,11,329,49.53,544.33,274.74,28.13,52.59,43.94
25-11-2025 15:00,15,11,329,24.55,576.9,435.25,27.87,56.52,46.63
25-11-2025 16:00,16,11,329,0,500,500,28.07,56.79,39.49
25-11-2025 17:00,17,11,329,0,258.82,258.82,26.45,55.38,20.54
25-11-2025 18:00,18,11,329,67.48,0,0,30.07,60.65,0
25-11-2025 19:00,19,11,329,31.02,0,0,24.78,62,0
25-11-2025 20:00,20,11,329,36.52,0,0,22.42,61.49,0
25-11-2025 21:00,21,11,329,24.61,0,0,19.03,53.64,0
25-11-2025 22:00,22,11,329,22.96,0,0,16.2,63.14,0
25-11-2025 23:00,23,11,329,20.44,0,0,14.78,65.22,0
26-11-2025 00:00,0,11,330,12.51,0,0,11.08,65.35,0
26-11-2025 01:00,1,11,330,11.54,0,0,12.65,68.35,0
26-11-2025 02:00,2,11,330,34.17,0,0,9.89,64.83,0
26-11-2025 03:00,3,11,330,55.62,0,0,11.5,62.25,0
26-11-2025 04:00,4,11,330,0,0,0,9.52,69.46,0
26-11-2025 05:00,5,11,330,5.72,0,0,11.58,75.21,0
26-11-2025 06:00,6,11,330,84.9,0,0,12.3,61.92,0
26-11-2025 07:00,7,11,330,37.33,186.35,116.78,15.54,62.01,14.46
26-11-2025 08:00,8,11,330,50.01,312.46,156.19,15.71,68.44,26.05
26-11-2025 09:00,9,11,330,46.3,461.56,247.85,22.61,60.09,37.08
26-11-2025 10:00,10,11,330,30.6,667.27,463.08,21.07,72.28,52.87
26-11-2025 11:00,11,11,330,8.4,905.1,829.1,23.77,63.57,71.34
26-11-2025 12:00,12,11,330,0,1000,1000,26.36,53.57,79.32
26-11-2025 13:00,13,11,330,19.92,821.59,657.9,25.43,61.72,64.72
26-11-2025 14:00,14,11,330,27.85,685.17,494.38,27.02,53.23,54.19
26-11-2025 15:00,15,11,330,22.1,589.9,459.53,29.92,56.98,46.22
26-11-2025 16:00,16,11,330,30.89,384.16,265.49,27.68,62.23,28.27
26-11-2025 17:00,17,11,330,15.82,228.1,192,30.17,58.94,18.03
26-11-2025 18:00,18,11,330,71.66,0,0,28.18,50.94,0.48
26-11-2025 19:00,19,11,330,42.33,0,0,30.95,52.58,0
26-11-2025 20:00,20,11,330,24.01,0,0,20.67,59.41,0
26-11-2025 21:00,21,11,330,54.21,0,0,15.48,53.29,0
26-11-2025 22:00,22,11,330,37.2,0,0,16.68,70.11,0
26-11-2025 23:00,23,11,330,3.06,0,0,11.18,61.83,0
27-11-2025 00:00,0,11,331,34.69,0,0,10.61,66.73,0
27-11-2025 01:00,1,11,331,36.95,0,0,12.55,68.69,0
27-11-2025 02:00,2,11,331,26.04,0,0,8.84,66.26,0
27-11-2025 03:00,3,11,331,39.68,0,0,11.11,67.63,0
27-11-2025 04:00,4,11,331,4.77,0,0,9.96,70.39,0
27-11-2025 05:00,5,11,331,12.72,0,0,12.54,59.68,0
27-11-2025 06:00,6,11,331,31.32,0,0,10.72,65.46,0
27-11-2025 07:00,7,11,331,43.7,174,97.97,13.97,63.99,15.33
27-11-2025 08:00,8,11,331,12.07,454.73,399.84,16.01,60.76,35.98
27-11-2025 09:00,9,11,331,21.3,594.15,467.6,18.43,54.57,47.7
27-11-2025 10:00,10,11,331,50.16,540.24,269.27,23.52,60.84,44.32
27-11-2025 11:00,11,11,331,56.68,555.34,240.59,24.83,51.13,45.05
27-11-2025 12:00,12,11,331,46.58,650.63,347.55,25.42,51.17,52.06
27-11-2025 13:00,13,11,331,28.31,760.85,545.47,27.71,62.45,60.01
27-11-2025 14:00,14,11,331,38.34,616.99,380.42,26.59,55.76,49.78
27-11-2025 15:00,15,11,331,13.92,633.29,545.15,29.42,61.48,50.63
27-11-2025 16:00,16,11,331,30.53,385.51,267.81,28.22,57.58,30.97
27-11-2025 17:00,17,11,331,16.67,226.46,188.71,30.99,52.45,18.34
27-11-2025 18:00,18,11,331,16.4,0,0,27.63,58.5,1.77
27-11-2025 19:00,19,11,331,51.12,0,0,26.25,61.24,0
27-11-2025 20:00,20,11,331,51.03,0,0,21.35,48.75,0
27-11-2025 21:00,21,11,331,46.06,0,0,19.31,68.51,0
27-11-2025 22:00,22,11,331,30.4,0,0,15.41,64.94,0
27-11-2025 23:00,23,11,331,44.19,0,0,14.6,55.21,0
28-11-2025 00:00,0,11,332,45.47,0,0,15.63,63.16,0
28-11-2025 01:00,1,11,332,33.75,0,0,13.04,63.82,0
28-11-2025 02:00,2,11,332,21.76,0,0,9.5,64.93,0
28-11-2025 03:00,3,11,332,11.02,0,0,9.7,61.35,0
28-11-2025 04:00,4,11,332,40.75,0,0,14.53,66.32,0
28-11-2025 05:00,5,11,332,24.53,0,0,10.4,65.01,0
28-11-2025 06:00,6,11,332,20.79,0,0,11.69,63.49,0
28-11-2025 07:00,7,11,332,7.88,243.51,224.32,12.18,63.15,20.07
28-11-2025 08:00,8,11,332,25.29,405.15,302.67,16.39,52.57,32.62
28-11-2025 09:00,9,11,332,25.95,569.48,421.69,19.25,61.06,45.29
28-11-2025 10:00,10,11,332,2.36,850.71,830.65,22.73,66.07,68.28
28-11-2025 11:00,11,11,332,9.77,895.17,807.75,25.14,67.15,71.15
28-11-2025 12:00,12,11,332,30.31,772.64,538.42,25.66,57.45,61.03
28-11-2025 13:00,13,11,332,73.97,430.05,111.94,29.76,57.02,33.95
28-11-2025 14:00,14,11,332,38.87,613.56,375.07,27.09,47.11,48.76
28-11-2025 15:00,15,11,332,6.6,672.08,627.7,33.74,40.97,51.9
28-11-2025 16:00,16,11,332,41.51,344.35,201.42,30.69,42.57,25.24
28-11-2025 17:00,17,11,332,18,223.89,183.6,24.9,70.59,17.01
28-11-2025 18:00,18,11,332,42.32,0,0,28.88,56.47,0.06
28-11-2025 19:00,19,11,332,33.66,0,0,23.61,65.18,0
28-11-2025 20:00,20,11,332,18.26,0,0,19.18,57.92,0
28-11-2025 21:00,21,11,332,37.25,0,0,17.09,62.24,0
28-11-2025 22:00,22,11,332,66.84,0,0,20.9,59.78,0
28-11-2025 23:00,23,11,332,0,0,0,13.52,64.56,0
29-11-2025 00:00,0,11,333,39.59,0,0,10.32,66.77,0
29-11-2025 01:00,1,11,333,51.01,0,0,13,66.91,0
29-11-2025 02:00,2,11,333,28.76,0,0,8.7,66.77,0
29-11-2025 03:00,3,11,333,12.26,0,0,10.63,62.08,0
29-11-2025 04:00,4,11,333,23.06,0,0,12.08,59.53,0
29-11-2025 05:00,5,11,333,60.22,0,0,9.35,56.78,0
29-11-2025 06:00,6,11,333,28.8,0,0,13.47,66.9,0
29-11-2025 07:00,7,11,333,10.35,238.73,214.03,13.54,68.81,20.21
29-11-2025 08:00,8,11,333,17.99,432.54,354.72,16.37,64.94,34.17
29-11-2025 09:00,9,11,333,9.08,658.95,599.11,19.23,55.12,52.02
29-11-2025 10:00,10,11,333,18.28,747.3,610.71,23.21,59.89,60.34
29-11-2025 11:00,11,11,333,17.01,842.71,699.37,24.66,54.84,66.82
29-11-2025 12:00,12,11,333,32.42,756.86,511.49,24.68,49.68,60.68
29-11-2025 13:00,13,11,333,11.52,882.45,780.77,26.94,56.5,69.37
29-11-2025 14:00,14,11,333,39.17,611.59,372.02,29.96,58.46,47.19
29-11-2025 15:00,15,11,333,11.82,644.42,568.25,30.71,53.69,51.49
29-11-2025 16:00,16,11,333,6.34,476.23,446.04,29.29,59.04,36.13
29-11-2025 17:00,17,11,333,6.65,245.91,229.57,26.85,55.52,19.94
29-11-2025 18:00,18,11,333,9.21,0,0,30.61,42.11,0.42
29-11-2025 19:00,19,11,333,30.24,0,0,26.07,55.9,0
29-11-2025 20:00,20,11,333,61.81,0,0,19.46,59.93,0
29-11-2025 21:00,21,11,333,22.12,0,0,16.83,67.88,0
29-11-2025 22:00,22,11,333,16.29,0,0,15.22,66.75,0
29-11-2025 23:00,23,11,333,13.11,0,0,13.59,60.32,0
30-11-2025 00:00,0,11,334,42.23,0,0,14.17,70.66,0
30-11-2025 01:00,1,11,334,34.01,0,0,7.32,59.06,0
30-11-2025 02:00,2,11,334,32.97,0,0,13.21,68.58,0
30-11-2025 03:00,3,11,334,46.46,0,0,11.89,64.3,0
30-11-2025 04:00,4,11,334,14.46,0,0,8.06,71.84,0
30-11-2025 05:00,5,11,334,0,0,0,11.85,68.86,0
30-11-2025 06:00,6,11,334,0,0,0,13.96,61.97,0
30-11-2025 07:00,7,11,334,37.14,186.73,117.38,14.73,65.44,13.99
30-11-2025 08:00,8,11,334,27.96,395.15,284.67,22.98,57.26,31.81
30-11-2025 09:00,9,11,334,15.77,623.47,525.15,18.02,64.96,48.14
30-11-2025 10:00,10,11,334,41.16,598.71,352.31,25.16,50.51,47.42
30-11-2025 11:00,11,11,334,31.43,738.23,506.2,25.09,61.59,59.64
30-11-2025 12:00,12,11,334,10.45,921.59,825.24,24.27,56.83,73.68
30-11-2025 13:00,13,11,334,47.62,620.95,325.26,27.83,47.28,46.8
30-11-2025 14:00,14,11,334,35.44,635.86,410.53,29.53,58.8,51.9
30-11-2025 15:00,15,11,334,36.16,515.33,328.97,31.67,58.73,40.5
30-11-2025 16:00,16,11,334,27.66,396.27,286.66,31.63,58.27,30.92
30-11-2025 17:00,17,11,334,59.86,142.62,57.25,26.35,52.16,10.32
30-11-2025 18:00,18,11,334,32.59,0,0,26.3,58.44,2
30-11-2025 19:00,19,11,334,25.08,0,0,24.81,51.69,0
30-11-2025 20:00,20,11,334,57.84,0,0,26.73,55.5,0
30-11-2025 21:00,21,11,334,20.5,0,0,20.32,61.38,0
30-11-2025 22:00,22,11,334,42.68,0,0,13.82,68.83,0
30-11-2025 23:00,23,11,334,39.53,0,0,14.36,61.2,0
01-12-2025 00:00,0,12,335,23.22,0,0,11.92,63.06,0
01-12-2025 01:00,1,12,335,17.42,0,0,12.25,66.54,0
01-12-2025 02:00,2,12,335,21.83,0,0,11.26,60.12,0
01-12-2025 03:00,3,12,335,16.93,0,0,11.19,64,0
01-12-2025 04:00,4,12,335,26.63,0,0,9.23,72.4,0
01-12-2025 05:00,5,12,335,19.17,0,0,12.25,57.52,0
01-12-2025 06:00,6,12,335,63.5,0,0,13.63,58.86,0
01-12-2025 07:00,7,12,335,22.66,214.83,166.15,16.55,62.03,16.58
01-12-2025 08:00,8,12,335,27.15,398.2,290.1,17.16,67.43,30.8
01-12-2025 09:00,9,12,335,23.06,584.8,449.93,19.33,73.51,45.44
01-12-2025 10:00,10,12,335,40.22,604.77,361.52,23.36,54.31,47.61
01-12-2025 11:00,11,12,335,21.33,811.4,638.32,29.3,54.55,64.72
01-12-2025 12:00,12,12,335,63.28,525.37,192.9,28.42,44.79,40.49
01-12-2025 13:00,13,12,335,12.41,876,767.27,26.16,55.5,69.29
01-12-2025 14:00,14,12,335,40.38,603.74,359.93,32.05,53.68,45.96
01-12-2025 15:00,15,12,335,7.8,665.74,613.81,27.59,67.24,51.98
01-12-2025 16:00,16,12,335,35.6,366.5,236.03,31.15,57.58,28.62
01-12-2025 17:00,17,12,335,48.85,163.99,83.87,23.53,52.02,13.07
01-12-2025 18:00,18,12,335,54.47,0,0,25.33,46.16,0.04
01-12-2025 19:00,19,12,335,40.5,0,0,24.08,61.64,0
01-12-2025 20:00,20,12,335,15.51,0,0,23.06,54.65,0
01-12-2025 21:00,21,12,335,28.5,0,0,19.15,60.02,0
01-12-2025 22:00,22,12,335,17.63,0,0,17.23,59.21,0
01-12-2025 23:00,23,12,335,39.48,0,0,20.03,58.91,0
02-12-2025 00:00,0,12,336,51.96,0,0,11.79,67.31,0
02-12-2025 01:00,1,12,336,26,0,0,11.71,63.28,0
02-12-2025 02:00,2,12,336,50.62,0,0,10.66,61.82,0
02-12-2025 03:00,3,12,336,28.39,0,0,11.14,59.59,0
02-12-2025 04:00,4,12,336,44.92,0,0,10.22,68.56,0
02-12-2025 05:00,5,12,336,68.8,0,0,10.82,64.5,0
02-12-2025 06:00,6,12,336,0,0,0,14.1,69.86,0
02-12-2025 07:00,7,12,336,33.18,194.41,129.91,18.99,51.06,17.19
02-12-2025 08:00,8,12,336,30.9,384.12,265.43,12.04,74.65,29.05
02-12-2025 09:00,9,12,336,21.25,594.43,468.13,19.55,62.92,48.09
02-12-2025 10:00,10,12,336,38.94,613.08,374.33,22.77,52.84,50.66
02-12-2025 11:00,11,12,336,16.94,843.19,700.33,26.7,54.44,67.53
02-12-2025 12:00,12,12,336,42.65,680.14,390.07,23.91,58.41,54.52
02-12-2025 13:00,13,12,336,29.09,755.17,535.48,26.37,56.1,61.72
02-12-2025 14:00,14,12,336,0,866.03,866.03,28.24,56.26,68.5
02-12-2025 15:00,15,12,336,30.2,546.94,381.75,29.93,54.32,41.51
02-12-2025 16:00,16,12,336,56.13,289.51,127.01,29.35,60.26,21.68
02-12-2025 17:00,17,12,336,24.21,211.82,160.53,27.61,61.81,16.69
02-12-2025 18:00,18,12,336,26.74,0,0,29.52,56.54,0
02-12-2025 19:00,19,12,336,27.48,0,0,27.67,61.01,0
02-12-2025 20:00,20,12,336,16.95,0,0,21.42,56.59,0
02-12-2025 21:00,21,12,336,33.17,0,0,22.64,62.67,0
02-12-2025 22:00,22,12,336,29.28,0,0,16.32,70.24,0
02-12-2025 23:00,23,12,336,0,0,0,14.86,62.72,0
03-12-2025 00:00,0,12,337,38.38,0,0,12.17,72.26,0
03-12-2025 01:00,1,12,337,44.8,0,0,11.86,64.59,0
03-12-2025 02:00,2,12,337,34.1,0,0,9.75,59.7,0
03-12-2025 03:00,3,12,337,13.47,0,0,8.1,66.31,0
03-12-2025 04:00,4,12,337,39.53,0,0,9.32,65.47,0
03-12-2025 05:00,5,12,337,20.59,0,0,8.66,57.29,0
03-12-2025 06:00,6,12,337,0.34,0,0,11.79,59.59,0
03-12-2025 07:00,7,12,337,0,258.82,258.82,13.49,65.93,18.51
03-12-2025 08:00,8,12,337,32.72,377.32,253.87,20,66.28,29.63
03-12-2025 09:00,9,12,337,30.07,547.65,382.98,16.57,64.55,41.48
03-12-2025 10:00,10,12,337,52.27,526.5,251.28,21.07,64.43,43.04
03-12-2025 11:00,11,12,337,36.52,701.34,445.19,27.25,65.65,56.05
03-12-2025 12:00,12,12,337,24.86,813.52,611.25,27.36,56.07,63.74
03-12-2025 13:00,13,12,337,22.67,801.7,619.96,32.59,51.71,64.08
03-12-2025 14:00,14,12,337,32.23,656.68,445.03,27.94,62.56,50.37
03-12-2025 15:00,15,12,337,52.04,431.14,206.78,25.48,59.35,32.28
03-12-2025 16:00,16,12,337,33.1,375.88,251.46,28.54,63.1,28.99
03-12-2025 17:00,17,12,337,24.27,211.7,160.31,31.54,50.48,16.45
03-12-2025 18:00,18,12,337,30.8,0,0,25.36,46.16,0
03-12-2025 19:00,19,12,337,34.06,0,0,24.96,56.61,0
03-12-2025 20:00,20,12,337,34.38,0,0,25.36,63.29,0
03-12-2025 21:00,21,12,337,40.68,0,0,17.4,62.68,0
03-12-2025 22:00,22,12,337,32.19,0,0,17.34,60.85,0
03-12-2025 23:00,23,12,337,58.91,0,0,18.18,59.6,0
04-12-2025 00:00,0,12,338,31.96,0,0,12.51,68.59,0
04-12-2025 01:00,1,12,338,14.65,0,0,8.73,63.28,0
04-12-2025 02:00,2,12,338,56.61,0,0,9.15,67.51,0
04-12-2025 03:00,3,12,338,23.96,0,0,11.96,74.12,0
04-12-2025 04:00,4,12,338,54.72,0,0,11.76,54.52,0
04-12-2025 05:00,5,12,338,30.26,0,0,12.15,51.14,0
04-12-2025 06:00,6,12,338,45.37,0,0,12.02,62.57,0
04-12-2025 07:00,7,12,338,0,258.82,258.82,15.37,63.22,20.09
04-12-2025 08:00,8,12,338,35.67,366.22,235.58,20.29,51.41,30
04-12-2025 09:00,9,12,338,49.14,446.53,227.12,20.29,49.79,36.46
04-12-2025 10:00,10,12,338,35.93,632.67,405.37,21.97,69.35,51.44
04-12-2025 11:00,11,12,338,8.8,902.15,822.73,31.31,43.62,68.91
04-12-2025 12:00,12,12,338,41.9,685.77,398.45,30.19,53.25,54.74
04-12-2025 13:00,13,12,338,24.12,791.16,600.3,28.28,57.87,61.49
04-12-2025 14:00,14,12,338,68.52,420.97,132.52,28.17,57.67,33.47
04-12-2025 15:00,15,12,338,23.59,582,444.71,31.68,59.37,43.9
04-12-2025 16:00,16,12,338,53.64,298.86,138.56,29.57,53.28,21.47
04-12-2025 17:00,17,12,338,35.91,189.11,121.2,31.13,51.25,14.79
04-12-2025 18:00,18,12,338,30.21,0,0,27.53,55.4,0
04-12-2025 19:00,19,12,338,58.61,0,0,22.37,67.59,0
04-12-2025 20:00,20,12,338,23.34,0,0,23.38,59.65,0
04-12-2025 21:00,21,12,338,57.55,0,0,17.18,60.52,0
04-12-2025 22:00,22,12,338,40.86,0,0,17.49,63.33,0
04-12-2025 23:00,23,12,338,38.74,0,0,14.7,66.64,0
05-12-2025 00:00,0,12,339,3.91,0,0,13.22,65.15,0
05-12-2025 01:00,1,12,339,35.2,0,0,11.47,61.85,0
05-12-2025 02:00,2,12,339,58.99,0,0,12.47,68.03,0
05-12-2025 03:00,3,12,339,19.45,0,0,8.98,65.85,0
05-12-2025 04:00,4,12,339,30.6,0,0,11.13,58.13,0
05-12-2025 05:00,5,12,339,57.57,0,0,9.42,64.91,0
05-12-2025 06:00,6,12,339,48.53,0,0,13.52,53.17,0
05-12-2025 07:00,7,12,339,36.56,187.84,119.16,16.99,56.51,14.21
05-12-2025 08:00,8,12,339,0.86,496.79,492.54,16.95,59.28,39.9
05-12-2025 09:00,9,12,339,20.11,600.47,479.72,19.62,67.94,48.83
05-12-2025 10:00,10,12,339,22.74,718.35,555.02,22.96,62.49,59.5
05-12-2025 11:00,11,12,339,33.99,719.71,475.1,26.07,63.04,57.79
05-12-2025 12:00,12,12,339,57.87,566,238.48,26.08,52.62,44.83
05-12-2025 13:00,13,12,339,28.82,757.12,538.89,27.85,56.69,60.48
05-12-2025 14:00,14,12,339,28.66,679.89,485.05,30.46,57.57,53.45
05-12-2025 15:00,15,12,339,81.46,275.12,51.02,26.27,56.97,22.77
05-12-2025 16:00,16,12,339,58.03,282.39,118.52,30.15,50.32,23.31
05-12-2025 17:00,17,12,339,62.05,138.37,52.52,29.16,65.07,11.49
05-12-2025 18:00,18,12,339,0,0,0,23.72,51.17,0.16
05-12-2025 19:00,19,12,339,26.03,0,0,28.1,47.28,0
05-12-2025 20:00,20,12,339,31.24,0,0,20.64,59.51,0
05-12-2025 21:00,21,12,339,39.27,0,0,23.69,61.32,0
05-12-2025 22:00,22,12,339,70.73,0,0,19.9,63.92,0
05-12-2025 23:00,23,12,339,79.07,0,0,14.81,63.94,0
06-12-2025 00:00,0,12,340,8.19,0,0,13.08,62.75,0
06-12-2025 01:00,1,12,340,3.55,0,0,10.89,66.59,0
06-12-2025 02:00,2,12,340,34.77,0,0,12.41,65.9,0
06-12-2025 03:00,3,12,340,48.73,0,0,8.86,67.14,0
06-12-2025 04:00,4,12,340,46.26,0,0,10.8,72.26,0
06-12-2025 05:00,5,12,340,47.63,0,0,12.08,59.88,0
06-12-2025 06:00,6,12,340,27.49,0,0,12.17,61.5,0
06-12-2025 07:00,7,12,340,19.3,221.36,178.64,14.8,60.55,15.79
06-12-2025 08:00,8,12,340,0,500,500,16.63,54.95,39.11
06-12-2025 09:00,9,12,340,55.65,412,182.74,23.34,52.34,31.71
06-12-2025 10:00,10,12,340,38.93,613.14,374.41,22.53,65.85,48.33
06-12-2025 11:00,11,12,340,9.69,895.73,808.93,25.95,52.37,68.88
06-12-2025 12:00,12,12,340,10.18,923.64,829.6,24.79,61.61,73.46
06-12-2025 13:00,13,12,340,42.77,656.1,375.5,27.95,53.62,52.59
06-12-2025 14:00,14,12,340,26.27,695.42,512.77,29.16,51.09,54.75
06-12-2025 15:00,15,12,340,43.21,477.97,271.46,28.63,51.4,36.71
06-12-2025 16:00,16,12,340,20.35,423.68,337.46,30.42,56.86,33.98
06-12-2025 17:00,17,12,340,38.32,184.44,113.76,29.93,61.48,12.86
06-12-2025 18:00,18,12,340,0,0,0,28.5,55.26,0
06-12-2025 19:00,19,12,340,47.37,0,0,25.43,57.27,0
06-12-2025 20:00,20,12,340,24.63,0,0,19.66,56.39,0
06-12-2025 21:00,21,12,340,20.36,0,0,20.63,64.36,0
06-12-2025 22:00,22,12,340,18.32,0,0,18.74,57.97,0
06-12-2025 23:00,23,12,340,39.85,0,0,12.57,52.59,0
07-12-2025 00:00,0,12,341,0.5,0,0,12.18,66.37,0
07-12-2025 01:00,1,12,341,53.67,0,0,13.61,59.66,0
07-12-2025 02:00,2,12,341,17.24,0,0,11.02,62.04,0
07-12-2025 03:00,3,12,341,5.84,0,0,8.39,65.32,0
07-12-2025 04:00,4,12,341,0.38,0,0,8.92,66.1,0
07-12-2025 05:00,5,12,341,22.72,0,0,13.35,72.16,0
07-12-2025 06:00,6,12,341,35.17,0,0,12.03,71.05,0
07-12-2025 07:00,7,12,341,27.65,205.14,148.41,14.71,67.32,16.75
07-12-2025 08:00,8,12,341,36.18,364.31,232.5,18.19,63.07,30.33
07-12-2025 09:00,9,12,341,25.23,573.3,428.66,23.22,56.44,45.24
07-12-2025 10:00,10,12,341,13.03,781.38,679.55,24.73,64.44,61.39
07-12-2025 11:00,11,12,341,17.73,837.5,689.03,24.3,54.28,67.88
07-12-2025 12:00,12,12,341,62.08,534.38,202.62,28.89,66.21,40.32
07-12-2025 13:00,13,12,341,22.72,801.32,619.25,28.1,59.29,62.29
07-12-2025 14:00,14,12,341,45.68,569.35,309.29,28.85,55.2,44.94
07-12-2025 15:00,15,12,341,24.88,575.17,432.07,27.6,56.93,46.16
07-12-2025 16:00,16,12,341,46.4,326.01,174.75,30.02,48.12,24.71
07-12-2025 17:00,17,12,341,16.86,226.1,187.99,28.04,66.62,18.69
07-12-2025 18:00,18,12,341,36.8,0,0,25.46,58.39,1.07
07-12-2025 19:00,19,12,341,32.16,0,0,23.37,63.32,0
07-12-2025 20:00,20,12,341,29.16,0,0,22.43,55.92,0
07-12-2025 21:00,21,12,341,74.17,0,0,22.16,53.75,0
07-12-2025 22:00,22,12,341,52.25,0,0,16.75,63.12,0
07-12-2025 23:00,23,12,341,34.42,0,0,12.41,59.17,0
08-12-2025 00:00,0,12,342,40.11,0,0,13.96,61.34,0
08-12-2025 01:00,1,12,342,0,0,0,13.85,57.11,0
08-12-2025 02:00,2,12,342,14.09,0,0,8.41,54.15,0
08-12-2025 03:00,3,12,342,31.37,0,0,9.97,63.82,0
08-12-2025 04:00,4,12,342,33.13,0,0,12.57,66.75,0
08-12-2025 05:00,5,12,342,17.44,0,0,11.53,76.37,0
08-12-2025 06:00,6,12,342,53.3,0,0,12.2,59.38,0
08-12-2025 07:00,7,12,342,49.51,162.7,82.14,15.85,67.23,12.85
08-12-2025 08:00,8,12,342,17.39,434.78,359.16,18.08,53.84,35.18
08-12-2025 09:00,9,12,342,60.31,387.26,153.7,16.41,68.36,30.07
08-12-2025 10:00,10,12,342,1.19,858.3,848.08,22.36,63.6,66.76
08-12-2025 11:00,11,12,342,31.76,735.85,502.14,24.11,51.34,59.07
08-12-2025 12:00,12,12,342,7.29,945.34,876.44,28.14,49.74,74.36
08-12-2025 13:00,13,12,342,61.24,522.3,202.46,29.8,56.03,42.52
08-12-2025 14:00,14,12,342,27.48,687.51,498.56,29.61,47.46,52.42
08-12-2025 15:00,15,12,342,0,707.11,707.11,32.39,47.79,55.8
08-12-2025 16:00,16,12,342,13.88,447.95,385.78,30.41,54.26,33.11
08-12-2025 17:00,17,12,342,52.3,157.3,75.03,28.54,58.03,12.7
08-12-2025 18:00,18,12,342,42.17,0,0,28.47,55.73,0
08-12-2025 19:00,19,12,342,5.81,0,0,29.13,53.34,0
08-12-2025 20:00,20,12,342,27.96,0,0,23.13,55.73,0
08-12-2025 21:00,21,12,342,25.49,0,0,23.16,51.7,0
08-12-2025 22:00,22,12,342,6.41,0,0,19.17,63.11,0
08-12-2025 23:00,23,12,342,69.39,0,0,15.4,67.53,0
09-12-2025 00:00,0,12,343,41.58,0,0,12.4,58.64,0
09-12-2025 01:00,1,12,343,32.32,0,0,9.37,67.41,0
09-12-2025 02:00,2,12,343,31.65,0,0,13.67,63.92,0
09-12-2025 03:00,3,12,343,29.6,0,0,10.17,68.14,0
09-12-2025 04:00,4,12,343,24.65,0,0,9.11,66.29,0
09-12-2025 05:00,5,12,343,37.05,0,0,9.13,68.34,0
09-12-2025 06:00,6,12,343,14.02,0,0,14.6,70.85,0
09-12-2025 07:00,7,12,343,51.48,158.88,77.09,14.25,59.11,12.86
09-12-2025 08:00,8,12,343,10.47,460.74,412.51,16.16,62.38,38.58
09-12-2025 09:00,9,12,343,35.67,517.95,333.22,18.99,62.96,41.35
09-12-2025 10:00,10,12,343,10.61,797.12,712.56,23.26,58.58,64.7
09-12-2025 11:00,11,12,343,33.54,722.95,480.47,27.34,65.84,57.91
09-12-2025 12:00,12,12,343,29.06,782.08,554.84,24.48,60.57,62.85
09-12-2025 13:00,13,12,343,61.46,520.69,200.68,29.19,59.11,40.49
09-12-2025 14:00,14,12,343,53.63,517.7,240.06,30.19,58.27,41.44
09-12-2025 15:00,15,12,343,48.62,449.25,230.82,31.47,60.61,34.84
09-12-2025 16:00,16,12,343,50.34,311.22,154.54,30.01,59.92,24.66
09-12-2025 17:00,17,12,343,30.1,200.39,140.08,25.88,53.73,16.1
09-12-2025 18:00,18,12,343,26.63,0,0,26.24,59.61,0
09-12-2025 19:00,19,12,343,28.81,0,0,24.69,54.69,0
09-12-2025 20:00,20,12,343,65.52,0,0,22.33,50.71,0
09-12-2025 21:00,21,12,343,35.43,0,0,20.53,59.78,0
09-12-2025 22:00,22,12,343,37.17,0,0,13.38,49.09,0
09-12-2025 23:00,23,12,343,17.08,0,0,17.74,56.29,0
10-12-2025 00:00,0,12,344,31.65,0,0,13.35,60.98,0
10-12-2025 01:00,1,12,344,8.35,0,0,12.1,56.12,0
10-12-2025 02:00,2,12,344,3.74,0,0,13.05,59.68,0
10-12-2025 03:00,3,12,344,61.74,0,0,10.95,70.78,0
10-12-2025 04:00,4,12,344,50.6,0,0,10.64,64.93,0
10-12-2025 05:00,5,12,344,37.24,0,0,14.17,61.83,0
10-12-2025 06:00,6,12,344,14.52,0,0,15.35,67.5,0
10-12-2025 07:00,7,12,344,26.1,208.15,153.81,12.67,60.1,18.19
10-12-2025 08:00,8,12,344,23.94,410.21,311.99,16.86,65.7,31.86
10-12-2025 09:00,9,12,344,32.58,534.33,360.25,16.95,59.93,42.39
10-12-2025 10:00,10,12,344,42.29,591.35,341.27,21.77,57.31,47.19
10-12-2025 11:00,11,12,344,0,965.93,965.93,26,54.4,76.18
10-12-2025 12:00,12,12,344,11.41,914.45,810.15,31.35,61.47,72.6
10-12-2025 13:00,13,12,344,21.11,813,641.39,26.33,56.38,66.68
10-12-2025 14:00,14,12,344,27.39,688.12,499.64,27.39,56.32,54.39
10-12-2025 15:00,15,12,344,8.32,662.97,607.79,29.6,60.54,51.38
10-12-2025 16:00,16,12,344,85.26,180.29,26.58,27.45,46.5,13.81
10-12-2025 17:00,17,12,344,33.44,193.9,129.06,28.67,59.21,17.82
10-12-2025 18:00,18,12,344,33.38,0,0,25.92,59.19,0
10-12-2025 19:00,19,12,344,49.45,0,0,28.59,58.82,0
10-12-2025 20:00,20,12,344,38.3,0,0,20.67,55.35,0
10-12-2025 21:00,21,12,344,38.71,0,0,22.24,72.4,0
10-12-2025 22:00,22,12,344,8.76,0,0,17.4,60.58,0
10-12-2025 23:00,23,12,344,45.64,0,0,16.99,61.5,0
11-12-2025 00:00,0,12,345,17.91,0,0,13.1,60.05,0
11-12-2025 01:00,1,12,345,10.15,0,0,11.4,69.66,0
11-12-2025 02:00,2,12,345,0,0,0,11.59,67.69,0
11-12-2025 03:00,3,12,345,13.93,0,0,11.65,76.59,0
11-12-2025 04:00,4,12,345,27.77,0,0,13.46,61.39,0
11-12-2025 05:00,5,12,345,57.79,0,0,9.24,71.93,0
11-12-2025 06:00,6,12,345,10.11,0,0,12.75,61.79,0
11-12-2025 07:00,7,12,345,10.59,238.27,213.04,13.26,63.62,19.24
11-12-2025 08:00,8,12,345,11.31,457.57,405.8,18.62,52.38,36.54
11-12-2025 09:00,9,12,345,30.58,544.93,378.28,20.6,56.62,43.4
11-12-2025 10:00,10,12,345,45.59,569.92,310.1,20.88,57.74,42.57
11-12-2025 11:00,11,12,345,43.03,654.17,372.66,22.65,53.77,52.91
11-12-2025 12:00,12,12,345,56.52,576.14,250.53,25.22,63.79,45.44
11-12-2025 13:00,13,12,345,59.22,536.92,218.97,30.23,50.38,42.24
11-12-2025 14:00,14,12,345,4.06,839.67,805.61,29.6,52.81,65.14
11-12-2025 15:00,15,12,345,9.66,655.88,592.53,29.75,48.64,52.04
11-12-2025 16:00,16,12,345,49.78,313.31,157.33,28.47,50.74,23.9
11-12-2025 17:00,17,12,345,47.94,165.77,86.3,27.56,57,13.38
11-12-2025 18:00,18,12,345,10.01,0,0,28.65,50.2,0.35
11-12-2025 19:00,19,12,345,45.65,0,0,23.8,53.12,0
11-12-2025 20:00,20,12,345,0,0,0,22.75,57.74,0
11-12-2025 21:00,21,12,345,20.02,0,0,18.4,60.56,0
11-12-2025 22:00,22,12,345,22.46,0,0,19.04,56.4,0
11-12-2025 23:00,23,12,345,53.7,0,0,16.83,54.62,0
12-12-2025 00:00,0,12,346,55.96,0,0,11.61,73.02,0
12-12-2025 01:00,1,12,346,32.27,0,0,10.4,69.55,0
12-12-2025 02:00,2,12,346,40.47,0,0,5.64,68.06,0
12-12-2025 03:00,3,12,346,20.62,0,0,9.95,64.12,0
12-12-2025 04:00,4,12,346,23.64,0,0,12.35,61.02,0
12-12-2025 05:00,5,12,346,52.42,0,0,10.98,72.46,0
12-12-2025 06:00,6,12,346,39.87,0,0,13.15,57.99,0
12-12-2025 07:00,7,12,346,11.94,235.64,207.51,11.56,70.21,18.64
12-12-2025 08:00,8,12,346,22.68,414.94,320.81,15.51,60.01,34.18
12-12-2025 09:00,9,12,346,60.24,387.63,154.11,20.46,57.83,31.92
12-12-2025 10:00,10,12,346,34.46,642.22,420.92,22.02,52.41,50.36
12-12-2025 11:00,11,12,346,39.62,678.88,409.89,24.18,60.11,53.38
12-12-2025 12:00,12,12,346,31.72,762.1,520.36,28.08,54.32,59.9
12-12-2025 13:00,13,12,346,48.6,613.87,315.55,29.25,61.08,47.29
12-12-2025 14:00,14,12,346,21.47,726.57,570.58,29.44,56.61,56.48
12-12-2025 15:00,15,12,346,26.22,568.05,419.1,29.23,58.93,44.99
12-12-2025 16:00,16,12,346,26.91,399.09,291.7,31.5,55.76,31.7
12-12-2025 17:00,17,12,346,27.11,206.2,150.31,27.57,61.52,15.53
12-12-2025 18:00,18,12,346,34.46,0,0,27.86,45.63,0.3
12-12-2025 19:00,19,12,346,37.33,0,0,21.75,66.4,0
12-12-2025 20:00,20,12,346,26.42,0,0,22.41,57.08,0
12-12-2025 21:00,21,12,346,58.2,0,0,16.55,63.29,0
12-12-2025 22:00,22,12,346,0.89,0,0,14.98,62.13,0
12-12-2025 23:00,23,12,346,37.86,0,0,14.73,55.84,0
13-12-2025 00:00,0,12,347,35.27,0,0,13.27,62.91,0
13-12-2025 01:00,1,12,347,14.48,0,0,12.14,61.13,0
13-12-2025 02:00,2,12,347,74.99,0,0,7.18,58.77,0
13-12-2025 03:00,3,12,347,61.65,0,0,9.02,63.43,0
13-12-2025 04:00,4,12,347,12.02,0,0,8.88,64.9,0
13-12-2025 05:00,5,12,347,41.35,0,0,11.11,57.82,0
13-12-2025 06:00,6,12,347,0,0,0,9.03,70.01,0
13-12-2025 07:00,7,12,347,52.1,157.68,75.52,16.03,65.03,12.28
13-12-2025 08:00,8,12,347,23.3,412.64,316.51,19.18,60.43,34.27
13-12-2025 09:00,9,12,347,24.26,578.43,438.09,21.61,67.82,44.07
13-12-2025 10:00,10,12,347,25.49,700.45,521.89,20.43,65.96,56.94
13-12-2025 11:00,11,12,347,56,560.23,246.5,26.95,52.99,44.73
13-12-2025 12:00,12,12,347,17.26,870.54,720.27,28.69,59.97,69.26
13-12-2025 13:00,13,12,347,53.23,580.31,271.42,25.7,52.85,46.55
13-12-2025 14:00,14,12,347,20.36,733.8,584.42,27.65,61.53,56.93
13-12-2025 15:00,15,12,347,44.53,470.94,261.22,31.8,63.22,36.54
13-12-2025 16:00,16,12,347,15.12,443.29,376.25,28.26,52.74,36.33
13-12-2025 17:00,17,12,347,0,258.82,258.82,27.23,61.96,18.54
13-12-2025 18:00,18,12,347,30.61,0,0,24.75,52.06,0.18
13-12-2025 19:00,19,12,347,51.62,0,0,26.1,57.1,0
13-12-2025 20:00,20,12,347,48,0,0,24.65,73.32,0
13-12-2025 21:00,21,12,347,21.95,0,0,19.66,54.9,0
13-12-2025 22:00,22,12,347,31.29,0,0,18.77,57.99,0
13-12-2025 23:00,23,12,347,5.1,0,0,17.11,64.78,0
14-12-2025 00:00,0,12,348,50.04,0,0,12.73,81.8,0
14-12-2025 01:00,1,12,348,2.17,0,0,11.04,64.11,0
14-12-2025 02:00,2,12,348,26.15,0,0,8.03,66.99,0
14-12-2025 03:00,3,12,348,0,0,0,11.14,72.8,0
14-12-2025 04:00,4,12,348,28.89,0,0,12.01,59.6,0
14-12-2025 05:00,5,12,348,26.82,0,0,13.89,65.57,0
14-12-2025 06:00,6,12,348,69.32,0,0,12.58,61.11,0
14-12-2025 07:00,7,12,348,8.18,242.94,223.07,12.26,62,19
14-12-2025 08:00,8,12,348,0,500,500,16.31,61.19,40.29
14-12-2025 09:00,9,12,348,49.35,445.39,225.6,19.88,50.27,36.88
14-12-2025 10:00,10,12,348,25.14,702.75,526.09,21.35,57.87,55.75
14-12-2025 11:00,11,12,348,28.95,756.22,537.31,23.79,61.16,60.67
14-12-2025 12:00,12,12,348,11.05,917.15,815.83,24.7,55.69,73.35
14-12-2025 13:00,13,12,348,33.62,722.35,479.47,32.38,55.17,55.95
14-12-2025 14:00,14,12,348,5.34,831.33,786.93,28.7,56.32,66.58
14-12-2025 15:00,15,12,348,61.02,383.5,149.49,28.72,46.81,29.18
14-12-2025 16:00,16,12,348,24.57,407.87,307.67,26.98,50.92,32.5
14-12-2025 17:00,17,12,348,47.43,166.75,87.65,30.62,53.45,14.22
14-12-2025 18:00,18,12,348,30.24,0,0,27.56,51.67,1.27
14-12-2025 19:00,19,12,348,35.29,0,0,28.19,62.2,0
14-12-2025 20:00,20,12,348,0,0,0,20.23,66.14,0
14-12-2025 21:00,21,12,348,42.51,0,0,19.38,57.49,0
14-12-2025 22:00,22,12,348,38.07,0,0,18.72,61.1,0
14-12-2025 23:00,23,12,348,27.3,0,0,15.44,56.97,0
15-12-2025 00:00,0,12,349,32.88,0,0,13.26,66.66,0
15-12-2025 01:00,1,12,349,40.33,0,0,12.52,59.64,0
15-12-2025 02:00,2,12,349,8.25,0,0,8.96,56.43,0
15-12-2025 03:00,3,12,349,47.87,0,0,10.66,63.54,0
15-12-2025 04:00,4,12,349,32.51,0,0,10.66,63.36,0
15-12-2025 05:00,5,12,349,9.66,0,0,12.23,64.89,0
15-12-2025 06:00,6,12,349,26.83,0,0,11.7,62.63,0
15-12-2025 07:00,7,12,349,36.91,187.17,118.08,16.28,68.48,14.36
15-12-2025 08:00,8,12,349,33.63,373.9,248.18,16.23,63.7,31.64
15-12-2025 09:00,9,12,349,37.71,507.12,315.89,20.13,51.1,40.4
15-12-2025 10:00,10,12,349,30.89,665.41,459.89,19.15,67.66,53.85
15-12-2025 11:00,11,12,349,24.45,788.83,595.99,23.13,62.06,63.2
15-12-2025 12:00,12,12,349,45.28,660.4,361.37,25.88,51.23,53.5
15-12-2025 13:00,13,12,349,10.52,889.75,796.18,28.14,64.32,69.32
15-12-2025 14:00,14,12,349,43.74,581.91,327.37,24.04,55.47,46.02
15-12-2025 15:00,15,12,349,25.13,573.83,429.63,28.97,51.41,44.88
15-12-2025 16:00,16,12,349,40.38,348.56,207.8,29.54,54.4,28.03
15-12-2025 17:00,17,12,349,60.25,141.87,56.4,31.54,54.77,10.55
15-12-2025 18:00,18,12,349,32.29,0,0,27.63,58.21,0
15-12-2025 19:00,19,12,349,26.76,0,0,25.5,59.51,0
15-12-2025 20:00,20,12,349,34.37,0,0,18.96,57.02,0
15-12-2025 21:00,21,12,349,8.69,0,0,20.09,53.57,0
15-12-2025 22:00,22,12,349,23.54,0,0,17.15,71.31,0
15-12-2025 23:00,23,12,349,42.75,0,0,17.98,64.29,0
16-12-2025 00:00,0,12,350,38.87,0,0,15.35,63.01,0
16-12-2025 01:00,1,12,350,0,0,0,10.42,68.91,0
16-12-2025 02:00,2,12,350,23.26,0,0,8.07,70.3,0
16-12-2025 03:00,3,12,350,28.44,0,0,10.63,67.63,0
16-12-2025 04:00,4,12,350,0,0,0,8.48,60.13,0
16-12-2025 05:00,5,12,350,36.54,0,0,13.95,66.39,0
16-12-2025 06:00,6,12,350,44.88,0,0,12.23,53.59,0
16-12-2025 07:00,7,12,350,0,258.82,258.82,15.78,58.72,19.5
16-12-2025 08:00,8,12,350,0,500,500,18.75,63.69,39.65
16-12-2025 09:00,9,12,350,26.36,567.29,417.74,18.21,59.74,43.73
16-12-2025 10:00,10,12,350,36.85,626.7,395.79,21.28,62.99,49.85
16-12-2025 11:00,11,12,350,41.17,667.64,392.74,23.47,61.27,51.91
16-12-2025 12:00,12,12,350,23.8,821.49,625.96,31.07,60,64.83
16-12-2025 13:00,13,12,350,0,965.93,965.93,27.3,54.53,74.46
16-12-2025 14:00,14,12,350,23.22,715.2,549.13,30.7,56.5,56.12
16-12-2025 15:00,15,12,350,64.84,363.25,127.72,29.7,46.76,29.15
16-12-2025 16:00,16,12,350,9.93,462.75,416.78,30.87,63.32,36.54
16-12-2025 17:00,17,12,350,52,157.88,75.79,23.46,58.05,13.17
16-12-2025 18:00,18,12,350,3.16,0,0,25.21,56.73,1.31
16-12-2025 19:00,19,12,350,48.54,0,0,25.31,61.87,0
16-12-2025 20:00,20,12,350,12.02,0,0,19.06,59.66,0
16-12-2025 21:00,21,12,350,0,0,0,21.2,58.72,0
16-12-2025 22:00,22,12,350,12.78,0,0,21.36,60.57,0
16-12-2025 23:00,23,12,350,30.38,0,0,16.96,66.69,0
17-12-2025 00:00,0,12,351,17.48,0,0,11.52,64.45,0
17-12-2025 01:00,1,12,351,43.5,0,0,11.77,58.98,0
17-12-2025 02:00,2,12,351,34.21,0,0,11.02,67.63,0
17-12-2025 03:00,3,12,351,0,0,0,2.87,76.32,0
17-12-2025 04:00,4,12,351,23.2,0,0,8.23,65.72,0
17-12-2025 05:00,5,12,351,16.59,0,0,13.3,59.06,0
17-12-2025 06:00,6,12,351,5.38,0,0,12.99,62.17,0
17-12-2025 07:00,7,12,351,48.65,164.38,84.4,13.84,64.26,12.67
17-12-2025 08:00,8,12,351,9.15,465.7,423.11,16.91,62.8,36.41
17-12-2025 09:00,9,12,351,24.34,578.01,437.31,21.22,64.17,45.36
17-12-2025 10:00,10,12,351,20.77,731.12,579.27,23.6,60.26,59.2
17-12-2025 11:00,11,12,351,39.31,681.15,413.39,27.89,49.91,53.23
17-12-2025 12:00,12,12,351,47,647.53,343.21,26.57,60.39,51.68
17-12-2025 13:00,13,12,351,11.02,886.11,788.48,23.3,65.46,69.78
17-12-2025 14:00,14,12,351,21.77,724.63,566.89,27.59,60.03,57.66
17-12-2025 15:00,15,12,351,37.28,509.4,319.49,32.07,51.73,37.26
17-12-2025 16:00,16,12,351,0,500,500,26.72,46.66,40.99
17-12-2025 17:00,17,12,351,54.19,153.63,70.37,27.96,54.24,12.3
17-12-2025 18:00,18,12,351,45.12,0,0,26.76,52.42,0
17-12-2025 19:00,19,12,351,7.04,0,0,22.98,56.42,0
17-12-2025 20:00,20,12,351,31.49,0,0,24.63,54.17,0
17-12-2025 21:00,21,12,351,28.72,0,0,19.08,63.79,0
17-12-2025 22:00,22,12,351,27.01,0,0,18.24,60.44,0
17-12-2025 23:00,23,12,351,12.08,0,0,15.66,65.03,0
18-12-2025 00:00,0,12,352,54.08,0,0,12.93,65.85,0
18-12-2025 01:00,1,12,352,35.28,0,0,14.89,60.98,0
18-12-2025 02:00,2,12,352,42.28,0,0,11.77,64.13,0
18-12-2025 03:00,3,12,352,46.48,0,0,14.56,68.02,0
18-12-2025 04:00,4,12,352,58.8,0,0,11.63,57.5,0
18-12-2025 05:00,5,12,352,21.37,0,0,13.34,54.91,0
18-12-2025 06:00,6,12,352,0,0,0,15.61,62.7,0
18-12-2025 07:00,7,12,352,36.69,187.61,118.78,15.67,53.47,15.73
18-12-2025 08:00,8,12,352,14.96,443.91,377.51,14.49,62.41,35.01
18-12-2025 09:00,9,12,352,15.73,623.68,525.58,19.42,67.54,48.98
18-12-2025 10:00,10,12,352,35.02,638.53,414.89,23.54,50.14,50.66
18-12-2025 11:00,11,12,352,18.86,829.29,672.88,23.46,59.24,67.16
18-12-2025 12:00,12,12,352,39.31,705.19,428,28.8,54.03,55.96
18-12-2025 13:00,13,12,352,36.18,703.79,449.13,27.76,51.17,53.54
18-12-2025 14:00,14,12,352,35.62,634.66,408.58,28.77,60.6,49.16
18-12-2025 15:00,15,12,352,0,707.11,707.11,30.32,56.55,55.44
18-12-2025 16:00,16,12,352,31.1,383.36,264.12,28.71,55.74,28.77
18-12-2025 17:00,17,12,352,25.32,209.66,156.57,30.19,61.6,16.24
18-12-2025 18:00,18,12,352,49.08,0,0,28.85,52.4,0
18-12-2025 19:00,19,12,352,26.53,0,0,22.75,59.59,0
18-12-2025 20:00,20,12,352,4.94,0,0,23.99,56.17,0
18-12-2025 21:00,21,12,352,25.91,0,0,18.01,62.24,0
18-12-2025 22:00,22,12,352,40.36,0,0,18.23,57.56,0
18-12-2025 23:00,23,12,352,57.37,0,0,14.08,69.39,0
19-12-2025 00:00,0,12,353,25.09,0,0,13.95,65.92,0
19-12-2025 01:00,1,12,353,36.54,0,0,11.48,70.42,0
19-12-2025 02:00,2,12,353,8.99,0,0,8.75,69.97,0
19-12-2025 03:00,3,12,353,56.78,0,0,10.48,68.1,0
19-12-2025 04:00,4,12,353,38.9,0,0,9.19,69.65,0
19-12-2025 05:00,5,12,353,30.17,0,0,14.17,68.75,0
19-12-2025 06:00,6,12,353,0,0,0,16.43,57.71,0
19-12-2025 07:00,7,12,353,27.7,205.05,148.25,17.75,64.08,14.4
19-12-2025 08:00,8,12,353,2.52,490.57,478.22,17.86,55.65,38.69
19-12-2025 09:00,9,12,353,42.92,479.51,273.72,22.75,54.41,39.16
19-12-2025 10:00,10,12,353,14.4,772.49,661.24,21.35,56.99,60.85
19-12-2025 11:00,11,12,353,54.52,570.98,259.69,26.12,54.39,47.09
19-12-2025 12:00,12,12,353,24.86,813.52,611.25,25.87,57.55,63.58
19-12-2025 13:00,13,12,353,53.98,574.84,264.52,27.41,65.31,44.92
19-12-2025 14:00,14,12,353,16.27,760.32,636.59,30.61,53.5,58.34
19-12-2025 15:00,15,12,353,59.23,393,160.23,26.76,49.53,32.75
19-12-2025 16:00,16,12,353,0.34,498.72,497.01,29.05,62.5,38.48
19-12-2025 17:00,17,12,353,23.1,213.97,164.54,27.52,53.08,16.11
19-12-2025 18:00,18,12,353,18.7,0,0,30.67,56.37,0.1
19-12-2025 19:00,19,12,353,35.05,0,0,21.86,58.18,0
19-12-2025 20:00,20,12,353,6.08,0,0,23.3,45.33,0
19-12-2025 21:00,21,12,353,46.09,0,0,17.86,60.37,0
19-12-2025 22:00,22,12,353,50.19,0,0,17.91,58.84,0
19-12-2025 23:00,23,12,353,28.54,0,0,13.76,63.57,0
20-12-2025 00:00,0,12,354,56.93,0,0,14.61,71.5,0
20-12-2025 01:00,1,12,354,29.12,0,0,8.44,73.15,0
20-12-2025 02:00,2,12,354,49.92,0,0,10.6,66.2,0
20-12-2025 03:00,3,12,354,30.07,0,0,12.2,60.73,0
20-12-2025 04:00,4,12,354,67.42,0,0,11.08,59.8,0
20-12-2025 05:00,5,12,354,33.02,0,0,10.54,52.33,0
20-12-2025 06:00,6,12,354,30.8,0,0,9.74,66.48,0
20-12-2025 07:00,7,12,354,13.65,232.33,200.63,18,60.13,17.41
20-12-2025 08:00,8,12,354,43.32,337.53,191.3,13.62,60.9,26.07
20-12-2025 09:00,9,12,354,47.01,457.78,242.55,18.37,61.83,35.23
20-12-2025 10:00,10,12,354,30.5,667.95,464.25,24.83,47.75,54
20-12-2025 11:00,11,12,354,44.47,643.74,357.45,28.23,58.19,50.88
20-12-2025 12:00,12,12,354,5.77,956.7,901.46,28.17,60.01,75.63
20-12-2025 13:00,13,12,354,32.03,733.91,498.87,27.39,60.79,59.52
20-12-2025 14:00,14,12,354,28.94,678.05,481.81,30.54,55.09,53.28
20-12-2025 15:00,15,12,354,71.74,326.62,92.29,28.56,46.18,27.96
20-12-2025 16:00,16,12,354,34.04,372.35,245.6,23.76,58.89,30.53
20-12-2025 17:00,17,12,354,32.42,195.88,132.38,30.56,59.44,15.3
20-12-2025 18:00,18,12,354,11.63,0,0,27.22,56.71,0.13
20-12-2025 19:00,19,12,354,34.93,0,0,28.11,58.8,0
20-12-2025 20:00,20,12,354,51.38,0,0,19.73,55.5,0
20-12-2025 21:00,21,12,354,6.34,0,0,20.64,55.81,0
20-12-2025 22:00,22,12,354,29.18,0,0,15.31,63.5,0
20-12-2025 23:00,23,12,354,31.8,0,0,14.88,67.37,0
21-12-2025 00:00,0,12,355,47.52,0,0,14.42,63.6,0
21-12-2025 01:00,1,12,355,15.95,0,0,9.13,61.58,0
21-12-2025 02:00,2,12,355,13.85,0,0,7.8,62.37,0
21-12-2025 03:00,3,12,355,0.28,0,0,10.81,58.43,0
21-12-2025 04:00,4,12,355,28.18,0,0,9.15,67.35,0
21-12-2025 05:00,5,12,355,27.92,0,0,9.79,65.65,0
21-12-2025 06:00,6,12,355,25.32,0,0,14.43,60.72,0
21-12-2025 07:00,7,12,355,21.72,216.65,169.58,15.25,53.83,18.2
21-12-2025 08:00,8,12,355,14.82,444.42,378.55,16.17,65.62,34.87
21-12-2025 09:00,9,12,355,69.77,337.09,101.9,19.59,66.61,29.3
21-12-2025 10:00,10,12,355,43.18,585.58,332.74,25.48,51.4,46.55
21-12-2025 11:00,11,12,355,14.44,861.34,736.99,26.55,49.77,68.46
21-12-2025 12:00,12,12,355,36.06,729.55,466.47,27.26,52.05,58.53
21-12-2025 13:00,13,12,355,5.29,927.58,878.48,22.23,60.31,76.02
21-12-2025 14:00,14,12,355,55.09,508.18,228.2,29.15,60.11,40.09
21-12-2025 15:00,15,12,355,51.1,436.1,213.24,29.65,60.04,33.68
21-12-2025 16:00,16,12,355,0.04,499.83,499.61,29.28,50.3,39.78
21-12-2025 17:00,17,12,355,28.08,204.31,146.93,25.5,58.85,16.64
21-12-2025 18:00,18,12,355,35.29,0,0,26.15,60.48,1.14
21-12-2025 19:00,19,12,355,15.79,0,0,30.62,56.24,0
21-12-2025 20:00,20,12,355,51.15,0,0,22.78,55.64,0
21-12-2025 21:00,21,12,355,0,0,0,19.44,55.26,0
21-12-2025 22:00,22,12,355,55.61,0,0,18.25,62.5,0
21-12-2025 23:00,23,12,355,22.13,0,0,14.6,64.9,0
22-12-2025 00:00,0,12,356,27.72,0,0,10.06,69.93,0
22-12-2025 01:00,1,12,356,21.91,0,0,12.64,61.16,0
22-12-2025 02:00,2,12,356,15.87,0,0,12.14,61.88,0
22-12-2025 03:00,3,12,356,41.32,0,0,8.68,69.17,0
22-12-2025 04:00,4,12,356,56.88,0,0,11.62,58.04,0
22-12-2025 05:00,5,12,356,30.61,0,0,10.43,67.16,0
22-12-2025 06:00,6,12,356,50.06,0,0,13.99,57.18,0
22-12-2025 07:00,7,12,356,0,258.82,258.82,13.22,58.31,20.41
22-12-2025 08:00,8,12,356,29.51,389.33,274.43,16.31,60.19,31.3
22-12-2025 09:00,9,12,356,33.09,531.62,355.7,20.4,63.4,43.15
22-12-2025 10:00,10,12,356,10.42,798.33,715.12,25.95,54.6,62.7
22-12-2025 11:00,11,12,356,49.11,610.14,310.5,24.32,50.59,51.29
22-12-2025 12:00,12,12,356,39.17,706.22,429.6,26.22,62.97,56.65
22-12-2025 13:00,13,12,356,21.48,810.3,636.24,31.94,64,62.32
22-12-2025 14:00,14,12,356,28.89,678.36,482.37,27.56,58.8,53.71
22-12-2025 15:00,15,12,356,3.03,691.03,670.07,28.24,52.21,53.52
22-12-2025 16:00,16,12,356,23.18,413.07,317.31,27.84,49.83,34.35
22-12-2025 17:00,17,12,356,42.25,176.8,102.09,28.77,56.76,14.78
22-12-2025 18:00,18,12,356,31.86,0,0,29.04,59.73,0
22-12-2025 19:00,19,12,356,7.37,0,0,26.8,56.06,0
22-12-2025 20:00,20,12,356,14.52,0,0,25.03,58.72,0
22-12-2025 21:00,21,12,356,32.62,0,0,20.23,60.89,0
22-12-2025 22:00,22,12,356,18.29,0,0,15.33,64.18,0
22-12-2025 23:00,23,12,356,40.03,0,0,17.19,75.2,0
23-12-2025 00:00,0,12,357,58.34,0,0,13.59,59.73,0
23-12-2025 01:00,1,12,357,1.25,0,0,13.54,63.73,0
23-12-2025 02:00,2,12,357,34.33,0,0,13.25,66.42,0
23-12-2025 03:00,3,12,357,19.34,0,0,10.57,63.44,0
23-12-2025 04:00,4,12,357,27.64,0,0,7.64,64.18,0
23-12-2025 05:00,5,12,357,1.08,0,0,8.95,65.63,0
23-12-2025 06:00,6,12,357,15.48,0,0,10.53,56.37,0
23-12-2025 07:00,7,12,357,6.13,246.93,231.8,13.28,59.2,19.56
23-12-2025 08:00,8,12,357,52.52,303.03,143.86,18.9,72.67,26.03
23-12-2025 09:00,9,12,357,38.27,504.14,311.2,17.17,60.51,40.75
23-12-2025 10:00,10,12,357,24.9,704.32,528.97,19.38,51.73,56.27
23-12-2025 11:00,11,12,357,16.79,844.28,702.52,24.82,61.56,68.13
23-12-2025 12:00,12,12,357,2.12,984.07,963.18,29.42,56.39,77.48
23-12-2025 13:00,13,12,357,50.46,600.37,297.42,26.16,56.5,47.65
23-12-2025 14:00,14,12,357,10.64,796.91,712.1,28.44,57.76,62.87
23-12-2025 15:00,15,12,357,28.65,555.14,396.07,27.75,60.88,42.59
23-12-2025 16:00,16,12,357,0.3,498.88,497.38,31.22,53.21,39.47
23-12-2025 17:00,17,12,357,47.19,167.22,88.31,30.06,55.68,12.53
23-12-2025 18:00,18,12,357,26.6,0,0,30.87,53.02,0
23-12-2025 19:00,19,12,357,67.88,0,0,26.71,54.85,0
23-12-2025 20:00,20,12,357,0,0,0,21.32,56.85,0
23-12-2025 21:00,21,12,357,0,0,0,19.83,57.17,0
23-12-2025 22:00,22,12,357,36.31,0,0,18.57,61.74,0
23-12-2025 23:00,23,12,357,48.52,0,0,13.4,60.84,0
24-12-2025 00:00,0,12,358,15.44,0,0,13.06,62.96,0
24-12-2025 01:00,1,12,358,0,0,0,10.61,68.96,0
24-12-2025 02:00,2,12,358,50.64,0,0,9.61,72.81,0
24-12-2025 03:00,3,12,358,22.12,0,0,12.11,59.06,0
24-12-2025 04:00,4,12,358,24.79,0,0,11,61.64,0
24-12-2025 05:00,5,12,358,10.42,0,0,13.3,59.24,0
24-12-2025 06:00,6,12,358,25.11,0,0,9.1,63.52,0
24-12-2025 07:00,7,12,358,22.18,215.76,167.89,17.22,58.54,17.11
24-12-2025 08:00,8,12,358,28.35,393.68,282.07,18.86,52.4,30.7
24-12-2025 09:00,9,12,358,28.07,558.25,401.55,18.3,50.75,43.33
24-12-2025 10:00,10,12,358,35.64,634.55,408.41,24.19,57.01,50.29
24-12-2025 11:00,11,12,358,51.05,596.1,291.8,26.98,51.03,48.12
24-12-2025 12:00,12,12,358,38.89,708.3,432.81,29.01,59.09,55.76
24-12-2025 13:00,13,12,358,21.45,810.53,636.67,27.83,53.42,63.66
24-12-2025 14:00,14,12,358,61.68,465.42,178.36,28.56,46.46,37.69
24-12-2025 15:00,15,12,358,35.97,516.33,330.59,27.14,57.22,39.83
24-12-2025 16:00,16,12,358,0,500,500,30.88,48.91,38.62
24-12-2025 17:00,17,12,358,23.19,213.81,164.23,27.62,58.06,17.81
24-12-2025 18:00,18,12,358,10.75,0,0,26.39,52,0.42
24-12-2025 19:00,19,12,358,54.07,0,0,26.78,53.1,0
24-12-2025 20:00,20,12,358,29.06,0,0,23.39,52.17,0
24-12-2025 21:00,21,12,358,37.09,0,0,21.46,60.91,0
24-12-2025 22:00,22,12,358,44.98,0,0,17.18,61.46,0
24-12-2025 23:00,23,12,358,35.39,0,0,15.64,62.58,0
25-12-2025 00:00,0,12,359,1.89,0,0,11.55,64.89,0
25-12-2025 01:00,1,12,359,7.05,0,0,12.73,57.34,0
25-12-2025 02:00,2,12,359,17.8,0,0,11.51,64.88,0
25-12-2025 03:00,3,12,359,32.81,0,0,6.38,61.39,0
25-12-2025 04:00,4,12,359,3.83,0,0,9.57,52.44,0
25-12-2025 05:00,5,12,359,63.29,0,0,8.83,72.19,0
25-12-2025 06:00,6,12,359,28.1,0,0,14.34,59.41,0
25-12-2025 07:00,7,12,359,43.53,174.31,98.43,16.73,69.08,15.94
25-12-2025 08:00,8,12,359,9.73,463.53,418.45,18.16,65.05,35.63
25-12-2025 09:00,9,12,359,36.96,511.09,322.18,20.61,51.17,39.73
25-12-2025 10:00,10,12,359,14.62,771.04,658.28,25.05,55.36,60.62
25-12-2025 11:00,11,12,359,73.25,435.3,116.46,25.03,50.47,35.56
25-12-2025 12:00,12,12,359,25.8,806.51,598.44,27.24,49.45,63.54
25-12-2025 13:00,13,12,359,41.84,662.8,385.46,28.75,48.4,51.93
25-12-2025 14:00,14,12,359,53.45,518.87,241.54,25.56,58.62,42.46
25-12-2025 15:00,15,12,359,14.66,629.38,537.14,33.16,52.02,47.72
25-12-2025 16:00,16,12,359,0,500,500,30.93,66.2,37.41
25-12-2025 17:00,17,12,359,11.84,235.83,207.91,25.5,61.15,17.82
25-12-2025 18:00,18,12,359,6.02,0,0,26.37,62.78,0
25-12-2025 19:00,19,12,359,12.38,0,0,23.57,57.85,0
25-12-2025 20:00,20,12,359,38.69,0,0,19.47,54.53,0
25-12-2025 21:00,21,12,359,26.52,0,0,21.65,64.7,0
25-12-2025 22:00,22,12,359,0,0,0,17.74,57.98,0
25-12-2025 23:00,23,12,359,43.52,0,0,16.56,64.27,0
26-12-2025 00:00,0,12,360,42.19,0,0,15.32,62.06,0
26-12-2025 01:00,1,12,360,75.86,0,0,10.72,74.66,0
26-12-2025 02:00,2,12,360,22.02,0,0,13.65,53.2,0
26-12-2025 03:00,3,12,360,17.42,0,0,9.28,63.6,0
26-12-2025 04:00,4,12,360,60.78,0,0,11.33,61.75,0
26-12-2025 05:00,5,12,360,23.91,0,0,9.8,73.44,0
26-12-2025 06:00,6,12,360,21.39,0,0,12.93,59.79,0
26-12-2025 07:00,7,12,360,24.92,210.45,158.01,13.28,61.44,17.74
26-12-2025 08:00,8,12,360,54.56,295.4,134.22,15.46,60.65,22.79
26-12-2025 09:00,9,12,360,26.62,565.92,415.26,20.73,58.95,45.41
26-12-2025 10:00,10,12,360,9.31,805.57,730.59,22.38,66.85,63.6
26-12-2025 11:00,11,12,360,16.76,844.48,702.9,27.98,66.65,65.4
26-12-2025 12:00,12,12,360,54.11,594.19,272.68,29.99,49.18,44.37
26-12-2025 13:00,13,12,360,28.18,761.75,547.06,29.26,60.11,59.37
26-12-2025 14:00,14,12,360,15.1,767.96,652,25.73,48.99,59.94
26-12-2025 15:00,15,12,360,40.95,489.93,289.29,32.46,57.79,37.06
26-12-2025 16:00,16,12,360,43.83,335.62,188.5,32.56,58.08,25.24
26-12-2025 17:00,17,12,360,26.92,206.57,150.97,24.45,59.8,17.79
26-12-2025 18:00,18,12,360,75.49,0,0,24.83,50.09,0.01
26-12-2025 19:00,19,12,360,26.52,0,0,27.79,57.46,0
26-12-2025 20:00,20,12,360,50.43,0,0,20.29,55.06,0
26-12-2025 21:00,21,12,360,31.8,0,0,17.91,65.86,0
26-12-2025 22:00,22,12,360,40.05,0,0,17.41,62.28,0
26-12-2025 23:00,23,12,360,0,0,0,16.06,57.13,0
27-12-2025 00:00,0,12,361,31.34,0,0,15.5,54.85,0
27-12-2025 01:00,1,12,361,36.76,0,0,10.06,66.34,0
27-12-2025 02:00,2,12,361,62.49,0,0,10.86,66.07,0
27-12-2025 03:00,3,12,361,21,0,0,11.5,56.06,0
27-12-2025 04:00,4,12,361,62.11,0,0,7.96,64.18,0
27-12-2025 05:00,5,12,361,5.55,0,0,11.29,57.82,0
27-12-2025 06:00,6,12,361,30.37,0,0,17.01,67.64,0
27-12-2025 07:00,7,12,361,21.69,216.71,169.69,11.06,73.47,18.89
27-12-2025 08:00,8,12,361,47.92,320.29,166.8,15.62,68.16,23.97
27-12-2025 09:00,9,12,361,56.81,405.82,175.26,21.43,55.87,32.58
27-12-2025 10:00,10,12,361,27.18,689.46,502.03,24.29,60.54,54.11
27-12-2025 11:00,11,12,361,14.37,861.83,737.99,22.88,61.94,69.37
27-12-2025 12:00,12,12,361,21.4,839.53,659.9,28.07,56.24,68.13
27-12-2025 13:00,13,12,361,13.02,871.62,758.15,29.63,50.77,66.71
27-12-2025 14:00,14,12,361,41.4,597.1,349.88,28.23,57.6,47.31
27-12-2025 15:00,15,12,361,0,707.11,707.11,29.76,48.44,55.17
27-12-2025 16:00,16,12,361,55.82,290.68,128.42,28.38,54.61,22.43
27-12-2025 17:00,17,12,361,32.82,195.12,131.09,30.15,45.95,13.99
27-12-2025 18:00,18,12,361,62.29,0,0,33.34,57.82,0.41
27-12-2025 19:00,19,12,361,35.61,0,0,29.2,49.4,0
27-12-2025 20:00,20,12,361,22.23,0,0,22.37,58.13,0
27-12-2025 21:00,21,12,361,77.48,0,0,19.61,62.55,0
27-12-2025 22:00,22,12,361,36.3,0,0,16.2,69.14,0
27-12-2025 23:00,23,12,361,49.32,0,0,16.3,58.24,0
28-12-2025 00:00,0,12,362,32.59,0,0,12.84,64.2,0
28-12-2025 01:00,1,12,362,25.72,0,0,12.29,63.2,0
28-12-2025 02:00,2,12,362,16.93,0,0,10.12,59.19,0
28-12-2025 03:00,3,12,362,53.33,0,0,10.43,71.56,0
28-12-2025 04:00,4,12,362,33.63,0,0,13.01,63.7,0
28-12-2025 05:00,5,12,362,14.57,0,0,13.33,65.7,0
28-12-2025 06:00,6,12,362,9.57,0,0,13.28,68.64,0
28-12-2025 07:00,7,12,362,19.3,221.36,178.64,13.74,66.21,17.05
28-12-2025 08:00,8,12,362,48.48,318.22,163.96,17.81,58.24,24.34
28-12-2025 09:00,9,12,362,9.95,654.35,589.26,22.74,53.07,54.41
28-12-2025 10:00,10,12,362,23.59,712.81,544.67,21.93,59.67,58.05
28-12-2025 11:00,11,12,362,41.29,666.77,391.43,25.04,55.91,52.83
28-12-2025 12:00,12,12,362,39.23,705.77,428.9,25.8,59.37,57.48
28-12-2025 13:00,13,12,362,4.53,933.11,890.83,29.44,61.56,75.02
28-12-2025 14:00,14,12,362,0,866.03,866.03,25.39,56.51,67.94
28-12-2025 15:00,15,12,362,34.97,521.63,339.19,32.35,47.08,40.19
28-12-2025 16:00,16,12,362,63.7,261.14,94.81,29.05,49.62,19.09
28-12-2025 17:00,17,12,362,43.34,174.68,98.97,28.76,59.07,15.07
28-12-2025 18:00,18,12,362,32.96,0,0,26.72,49.09,0
28-12-2025 19:00,19,12,362,23.26,0,0,26.72,55.13,0
28-12-2025 20:00,20,12,362,50.62,0,0,24.53,61.02,0
28-12-2025 21:00,21,12,362,34.39,0,0,21.61,54.78,0
28-12-2025 22:00,22,12,362,8.53,0,0,19.41,65.55,0
28-12-2025 23:00,23,12,362,41.29,0,0,14.7,67.25,0
29-12-2025 00:00,0,12,363,13.46,0,0,12.79,65.4,0
29-12-2025 01:00,1,12,363,41.25,0,0,8.82,62.04,0
29-12-2025 02:00,2,12,363,27.22,0,0,13.64,64.22,0
29-12-2025 03:00,3,12,363,13.56,0,0,4.61,58.39,0
29-12-2025 04:00,4,12,363,47.22,0,0,11.38,70.93,0
29-12-2025 05:00,5,12,363,24.51,0,0,9.37,68.05,0
29-12-2025 06:00,6,12,363,0.93,0,0,12.09,59.85,0
29-12-2025 07:00,7,12,363,57.43,147.34,62.72,14.13,60.22,10.18
29-12-2025 08:00,8,12,363,48.17,319.35,165.51,18.52,62.37,26.01
29-12-2025 09:00,9,12,363,0,707.11,707.11,19.75,62.76,58.04
29-12-2025 10:00,10,12,363,38.73,614.48,376.5,21.81,60.2,49.74
29-12-2025 11:00,11,12,363,12.95,872.08,759.11,23.97,61.02,71.05
29-12-2025 12:00,12,12,363,32.02,759.84,516.53,31.39,54.89,57.4
29-12-2025 13:00,13,12,363,8.65,903.24,825.08,27.37,53.52,70.15
29-12-2025 14:00,14,12,363,23.72,711.99,543.14,31.95,53.42,56.46
29-12-2025 15:00,15,12,363,8.35,662.84,607.51,29.93,52.49,52.81
29-12-2025 16:00,16,12,363,40.64,347.59,206.33,32.61,56.3,27.02
29-12-2025 17:00,17,12,363,70.47,122.02,36.03,24.21,68.39,10.49
29-12-2025 18:00,18,12,363,38.26,0,0,30.23,66.4,0.06
29-12-2025 19:00,19,12,363,55.69,0,0,23.52,62.7,0
29-12-2025 20:00,20,12,363,30.06,0,0,23.12,52.03,0
29-12-2025 21:00,21,12,363,31.76,0,0,19.56,52.96,0
29-12-2025 22:00,22,12,363,70.7,0,0,14.23,63.57,0
29-12-2025 23:00,23,12,363,27.02,0,0,16.21,67.56,0
30-12-2025 00:00,0,12,364,53.34,0,0,14.13,69.36,0
30-12-2025 01:00,1,12,364,32.72,0,0,9.33,66.95,0
30-12-2025 02:00,2,12,364,66.09,0,0,12.13,69.14,0
30-12-2025 03:00,3,12,364,22.57,0,0,12.44,64.49,0
30-12-2025 04:00,4,12,364,22.8,0,0,11.92,66.97,0
30-12-2025 05:00,5,12,364,43.55,0,0,12.15,61.94,0
30-12-2025 06:00,6,12,364,39.67,0,0,12.86,62.81,0
30-12-2025 07:00,7,12,364,17.7,224.47,184.75,15.06,61.68,19.01
30-12-2025 08:00,8,12,364,18.41,430.97,351.64,14.5,69,34.48
30-12-2025 09:00,9,12,364,54.45,418.37,190.58,20.68,67.48,33.24
30-12-2025 10:00,10,12,364,22.94,717,552.5,26.82,54.38,56.78
30-12-2025 11:00,11,12,364,25.43,781.68,582.88,27.48,55.55,60.78
30-12-2025 12:00,12,12,364,0.02,999.84,999.63,26.49,50.4,77.45
30-12-2025 13:00,13,12,364,25.31,782.58,584.52,28.4,53.93,60.3
30-12-2025 14:00,14,12,364,19.07,742.18,600.66,31.02,56.92,57.16
30-12-2025 15:00,15,12,364,5.23,679.38,643.86,28.37,59.42,51.55
30-12-2025 16:00,16,12,364,19.99,425.04,340.07,30.01,55.37,31.51
30-12-2025 17:00,17,12,364,22.21,215.7,167.79,30.41,56.38,16.69
30-12-2025 18:00,18,12,364,53.22,0,0,27.46,63.9,0.04
30-12-2025 19:00,19,12,364,35.05,0,0,24.52,58.07,0
30-12-2025 20:00,20,12,364,56.62,0,0,22.85,57.45,0
30-12-2025 21:00,21,12,364,43.58,0,0,18.38,64.73,0
30-12-2025 22:00,22,12,364,14.71,0,0,18.96,62.98,0
30-12-2025 23:00,23,12,364,75.73,0,0,16.04,62.47,0
31-12-2025 00:00,0,12,365,45.6,0,0,12.63,58.16,0
31-12-2025 01:00,1,12,365,54.6,0,0,11.02,71.93,0
31-12-2025 02:00,2,12,365,44.19,0,0,13.23,64.46,0
31-12-2025 03:00,3,12,365,23.85,0,0,11.07,52.65,0
31-12-2025 04:00,4,12,365,21.21,0,0,8.78,68.99,0
31-12-2025 05:00,5,12,365,50.44,0,0,11.5,70.26,0
31-12-2025 06:00,6,12,365,47.84,0,0,15.53,55.42,0
31-12-2025 07:00,7,12,365,26.6,207.19,152.08,16.35,62.71,15.71
31-12-2025 08:00,8,12,365,14.22,446.67,383.15,19.4,61.4,35.41
31-12-2025 09:00,9,12,365,46.4,461.04,247.12,19.26,64.77,35.38
31-12-2025 10:00,10,12,365,26.77,692.17,506.9,21.91,59.51,55.05
31-12-2025 11:00,11,12,365,38.77,685.08,419.49,24.38,66.83,55.48
31-12-2025 12:00,12,12,365,40.08,699.43,419.13,28.08,54.94,55.54
31-12-2025 13:00,13,12,365,37.52,694.13,433.71,26.16,53.49,54.15
31-12-2025 14:00,14,12,365,3.56,842.9,812.89,28.12,54.47,66.93
31-12-2025 15:00,15,12,365,0,707.11,707.11,30.47,51.18,54.77
31-12-2025 16:00,16,12,365,37.72,358.55,223.31,30.29,46.33,27.9
31-12-2025 17:00,17,12,365,30.77,199.09,137.84,27.79,48.62,16.23
31-12-2025 18:00,18,12,365,45.16,0,0,24.47,55.86,0.16
31-12-2025 19:00,19,12,365,39.07,0,0,24.11,68.38,0
31-12-2025 20:00,20,12,365,31.82,0,0,21.21,55.57,0
31-12-2025 21:00,21,12,365,32.19,0,0,18.35,63.52,0
31-12-2025 22:00,22,12,365,22.11,0,0,15.51,66.83,0
31-12-2025 23:00,23,12,365,33.81,0,0,17.46,71.71,0
